place_name,address,review_author,review_text,review_rating,review_date,google_id
Ragey Von Von,,Jerry D,sup brenebon makan nov tampil dapa lihat bujang sup brenebon tidak makan,4,11/15/2025 02:37:38,ChIJU6vnbhFthzIRj7_7m-LW7fA
Ragey Von Von,,KKH,kunjung atribut legendaris tinggal kecewa brenebon tidak tawar pria tidak patah orang kasir tidak ambil peran daging babi enak belum lengkap tanpa sup,4,11/14/2025 09:15:32,ChIJU6vnbhFthzIRj7_7m-LW7fA
Ragey Von Von,,Go Dive Indonesia,legendaris makan sate rageybabi manado hindar jam makan siang makan malam cari parkir rumit makan enak brenebon tumis kangkung star ragey sate babi manis,5,11/11/2025 06:35:49,ChIJU6vnbhFthzIRj7_7m-LW7fA
Ragey Von Von,,Djohanes Sitompul123,lezat ragey lumer lidah,5,10/31/2025 02:52:05,ChIJU6vnbhFthzIRj7_7m-LW7fA
Ragey Von Von,,Maureen Mandagie,ragey enak sate manis harga sesuai lagiada nasi bungkus sop brenebon tidak pulang kampung obat mujarab rindu kuliner nonhalal jarang temu jakarta layan ramah cepat,5,10/19/2025 03:02:06,ChIJU6vnbhFthzIRj7_7m-LW7fA
Ragey Von Von,,Verenica Mangundap,harga kwintal dasar pncucu ragey kangkung hitam pliss tidak worthit,1,09/23/2025 10:21:26,ChIJU6vnbhFthzIRj7_7m-LW7fA
Ragey Von Von,,Joel Abednego,marah baik tomohon asap gurih lembut rendam malam bakar arang asli saji nasi panas kangkung bau bawang putin sambal buat pas porsi mimpi tempat tidak mewah bangku plastik panggang buka obrol lokal inti makan jujur berani tak lupa bukan dekorasi harga bukan murah gigit harga tidak bayar lapis suasana bayar lekat tomohon lewat acau bintang tidak catat pergi,5,09/20/2025 16:21:57,ChIJU6vnbhFthzIRj7_7m-LW7fA
Ragey Von Von,,Farensi Venrica,kali coba kcwa si ddtg sore fruk belum malam bru saji buruk bgtu rb porsi bru nya sayor asam nasi dingin mmg pesan bgmna kah ekspektasi makan bukan tidak bli lenkali klo kualitas produk tidak layak jangan jual manusiaaa bukan hewan hewan kasih makan bagus saji customer yg jelek bgni tolong tim resto evaluasi org dapur trkait service excellent nya jgn perhati jual bru tidak perhati puas langgan aplgi restoran bukan toko sembako,1,09/16/2025 17:23:49,ChIJU6vnbhFthzIRj7_7m-LW7fA
Ragey Von Von,,Junaidy Weken,buruk dluan order sdh bayar byk yg layan kurang jam tunggu bilang habis,1,09/05/2025 11:13:57,ChIJU6vnbhFthzIRj7_7m-LW7fA
Ragey Von Von,,lily pijoh,cita rageynya tidak ubah enak yg praktis krn mkn mobil,5,07/13/2025 23:43:44,ChIJU6vnbhFthzIRj7_7m-LW7fA
Ragey Von Von,,Alfredo Hrv,rageynya enak lumayan mahal,5,07/06/2025 14:15:41,ChIJU6vnbhFthzIRj7_7m-LW7fA
Ragey Von Von,,Puput Loong,rageynya daging babi lembut kulit gigit kunyah mudah opsi makan menu babi yg sulit tolak pergi tomohon,5,07/04/2025 02:23:13,ChIJU6vnbhFthzIRj7_7m-LW7fA
Ragey Von Von,,harianto wardoyo,coba ragey nya enak,5,06/23/2025 02:17:33,ChIJU6vnbhFthzIRj7_7m-LW7fA
Ragey Von Von,,Daniel Judah,tidak ragu baik makan ragey kawasan tomohon rageynya renyah enak ragey sungguh takjub buka malam muas lapar malam marah milik parkir tempat tidak ramai malam,5,06/03/2025 09:23:01,ChIJU6vnbhFthzIRj7_7m-LW7fA
Ragey Von Von,,Mike S,legenda adanyaini seru kawasan tomohon kedai ragey dekat von von tawar daging potong empuk lambat habis sup brenebon serta set coba item ragey baik air montok aroma sate daging empuk aroma piring kangkung lengkap bunga pepaya tambah cita makan layan orang tua layan layan duduk kursi kasir main game abai minta,5,05/20/2025 03:45:57,ChIJU6vnbhFthzIRj7_7m-LW7fA
Ragey Von Von,,Eko Hindarijanto,bayar kasir tidak perinci harga porsi struk bayar yg baik tamu yg habis makan persis harga makan yg pes kasir kurang supel,5,05/17/2025 12:43:12,ChIJU6vnbhFthzIRj7_7m-LW7fA
Ragey Von Von,,Rizky,tidak ka kalo nya service kasir beking org gula nae da bingung main ml laku customer dgn da tumpang makan harga langit service dgn langsung ilang makan klo tidak hujan tidak ba singgah,1,05/01/2025 12:55:44,ChIJU6vnbhFthzIRj7_7m-LW7fA
Ragey Von Von,,Fer sam,makan enak harga lumayan mahal enak tidak,4,04/17/2025 08:54:19,ChIJU6vnbhFthzIRj7_7m-LW7fA
Ragey Von Von,,Rizaldy Diamanis,ragey nasi bungkus total rp makan siang jam tanggal feb,1,02/23/2025 17:10:51,ChIJU6vnbhFthzIRj7_7m-LW7fA
Ragey Von Von,,Sky Phoa,ragey vonvon saji sate babi khas minahasa otentik tekstur daging juicy bumbu resap sempurna harga golong mahal porsi cocok cinta kuliner tradisional,4,01/26/2025 13:14:45,ChIJU6vnbhFthzIRj7_7m-LW7fA
Ragey Von Von,,Arinda Pramesti,ragey nya enak sate manis nya enak,5,01/16/2025 00:43:52,ChIJU6vnbhFthzIRj7_7m-LW7fA
Ragey Von Von,,Ale Vlog,rumah makan non halal menu utama ragey sate manis rageynya enak daging empuk gurih sambalricanya pas sate manis lumayan daging empuk cuman bumbu ketumbar kurang overall sate enak paket sataragey sayur kangkungbrenebon nasi bungkus biji hrg paket rb mahal sih suasana restonya bersih rame kalo byk org susah parkir klo mkn ragey sy rekom krn sy coba tpt von von cita sendiri,4,12/30/2024 13:09:07,ChIJU6vnbhFthzIRj7_7m-LW7fA
Ragey Von Von,,Joell Tapilatu,sedia obat magh tunggu pesan jam layan tidak ramah,1,12/27/2024 08:05:21,ChIJU6vnbhFthzIRj7_7m-LW7fA
Ragey Von Von,,Qyu 16,makan aneka daging babi olah menu ayam ikan sayur pkknya enak,5,12/17/2024 14:25:58,ChIJU6vnbhFthzIRj7_7m-LW7fA
Ragey Von Von,,vhalent aja,moga kesana ya,5,12/12/2024 10:09:21,ChIJU6vnbhFthzIRj7_7m-LW7fA
Ragey Von Von,,Gabriel Mactavish,enak tutup buka tidak tentu ragey enak tomohon,4,11/19/2024 05:53:26,ChIJU6vnbhFthzIRj7_7m-LW7fA
Ragey Von Von,,Meisy Kamalaheng,enak makan terima kasih,5,11/02/2024 10:59:45,ChIJU6vnbhFthzIRj7_7m-LW7fA
Mie Gacoan Bitung - W. Maramis,,Bora Yoto,enak ramah layan nya nyaman,5,01/30/2026 06:53:15,ChIJpZ51GwABhzIRrF_RET7YuRY
Mie Gacoan Bitung - W. Maramis,,Joyne Joyne,nyaman enak,5,01/30/2026 06:53:05,ChIJpZ51GwABhzIRrF_RET7YuRY
Mie Gacoan Bitung - W. Maramis,,Mohamad Rafly,layan yg bagus,5,01/29/2026 12:49:07,ChIJpZ51GwABhzIRrF_RET7YuRY
Mie Gacoan Bitung - W. Maramis,,Maryam muhammad,ramah hati,5,01/29/2026 03:57:57,ChIJpZ51GwABhzIRrF_RET7YuRY
Mie Gacoan Bitung - W. Maramis,,Anisa Thalib,tingkat yg pesan krna pesan ice tea tidak manis komplain cmn blng tidak ksih tau sdh tau takar,2,01/29/2026 00:01:26,ChIJpZ51GwABhzIRrF_RET7YuRY
Mie Gacoan Bitung - W. Maramis,,Aiman Syafii,es teh tidak kasih gula nohh,1,01/28/2026 15:24:29,ChIJpZ51GwABhzIRrF_RET7YuRY
Mie Gacoan Bitung - W. Maramis,,Efar Geys,layan mksih ebi husain,5,01/28/2026 13:15:43,ChIJpZ51GwABhzIRrF_RET7YuRY
Mie Gacoan Bitung - W. Maramis,,Heri Darkk,enak,5,01/28/2026 13:13:57,ChIJpZ51GwABhzIRrF_RET7YuRY
Mie Gacoan Bitung - W. Maramis,,Virginia Lengkey,enak nyaman,5,01/28/2026 06:56:00,ChIJpZ51GwABhzIRrF_RET7YuRY
Mie Gacoan Bitung - W. Maramis,,Afika Nuryansyah,pelayananya ramah,5,01/28/2026 06:23:04,ChIJpZ51GwABhzIRrF_RET7YuRY
Mie Gacoan Bitung - W. Maramis,,Kartika Puri montu,layan ramah makan enak cepat,5,01/27/2026 13:15:52,ChIJpZ51GwABhzIRrF_RET7YuRY
Mie Gacoan Bitung - W. Maramis,,Julia Noviati R. Dako,makan enak cepat praktis,5,01/27/2026 13:05:08,ChIJpZ51GwABhzIRrF_RET7YuRY
Mie Gacoan Bitung - W. Maramis,,Nabila Hasan,layan nya ramah,5,01/27/2026 12:56:44,ChIJpZ51GwABhzIRrF_RET7YuRY
tuna house Paniki,,Jitro Behuku,restoran buruk layan jam makan rahang tuna nya gatal mulut karyawannya pelan tidak profesional,1,12/24/2025 06:01:57,ChIJo7XwroeghzIRzna5F6f4DPg
tuna house Paniki,,Winda Purnomo Puteri,layan buruk nunggu jam makan tidak dateng orang yg layan duluan perna pesan rahang tuna busuk gatal pas bilang ganti bakar disajiin kecewa,1,12/24/2025 05:57:57,ChIJo7XwroeghzIRzna5F6f4DPg
tuna house Paniki,,sony cheristanto,coba makan tuna woku sedap bumbu rempah pas mantap,5,12/16/2025 13:02:43,ChIJo7XwroeghzIRzna5F6f4DPg
tuna house Paniki,,kayla alexandra and mochi,pesan ubi rebus diet tidak makan nasi ubi rebus pergi taruh gula putih dnkso tidak ubi manis gula putih iniato versi pake gula deng ori,1,12/14/2025 05:29:52,ChIJo7XwroeghzIRzna5F6f4DPg
tuna house Paniki,,Ervina Ahyudanari,i ordered nasi goreng tuna,4,11/29/2025 11:55:17,ChIJo7XwroeghzIRzna5F6f4DPg
tuna house Paniki,,May Bee,bener tunaaaaa sempurna enak,5,11/01/2025 06:46:04,ChIJo7XwroeghzIRzna5F6f4DPg
tuna house Paniki,,Diio Diio,layan yg istimewa makas,5,10/22/2025 14:33:04,ChIJo7XwroeghzIRzna5F6f4DPg
tuna house Paniki,,Jeremy Rondonuwu,senang pikir lauk pauk kangkung cah oke enak harga saji nasi,4,10/20/2025 13:31:06,ChIJo7XwroeghzIRzna5F6f4DPg
tuna house Paniki,,fajar ramadhan,tuna nya tidak mengecewakantermasuk tuna sashimi,4,10/14/2025 11:34:05,ChIJo7XwroeghzIRzna5F6f4DPg
tuna house Paniki,,Sultan Alrumaithi,makan tidak segar ikan bau the food is not fresh and the fish smells rotten very bad experience,1,10/09/2025 05:25:39,ChIJo7XwroeghzIRzna5F6f4DPg
tuna house Paniki,,Arianto Afgan,tuna house paniki manado tawar alam kuliner unik menumenu tuna lezat restoran milik cabang manado paniki mapanget boulevard karangria tuminting kawasan mega mas tikala,5,09/30/2025 07:53:02,ChIJo7XwroeghzIRzna5F6f4DPg
tuna house Paniki,,Hirohito Stevie Punuh (Itho),lumayan mohon baik kerjasama gofood kena bingung trims,5,09/13/2025 11:17:38,ChIJo7XwroeghzIRzna5F6f4DPg
tuna house Paniki,,Andi Siti Fatimah,suasana nyaman layan lumayan sayang ikan tuna kurang segar pilih batas sayang judul tuna house,4,09/09/2025 14:39:14,ChIJo7XwroeghzIRzna5F6f4DPg
tuna house Paniki,,Lucy Eni,tidak mampir kota manado sayang makan khas manado lezat unik sungguh tidak lupa tuna rahang urat tuna bumbu saji sambal nikmat nyaman bersih,5,08/27/2025 02:37:31,ChIJo7XwroeghzIRzna5F6f4DPg
tuna house Paniki,,Feria Masnduli,tuna enak bakwan jagung jg gurih harga jangkau,5,08/08/2025 05:41:29,ChIJo7XwroeghzIRzna5F6f4DPg
tuna house Paniki,,Firdausi Samudro,nyaman enak puas makan sambal rica dabudabu sayur kangkung cocok segar cocok makan keluarga rekan kerja thanks,5,07/06/2025 13:05:38,ChIJo7XwroeghzIRzna5F6f4DPg
tuna house Paniki,,Budi Inayatno,enak makan woku rahang tuna fresh layan cepat,5,06/25/2025 08:20:07,ChIJo7XwroeghzIRzna5F6f4DPg
tuna house Paniki,,mithajuly rosenberg,maaf banget nih weekdays byk makan kosong paket mujairnasgor ckalangayam goreng mentegasaos mentega ny tolong yaa stock makan ny perbyk,2,06/16/2025 06:25:54,ChIJo7XwroeghzIRzna5F6f4DPg
tuna house Paniki,,Tony Lie,makan kakak ramah tempat nyaman cocok bawa anak trus gk udh makan menit suka bakar manis cakep tunas house yg jakarta harga lbh murah,5,05/28/2025 00:58:08,ChIJo7XwroeghzIRzna5F6f4DPg
tuna house Paniki,,Arthur Mawuntu,makan enak pilih makan sehat tuna tendon sangrai tingkat sesuai cita harga shasimi murah,4,05/20/2025 15:45:44,ChIJo7XwroeghzIRzna5F6f4DPg
tuna house Paniki,,Sidney Chua,tuna segar enak layan dasar makan berangkat tuna bagus duduk lokal nonlokal bersih,4,05/11/2025 10:33:58,ChIJo7XwroeghzIRzna5F6f4DPg
tuna house Paniki,,Yudi Soesanto,kualitas makan tidak konsisten ikan tuna sempat tidak segar,2,04/27/2025 18:58:43,ChIJo7XwroeghzIRzna5F6f4DPg
tuna house Paniki,,GR F,kesini april sen rahang tuna bakar rica rica perkedel nike perkedel milu makan enak porsi makan,5,04/23/2025 07:52:31,ChIJo7XwroeghzIRzna5F6f4DPg
tuna house Paniki,,Femi Hertanti,rahang tunadada tunai nikesemua enak,5,02/11/2025 14:14:16,ChIJo7XwroeghzIRzna5F6f4DPg
tuna house Paniki,,Abie Ariyo Dandoro,bagus makan tuna coba sate tuna enak nasi goreng enak,5,01/21/2025 06:10:55,ChIJo7XwroeghzIRzna5F6f4DPg
tuna house Paniki,,Chan Kia,makan bagus kalah staff banya nongkrong dapur konsumen musti area kasir tuk butuh,4,01/20/2025 00:02:50,ChIJo7XwroeghzIRzna5F6f4DPg
tuna house Paniki,,Dicky Agus Setiyawan,makan enak banget cuman porsi oke layan ok suasana ok,5,01/19/2025 07:55:15,ChIJo7XwroeghzIRzna5F6f4DPg
tuna house Paniki,,Erick Bawelle,layan suasana oke tuna tidak seprti pesan paket kosong tpi,4,01/16/2025 08:52:16,ChIJo7XwroeghzIRzna5F6f4DPg
Rm. Heng Mien,,Cherryl Gonibala,minahasa food makan puas mantul,5,01/22/2026 17:08:24,ChIJTy9LIpFyhzIRHTAUDr0uUi0
Rm. Heng Mien,,edwinpll,makan sampe puas makan enak harga yabg jangkau,4,12/03/2025 13:09:30,ChIJTy9LIpFyhzIRHTAUDr0uUi0
Rm. Heng Mien,,Zzz,harga rb ambil puas dpa sate menu babi ayam enak pkknya blh tamba tamba,5,11/23/2025 23:19:57,ChIJTy9LIpFyhzIRHTAUDr0uUi0
Rm. Heng Mien,,Jerry D,siang makan malam makan menu nya kurang,4,11/15/2025 02:39:10,ChIJTy9LIpFyhzIRHTAUDr0uUi0
Rm. Heng Mien,,Priska Tuparia,makan enak mostly menu ituitu aja luas sejuk cocok yg makan jangkau bebas nambah pilih byk menu,5,10/25/2025 12:26:39,ChIJTy9LIpFyhzIRHTAUDr0uUi0
Rm. Heng Mien,,Drew,lokasi strategis layan all you can eat makan minahasa pilih menu variasi,5,10/12/2025 16:16:52,ChIJTy9LIpFyhzIRHTAUDr0uUi0
Rm. Heng Mien,,Immanuel Tungka,makan siang bareng istri suasana enak menu enak,4,10/08/2025 22:06:31,ChIJTy9LIpFyhzIRHTAUDr0uUi0
Rm. Heng Mien,,Henrix Kaunang,menu makan beda tidak dlu makan mas enak harga jangkau,5,09/11/2025 15:06:27,ChIJTy9LIpFyhzIRHTAUDr0uUi0
Rm. Heng Mien,,nadjlk ndz,bahaya lintas kendara,1,08/26/2025 12:36:48,ChIJTy9LIpFyhzIRHTAUDr0uUi0
Rm. Heng Mien,,marphon wowiling,menu tinggal tambah varian ya,4,08/23/2025 20:28:17,ChIJTy9LIpFyhzIRHTAUDr0uUi0
Rm. Heng Mien,,lily pijoh,makan khas minahasamakan puas anak umur atas hitung orang dewasa hitung orang anak umur hitung harga orang ribu,4,07/20/2025 21:21:51,ChIJTy9LIpFyhzIRHTAUDr0uUi0
Rm. Heng Mien,,Frangky Sveizen Tjiang,makan puas makan enak sate babi enak harga rb tusuk,5,07/11/2025 05:19:28,ChIJTy9LIpFyhzIRHTAUDr0uUi0
Rm. Heng Mien,,Jajan Nyok,rumah makan konsep all you can eat versi masakan minahasa menu kalo makan daftar dlu kasi piring ambil ya nasi sayur daging sop menu nya nonhalal makan dua bayar ribu botol air mineral,4,07/07/2025 06:51:52,ChIJTy9LIpFyhzIRHTAUDr0uUi0
Rm. Heng Mien,,Albert Tambariki,nyaman makan,5,06/24/2025 13:00:11,ChIJTy9LIpFyhzIRHTAUDr0uUi0
Rm. Heng Mien,,Winston D,temu lalat mati sup kacang merah memberitahukan kasir tidak terima maaf bayar penuh,1,06/07/2025 11:17:22,ChIJTy9LIpFyhzIRHTAUDr0uUi0
Rm. Heng Mien,,Johan Myway,masakan minahasa makan puas,4,05/29/2025 08:45:40,ChIJTy9LIpFyhzIRHTAUDr0uUi0
Rm. Heng Mien,,Bravo Vermeulen,bagus makan sayang gedung bakar,5,01/30/2025 15:16:00,ChIJTy9LIpFyhzIRHTAUDr0uUi0
Rm. Heng Mien,,j budianto surya,makan enak nyaman,4,01/17/2025 07:49:24,ChIJTy9LIpFyhzIRHTAUDr0uUi0
Rm. Heng Mien,,Roy Kupo,rumah makan konsep all you can it versi minahasa menu terong saus telur telur saus jantung pisang ayam kari ayam rica mujair woku sayur tumis laksa sup sup brenebon ikan asam manis sambal goreng renga perkedel jagungpangi loba pepaya bulu babi rica menu enak menu rporangppn,4,01/16/2025 04:18:04,ChIJTy9LIpFyhzIRHTAUDr0uUi0
Rm. Heng Mien,,Daniel Van Gulla,istirahat bagus,5,01/14/2025 11:09:29,ChIJTy9LIpFyhzIRHTAUDr0uUi0
Rm. Heng Mien,,firgina eklesia,makan suka system coba jenis makan tawar harga golong affordable makan sayur jantung pisang favorite layan cepat ramah moga kunjung,5,01/12/2025 05:47:59,ChIJTy9LIpFyhzIRHTAUDr0uUi0
Rm. Heng Mien,,Petrus J Yaenuri,khusus non muslim ya makan khas minahasa,5,10/11/2024 12:39:32,ChIJTy9LIpFyhzIRHTAUDr0uUi0
Rm. Heng Mien,,Sir David,makan legendaris sistem all you can eat ber kemarin sekitar rb makan teh sate ayam renga mantap,4,10/02/2024 02:56:57,ChIJTy9LIpFyhzIRHTAUDr0uUi0
Rm. Heng Mien,,Alfred Kompudu,restoran baik area program makan puas harga ekonomis makan enak senang tingkat layan keramahtamahannya,5,08/16/2024 07:13:14,ChIJTy9LIpFyhzIRHTAUDr0uUi0
Rm. Heng Mien,,Seyes Orain,tidak efektif,3,08/12/2024 04:39:48,ChIJTy9LIpFyhzIRHTAUDr0uUi0
favehotel Bitung,,Rio Alvyrani,hotel bagus view kota bitung kamar mandi bersih layan bagus,5,01/30/2026 22:45:20,ChIJo_5eBjMBhzIROr56-XGuoLI
favehotel Bitung,,Maria Chandra,nyaman dech pokokx layan ramah,5,01/29/2026 00:53:36,ChIJo_5eBjMBhzIROr56-XGuoLI
favehotel Bitung,,Aldo Integrale,layan bagus lokasi strategis,5,01/28/2026 23:48:06,ChIJo_5eBjMBhzIROr56-XGuoLI
favehotel Bitung,,Rahmad Sigit,hotel sepi,5,01/27/2026 23:58:59,ChIJo_5eBjMBhzIROr56-XGuoLI
favehotel Bitung,,Satrio Musyaffa,nyaman tidur,5,01/27/2026 23:56:18,ChIJo_5eBjMBhzIROr56-XGuoLI
favehotel Bitung,,Patria Utama,mantap layan bagus,5,01/27/2026 00:00:30,ChIJo_5eBjMBhzIROr56-XGuoLI
favehotel Bitung,,Emma Batty,checkin check out layan kamar indah bersih milik shower air panas persis pesan online,5,01/25/2026 23:12:44,ChIJo_5eBjMBhzIROr56-XGuoLI
favehotel Bitung,,Hayrini Gailea,favehotel hotel pusat kota bitung mudah akses layan bersih fasilitas dukung kolam jgn takut bosan klo nginap sini,5,01/24/2026 02:30:46,ChIJo_5eBjMBhzIROr56-XGuoLI
favehotel Bitung,,wanda andriwiz,inap malam booking hotel via traveloka overall bagus amenities lengkap kalo tambah shower cap mantap inap kamar lantai kamar oke cuman selang semprot air tekan msh kurang kencang,4,01/24/2026 00:45:16,ChIJo_5eBjMBhzIROr56-XGuoLI
favehotel Bitung,,marcmilya kezia roring,staff ramah kamar bersih recomended,5,01/24/2026 00:10:41,ChIJo_5eBjMBhzIROr56-XGuoLI
favehotel Bitung,,Bao,nyaman bersih nilai uang tidak dua,5,01/23/2026 01:25:27,ChIJo_5eBjMBhzIROr56-XGuoLI
favehotel Bitung,,Salim Murdi,strategispelayannan muas utk sarap sdh maju,5,01/23/2026 00:48:41,ChIJo_5eBjMBhzIROr56-XGuoLI
favehotel Bitung,,Sarah Diana Yulianti,wifi nya oke kamar bersih makan enak menu lokal ayam tinorangsak garo dll,5,01/22/2026 00:18:19,ChIJo_5eBjMBhzIROr56-XGuoLI
favehotel Bitung,,Ferdinand Rumangu,deposit ribu utk check in voucher yg terbit tidak pemberitahuan perihal yg rugi konsumen tidak check in,1,01/21/2026 11:09:39,ChIJo_5eBjMBhzIROr56-XGuoLI
favehotel Bitung,,Yosua Wenas,hotel usaha baik layan baik,5,01/21/2026 00:00:29,ChIJo_5eBjMBhzIROr56-XGuoLI
favehotel Bitung,,RICKY MUROS,layan kamar,3,01/20/2026 23:46:12,ChIJo_5eBjMBhzIROr56-XGuoLI
favehotel Bitung,,Devi Papia,ikut giat inap hotel fasilitas layan,5,01/19/2026 23:08:18,ChIJo_5eBjMBhzIROr56-XGuoLI
favehotel Bitung,,Choiril Mahmudi Mahmudi,lokasi bagus mana mudah,5,01/19/2026 04:17:48,ChIJo_5eBjMBhzIROr56-XGuoLI
favehotel Bitung,,Gee Ramdhann,inap hotel nyamandan ok,3,01/16/2026 00:44:10,ChIJo_5eBjMBhzIROr56-XGuoLI
favehotel Bitung,,Fahmi Schu,kali giat kantor hotel layan ruang giat bersih rapih staff rama,5,01/14/2026 00:23:50,ChIJo_5eBjMBhzIROr56-XGuoLI
favehotel Bitung,,Slametto Slametto,layan nyaman,5,01/13/2026 23:37:19,ChIJo_5eBjMBhzIROr56-XGuoLI
favehotel Bitung,,romi zulkarnain,layan nya mantep makan worth it best,5,01/12/2026 23:31:35,ChIJo_5eBjMBhzIROr56-XGuoLI
favehotel Bitung,,Sinta Ussu,layan nya bagus,5,01/12/2026 01:32:13,ChIJo_5eBjMBhzIROr56-XGuoLI
favehotel Bitung,,Elzio Putra,layan respon cepat,5,01/10/2026 01:55:30,ChIJo_5eBjMBhzIROr56-XGuoLI
Raja Sate BBQ dan Restoran Asia,,Laurent Girault,cicip sate indonesia kulit ayam sungguh tidak harga mahal tusuk orang,3,01/24/2026 23:58:23,ChIJQy8-NBd1hzIRKo4_7aV6BEo
Raja Sate BBQ dan Restoran Asia,,Sujin,pergi dasar rekomendasi lokal sate baik rasa indonesia,5,01/20/2026 12:59:47,ChIJQy8-NBd1hzIRKo4_7aV6BEo
Raja Sate BBQ dan Restoran Asia,,hermanto mahmud,tidak kali tidak masak nasi goreng jelek banget masak buru mas grobak hidang curiga kompor kali tambah kuntui batunggunya tenggelam asam lambung toto by no,1,12/06/2025 13:48:37,ChIJQy8-NBd1hzIRKo4_7aV6BEo
Raja Sate BBQ dan Restoran Asia,,yogaswara diera,tempat klasik ruang ac non ac cobain kolombi woku santang surprisingly enak,4,11/14/2025 11:18:09,ChIJQy8-NBd1hzIRKo4_7aV6BEo
Raja Sate BBQ dan Restoran Asia,,agus hermanto,sate sapi bakar rica asparagus,5,10/28/2025 08:37:36,ChIJQy8-NBd1hzIRKo4_7aV6BEo
Raja Sate BBQ dan Restoran Asia,,Remon Klok,duduk sate manado datang antisipasi dekorasi sederhana sambut ramah makan enak ratatouille muncul jendela suka nafsu makan hilang lapor rapi bayar pergi sayang sate enak ekor tikus belah piring repot,1,10/08/2025 11:25:36,ChIJQy8-NBd1hzIRKo4_7aV6BEo
Raja Sate BBQ dan Restoran Asia,,Majed Turk,bbq daging sapi baik sate ayam tidak enak saran lewat layan cepat saus kacang sambal pedas enak tempat bersih sibuk situasi beda bodoh harap layan penuh klien restoran layan bintang ramah super cepat senyum,4,10/07/2025 11:33:10,ChIJQy8-NBd1hzIRKo4_7aV6BEo
Raja Sate BBQ dan Restoran Asia,,Frederik J.,sate lezat tidak pikir suka tuna bukti rekomendasi,5,09/20/2025 08:06:48,ChIJQy8-NBd1hzIRKo4_7aV6BEo
Raja Sate BBQ dan Restoran Asia,,Tri Noormuliyaningsih,pesan sate sapi sop makaroni ayam saji sate unik panggang tekstur sate sapi empuk tidak alot enak makan tanpa bumbu kacang enak sop makaroni ayam enak porsi orang gurih pas pesan makan cepat datang suasana enak,5,04/29/2025 23:52:24,ChIJQy8-NBd1hzIRKo4_7aV6BEo
Raja Sate BBQ dan Restoran Asia,,Ellavester Xuanyi See,tikus kotor tikus jujur jijik tidak lepas makan tidak padan,1,04/26/2025 14:50:56,ChIJQy8-NBd1hzIRKo4_7aV6BEo
Raja Sate BBQ dan Restoran Asia,,Drew,sate ayam favorit nasi goreng spesial porsi jumbo isi edited maret langgan grabfood pes makan year in review grab sate ayam saos raja nasi goreng spesial ayam garo rica ayam bumbu manado rekomendasi,5,03/30/2025 10:40:50,ChIJQy8-NBd1hzIRKo4_7aV6BEo
Raja Sate BBQ dan Restoran Asia,,jaap jansen,sate sayur mie lezat tunggu makan tunggu jam pramusaji hidang pesan habis aneh komunikasi sekian tunggu,3,03/28/2025 05:44:31,ChIJQy8-NBd1hzIRKo4_7aV6BEo
Raja Sate BBQ dan Restoran Asia,,PRISCA,tikus lari menu makan tidak sesuai pesan suruh bungkus mala bwa meja udang dalam tidak bersih,1,03/22/2025 06:25:57,ChIJQy8-NBd1hzIRKo4_7aV6BEo
Raja Sate BBQ dan Restoran Asia,,Teddy Julius,pesan cepat masak,5,03/01/2025 05:50:11,ChIJQy8-NBd1hzIRKo4_7aV6BEo
Raja Sate BBQ dan Restoran Asia,,OCTA DANDY SAIYAR,kali ajak ksini ramai unjung foreign kmi malam timnas tanding paket seafood pesan habis kasih kabar sate nasi goreng selamat makan,5,10/17/2024 12:01:09,ChIJQy8-NBd1hzIRKo4_7aV6BEo
Raja Sate BBQ dan Restoran Asia,,Bramanto Wijaya,bagus dalam milik suasana kosong layan tidak erti makan sedia tidak menu kali menu tidak sedia butuh makan layan nama restoran saran kedai sate jual sate ikan milik hidang ikan woku ikan masak kuah kuning tumis kangkung tumis terong goreng woku ikan enak tulang ikan daging sate ikan enak makan oke,4,10/11/2024 05:44:07,ChIJQy8-NBd1hzIRKo4_7aV6BEo
Raja Sate BBQ dan Restoran Asia,,Feliks Arrung,makan terima makan buruk,1,09/27/2024 12:53:31,ChIJQy8-NBd1hzIRKo4_7aV6BEo
Raja Sate BBQ dan Restoran Asia,,Burhan Bahar,restoran luas posisi duduk meja tarik makan enak sambal lada enak sambal khas manado pedas bayar aplikasi bank malaysia nyaman,4,09/14/2024 15:15:49,ChIJQy8-NBd1hzIRKo4_7aV6BEo
Raja Sate BBQ dan Restoran Asia,,Paul IJsendoorn,kecewa tidak sate kambing cumi sapi andal sate habis tidak jus jeruk cocacola minum sedia jugapelayan senyum ramah meja saji berangkat restoran,1,09/10/2024 06:27:55,ChIJQy8-NBd1hzIRKo4_7aV6BEo
Raja Sate BBQ dan Restoran Asia,,Ratu Suoth,layan bagusbaik ramah makan yummy rekomended sihh raja sate kalo kmdo jgn lpa mampir yaa gayss,5,06/04/2024 12:46:07,ChIJQy8-NBd1hzIRKo4_7aV6BEo
Raja Sate BBQ dan Restoran Asia,,Elvira Madonsa,wow makan endul skeles rekomended buanget klo mdo makan yaaaa,5,06/04/2024 12:44:29,ChIJQy8-NBd1hzIRKo4_7aV6BEo
Raja Sate BBQ dan Restoran Asia,,Rex Orah,makan oke makan kuah asam sup ikan,3,05/30/2024 13:03:34,ChIJQy8-NBd1hzIRKo4_7aV6BEo
Raja Sate BBQ dan Restoran Asia,,Quirijn van den pol,sayang makan kecewa makan indonesia gado gado hambar terong hambar sambal asam manis hambar satusatunya makan enak sate ayam harap restoran sate butuh menit dapur pilih menu jual bintang layan,2,04/13/2024 02:14:45,ChIJQy8-NBd1hzIRKo4_7aV6BEo
Raja Sate BBQ dan Restoran Asia,,Serba Ada,insyaalloh halal kakak cantik ramah full senyum sate ayam rica nya enak daging tanpa lemak,5,04/06/2024 11:57:49,ChIJQy8-NBd1hzIRKo4_7aV6BEo
Raja Sate BBQ dan Restoran Asia,,Ridwan Andriansyah,tpt makan luas yg ruang ac yg tidak smoking area utk makan variasi tp yg rekomen sate ikan dgn sambal rica,5,02/29/2024 08:23:47,ChIJQy8-NBd1hzIRKo4_7aV6BEo
Raja Sate BBQ dan Restoran Asia,,Esobel Jaen,sate baik kota makan kali manado milik siput menu jalan kaki pusat kota manado bagus makan minum bir belanja,5,01/24/2024 01:51:44,ChIJQy8-NBd1hzIRKo4_7aV6BEo
Raja Sate BBQ dan Restoran Asia,,Andrew Tjipto,tidak raja sate orang sakit parah puasa daging sapi pesan sate ayam kasih sapi makan paksa muntah lg toilet raja sate langgan kecewa,1,01/06/2024 06:41:20,ChIJQy8-NBd1hzIRKo4_7aV6BEo
Raja Sate BBQ dan Restoran Asia,,Rizky Ramdhani,sate empuk juicy saji grill arang mini panas sambal jg nendang mie cakalang asparagus jg enak pas bgt makan hujan,5,11/29/2023 07:41:09,ChIJQy8-NBd1hzIRKo4_7aV6BEo
Tuur Ma'asering Kumelembuai Tomohon,,Graceys,kalo kesana jangan pake baju seksipasti breezeee dinginn poll walopun siang harienak bangeeeeeeeeeet kereeeen,5,01/30/2026 11:35:16,ChIJjeMAfCwThzIRp7ygIFauE4o
Tuur Ma'asering Kumelembuai Tomohon,,susan hiedayat,tpt nya bagus adem indah pandang nya,4,01/27/2026 22:24:19,ChIJjeMAfCwThzIRp7ygIFauE4o
Tuur Ma'asering Kumelembuai Tomohon,,Hansye Mokalu,baik proses buat tradisional alkohol orang minahasaserta proses buat gula aren untung proses ambil air aren pohon tradisional rekomendasi kunjung,5,01/27/2026 17:20:04,ChIJjeMAfCwThzIRp7ygIFauE4o
Tuur Ma'asering Kumelembuai Tomohon,,faridmultianty multianty,wajib kunjung tahu kait gula merahdari nira pluus ilmu kait suling nira minum khusus cinta minum danau tondano tinggi,5,01/22/2026 12:08:05,ChIJjeMAfCwThzIRp7ygIFauE4o
Tuur Ma'asering Kumelembuai Tomohon,,IRV,diri bagus pandang bagus bagus henti singkat,5,01/18/2026 09:42:04,ChIJjeMAfCwThzIRp7ygIFauE4o
Tuur Ma'asering Kumelembuai Tomohon,,stephy s,wisata suling cap tikus tiket masuk orang dituker cap tikus saguer suka sih tempat sejuk santai,5,01/17/2026 08:18:46,ChIJjeMAfCwThzIRp7ygIFauE4o
Tuur Ma'asering Kumelembuai Tomohon,,D Korn,fasilitas indah hutan makan bukan pilih turis,4,01/13/2026 16:41:33,ChIJjeMAfCwThzIRp7ygIFauE4o
Tuur Ma'asering Kumelembuai Tomohon,,Petrus Lasut,woooaauw alam alam senang segar suka makan saji cepat sempurna,4,01/04/2026 04:22:58,ChIJjeMAfCwThzIRp7ygIFauE4o
Tuur Ma'asering Kumelembuai Tomohon,,Erica,spot alam indah keliling pohon palem rimbun suasana hutan damai udara sejuk segar cocok santa lepas bising kota bangun bambu kayu cipta suasana tradisional nyaman lampu gantung hangat biaya masuk rp orang minum tradisional gratis pilih saguer cap tikus bonus jajan lokal pisang goreng sedia nikmat nikmat nikmat alam area duduk spot foto tenang nyaman rekomendasi kunjung tomohon,5,12/27/2025 06:37:17,ChIJjeMAfCwThzIRp7ygIFauE4o
Tuur Ma'asering Kumelembuai Tomohon,,Agung Nugroho,sdh jelang sore kurang kunjung parkir ok tiket k tiket tukar minum lokal pride minahasa proses suling minum lokal minahasa recommended,5,12/26/2025 10:12:59,ChIJjeMAfCwThzIRp7ygIFauE4o
Tuur Ma'asering Kumelembuai Tomohon,,LexAlex,jangan lupa jaga alam,5,12/21/2025 06:24:01,ChIJjeMAfCwThzIRp7ygIFauE4o
Tuur Ma'asering Kumelembuai Tomohon,,Themmy Lee,tjap tikus arak manado edo do eeeee,5,11/29/2025 09:23:51,ChIJjeMAfCwThzIRp7ygIFauE4o
Tuur Ma'asering Kumelembuai Tomohon,,Mergo Tresna Abdela,suling air nira tradisional air nira panen tani masak tungku sederhana alir buluh pemrosesan teknologi konvensional tempat unik suasana tenang habis hujan pandang danau,4,11/26/2025 12:26:02,ChIJjeMAfCwThzIRp7ygIFauE4o
Tuur Ma'asering Kumelembuai Tomohon,,Muhammad Ridwan,santa ok,4,11/25/2025 12:54:30,ChIJjeMAfCwThzIRp7ygIFauE4o
Tuur Ma'asering Kumelembuai Tomohon,,himawan d' mbambesh,suasana asri ajar suling minum asli minahasa cap tikus,5,11/15/2025 08:03:58,ChIJjeMAfCwThzIRp7ygIFauE4o
Tuur Ma'asering Kumelembuai Tomohon,,Chan Kia,tempat asik menu enak murah pegawai ramah informatif jago bahasa inggris welcome drink nya luarbiasa,5,11/06/2025 03:24:32,ChIJjeMAfCwThzIRp7ygIFauE4o
Tuur Ma'asering Kumelembuai Tomohon,,Claudia Andrea,suasana senang rumah bambu lampu pandang indah cicip senang terima kasih,5,10/28/2025 12:01:26,ChIJjeMAfCwThzIRp7ygIFauE4o
Tuur Ma'asering Kumelembuai Tomohon,,Lin,cantik wilayah makanminum kue kering cucur onde onde,5,09/17/2025 05:04:16,ChIJjeMAfCwThzIRp7ygIFauE4o
Tuur Ma'asering Kumelembuai Tomohon,,Marcel Cybon,bangun instagramable banget saran ramai kali wanita ramah jalan ajak keliling ambil sampel orang,5,09/07/2025 08:18:11,ChIJjeMAfCwThzIRp7ygIFauE4o
Tuur Ma'asering Kumelembuai Tomohon,,Daniel Taroreh,layan lambat banget pesan makan penting orang yg mes makan antar makan jam mohon koreksi layan kacamata,1,09/06/2025 12:34:52,ChIJjeMAfCwThzIRp7ygIFauE4o
Tuur Ma'asering Kumelembuai Tomohon,,Ekaput,caffe nuansa tradisional alami masuk langsung sambut edukasi suling minum khas masyarakat lokal saguer cap tikus alkohol nyantai nikmat alam mantap,5,09/03/2025 10:47:28,ChIJjeMAfCwThzIRp7ygIFauE4o
Tuur Ma'asering Kumelembuai Tomohon,,Penjelajah Pemula,wisata suling wine tradisional minahasa cap tikus,5,08/23/2025 04:38:42,ChIJjeMAfCwThzIRp7ygIFauE4o
Tuur Ma'asering Kumelembuai Tomohon,,Frederick Wijaya,daki singkat pintu masuk area restoran tiket masuk murah cap tikus saguer puas mangkuk kelapa ramah lingkung nilai sedia makan berat tidak pesan makan ringan layak pandang takjub keliling alam pilih musik oke lampu cantik malam udara dingin segar ruang,5,08/22/2025 16:35:12,ChIJjeMAfCwThzIRp7ygIFauE4o
Tuur Ma'asering Kumelembuai Tomohon,,Ronaldo Sirait,layan ny ramah,5,08/05/2025 10:45:23,ChIJjeMAfCwThzIRp7ygIFauE4o
Tuur Ma'asering Kumelembuai Tomohon,,Haposan Alessandro,cafe nuansa tradisional bangun kayu bambu atap ijuk tata rapi lokasi cafe hutan pohon aren datar tambah kesan alami sejuk htm k orang tukar welcome drink saguer cap tikus suguh tempurung batok kelapa langsung proses suling cap tikus cafe pilih menu makan hrga yg jangkau sni tidak pilih spot foto toilet ckp bersih kondisi jalan sempit lewat mobil parkir mobil tidak luas layan ramah kurang cekat layan tidak jd cafe ramai unjung order have a nice day,4,07/08/2025 15:31:12,ChIJjeMAfCwThzIRp7ygIFauE4o
Tuur Ma'asering Kumelembuai Tomohon,,Jajan Nyok,destinasi nongkrong daerah tomohon jarak jaman pusat kota manado tempat asyik tenang sejuk pas hujan tidak unjung tiket masuk korang free minum cap tikus saguer langsung panen suling saji menu jual nasi snack puding gula merah nya enak yaasyik nongkrong ama,5,07/07/2025 06:48:01,ChIJjeMAfCwThzIRp7ygIFauE4o
Tuur Ma'asering Kumelembuai Tomohon,,Pratik K,minum coba pandang indah danau lonow,5,07/02/2025 02:21:13,ChIJjeMAfCwThzIRp7ygIFauE4o
King Fish Bitung,,Cendana Oktiladha,pilih ikan segar enak cepat layan tiada mushola,5,11/13/2025 02:35:00,ChIJxea05tIBhzIRs4qeuMvjYsQ
King Fish Bitung,,Fenty.M Duduong,t strategis tenang menu oke layan mantap,4,11/12/2025 01:53:18,ChIJxea05tIBhzIRs4qeuMvjYsQ
King Fish Bitung,,Dina Batunan,mkanan enak lumayan cepat saji nya,5,09/05/2025 06:24:01,ChIJxea05tIBhzIRs4qeuMvjYsQ
King Fish Bitung,,Martha Zacharias,makan ikan bumbu woku enak suasana kurang nyaman ruang buka tidak sedia ruang ber ac panaaas kipas angin layan kurang sahabat,3,06/12/2025 22:46:06,ChIJxea05tIBhzIRs4qeuMvjYsQ
King Fish Bitung,,danu pras,makan nya enak menu rahang tuna mantap,4,06/01/2025 18:59:25,ChIJxea05tIBhzIRs4qeuMvjYsQ
King Fish Bitung,,Ahmad Junaidi,rahang tuna nya mantaprecomended,5,05/31/2025 12:13:07,ChIJxea05tIBhzIRs4qeuMvjYsQ
King Fish Bitung,,Effendy Usman,suara speaker yg kurang suasana santai,5,04/11/2025 23:04:27,ChIJxea05tIBhzIRs4qeuMvjYsQ
King Fish Bitung,,alexander marthin,makan pilih jenis ikan segar layan cepat suasana tarik hati krn lokasi yg lapangluas,5,03/07/2025 23:56:08,ChIJxea05tIBhzIRs4qeuMvjYsQ
King Fish Bitung,,Yeonsu Oh,mes jus jeruk lumpur es jus suka mes minum tidak suka ikan bakar kali gigit kejut betapa lezat ikan daging kenyal gurih lembut saus belah kiri foto pedas turut orang korea suka benarbenar rekomendasi ikan merah lezat saji gongsimchae goreng harga k pikir mampir tinggal bitung,5,01/20/2025 20:29:54,ChIJxea05tIBhzIRs4qeuMvjYsQ
King Fish Bitung,,Adi Muhammad,makan enak khusus nya ikan bakar yajus nya,5,11/20/2024 01:31:02,ChIJxea05tIBhzIRs4qeuMvjYsQ
King Fish Bitung,,Aisha Pradipta,luas rame tipikal ikan yg bakar kering,4,11/14/2024 01:24:04,ChIJxea05tIBhzIRs4qeuMvjYsQ
King Fish Bitung,,Deddy Taufik Hidayat,resto yg saji seafood pilih jenis ikan tuna dll,5,10/14/2024 12:36:57,ChIJxea05tIBhzIRs4qeuMvjYsQ
King Fish Bitung,,Hundrey Mewoh,tempat luas bising kendara kontainer lalang,4,09/21/2024 05:25:21,ChIJxea05tIBhzIRs4qeuMvjYsQ
King Fish Bitung,,Sutan Mudo,makan enak otentik harga relatif,5,08/09/2024 15:03:45,ChIJxea05tIBhzIRs4qeuMvjYsQ
King Fish Bitung,,Feadri Justy Aulia,makan enak enak,5,08/08/2024 07:46:46,ChIJxea05tIBhzIRs4qeuMvjYsQ
King Fish Bitung,,Santy Rahayu,masakan lumayan sayang rahang tuna kurang daging jam siang,4,08/05/2024 05:15:19,ChIJxea05tIBhzIRs4qeuMvjYsQ
King Fish Bitung,,nur zakiah febriyani,tuna enak,3,07/08/2024 17:10:15,ChIJxea05tIBhzIRs4qeuMvjYsQ
King Fish Bitung,,Deivie Salindeho,pesan rahang tuna aja sambal aja harga segitu sih suasana mantap,3,07/02/2024 03:28:03,ChIJxea05tIBhzIRs4qeuMvjYsQ
King Fish Bitung,,Rena Kyaa,ruang luas rekomen orang pilih ikan lumayan ikan paket nasi sayur kangkung parkir luas masak tidak,5,06/18/2024 04:58:22,ChIJxea05tIBhzIRs4qeuMvjYsQ
King Fish Bitung,,Jeje WalTa,layan buruk ikan ham makan datang,1,06/12/2024 06:45:26,ChIJxea05tIBhzIRs4qeuMvjYsQ
King Fish Bitung,,vini wantalangi,mohon perhati pesan ikan goropa hitam goropa merah alas kena kunyit ubah warna merah,1,05/15/2024 08:07:26,ChIJxea05tIBhzIRs4qeuMvjYsQ
King Fish Bitung,,Lenora M Liuw,rica bakar enak skali pake minyak kelapa momasa sandiri nya khas skali layan oke bakar ikan cepat tidak pake tunggu lumayan lalat beking unjung yg makan kurang nyaman terima kasih,4,05/13/2024 14:07:34,ChIJxea05tIBhzIRs4qeuMvjYsQ
New Regal's Cafe and Resto,,Titie Kirana,live music malam,5,01/31/2026 19:31:09,ChIJJYR0mxN1hzIRGLc8IqvYDbM
New Regal's Cafe and Resto,,Andrea Mait,enak enak sekaliiiii,5,01/19/2026 18:00:31,ChIJJYR0mxN1hzIRGLc8IqvYDbM
New Regal's Cafe and Resto,,Nabilla Habsyi,restoran pilih makan lokal manado variatif harga jangkau resto bagus skali bawa tamu daerah cobain makan khas manado enak pilih makan harga jangkau timbang pilih lokasi strategis pusat kota manado mudah orang kesini nice menu wajib kesini cobain bubur manado milu siram nasi kuning pisang goroho goreng padu sambal roanya,5,07/05/2025 18:09:46,ChIJJYR0mxN1hzIRGLc8IqvYDbM
New Regal's Cafe and Resto,,Yves Vincent,kopi hitam gula aren mantap live music,5,05/21/2025 23:06:48,ChIJJYR0mxN1hzIRGLc8IqvYDbM
New Regal's Cafe and Resto,,Jecksen Takasihaeng,kasir tidak jujur,1,03/16/2025 16:47:53,ChIJJYR0mxN1hzIRGLc8IqvYDbM
New Regal's Cafe and Resto,,Fitri Apriyadi Jalan & Jajan,regals cafe and resto letak megamas manado favorit orang kumpul nikmat hidang lezat suasana nyaman santai jadi pilih makan temanteman keluarga menu suka nasi kuning saji cita kaya gurih pas lidah nasi kuning regals padu laukpauk gugah selera jadi hidang tidak lewat kuah kaldu saji favorit segar kaya rempah tambah nikmat suap tak tinggal jus alpukat segar kental pilih sempurna tambah segar nikmat hidang kombinasi manis gurih jus alpukat cocok lengkap hidang regals cafe suasana nyaman layan ramah regals cafe resto benarbenar pas nikmat hidang lezat sembari cengkerama temanteman,5,01/02/2025 05:05:22,ChIJJYR0mxN1hzIRGLc8IqvYDbM
New Regal's Cafe and Resto,,Novillia Bansaleng,live music bagus nongkrong yg asik sayang layan order makan jam jam makan belum,2,04/27/2024 16:52:35,ChIJJYR0mxN1hzIRGLc8IqvYDbM
New Regal's Cafe and Resto,,Fabian Dendeng,makan enak layan bagus suasana senang kumpul temanteman beli terkadang ramai riuh janji rombong tim rekan kerja senang hangout hibur,4,11/02/2023 23:57:49,ChIJJYR0mxN1hzIRGLc8IqvYDbM
New Regal's Cafe and Resto,,Cindy Lanovia,murah pilih makan makan enakgak enak banget sih oklah sayang alas meja kurang estetik coba ganti warna hitam polos tarik foto,4,09/26/2023 12:10:37,ChIJJYR0mxN1hzIRGLc8IqvYDbM
New Regal's Cafe and Resto,,ORREBOSS,recommended makan menu khas makan manado jenis makan minum jual segi bumbu ok tidak terima quiris kredit card minimum k belanja harga sahabat tidak mahal makan kesini cocok berameh bergroup teman washtafel toilet wifi cepat main medsos staff ramah service bagus kebersihanya parkir minimal motor mobil saran kasir murah senyum ajaya,5,04/29/2023 06:53:21,ChIJJYR0mxN1hzIRGLc8IqvYDbM
New Regal's Cafe and Resto,,Tony Sigit,menu pilih makan makan ringan live musik cocok santa,5,04/21/2023 21:31:36,ChIJJYR0mxN1hzIRGLc8IqvYDbM
New Regal's Cafe and Resto,,JOE,makan sambel enak sambel pisang goreng rica roa rekom banget pilih makan low high jga tpi turut tidak mahal jga kategori wajar makan okeleh kalo makan malam tidak suka berisik aq ngak saranin makan karna kalo malam live musik makan lantai biar tidak berisik layan cepat ramah turut yaa layan bayar cash debit emoney jga rekom tmpat,4,04/11/2023 11:55:33,ChIJJYR0mxN1hzIRGLc8IqvYDbM
New Regal's Cafe and Resto,,Ahmad Farhan,enak nongkrong,5,03/16/2023 01:21:06,ChIJJYR0mxN1hzIRGLc8IqvYDbM
New Regal's Cafe and Resto,,Heriyanto Sugandi,harga jangkau nya rnak kawasann mayan nongki,4,03/05/2023 11:33:24,ChIJJYR0mxN1hzIRGLc8IqvYDbM
New Regal's Cafe and Resto,,Aru Rangga Raenaldy,pilih cafe makan siang pas menu sedia harga jangkau menu favorit sup kaldu bubur manado nasi goreng sedia mie goreng mie kuah cinta mie aneka minum snack harga ribu nikmat beer sedia makan siang mesan lumayan tunggu saji lokasi strategis kawasan megamas tepat bahan mega mall cafe ramai siang malam orangorang hobi kumpul teman keluarga,4,02/15/2023 01:38:14,ChIJJYR0mxN1hzIRGLc8IqvYDbM
New Regal's Cafe and Resto,,Reinhard Komansilan,musik langsung hebat,5,02/02/2023 16:10:21,ChIJJYR0mxN1hzIRGLc8IqvYDbM
New Regal's Cafe and Resto,,TB S,tempat lumayan live music jg cm kurang pas meja taplak plastik,2,02/01/2023 09:06:41,ChIJJYR0mxN1hzIRGLc8IqvYDbM
New Regal's Cafe and Resto,,Fadly Punuh,rekomendasi santai,4,01/13/2023 16:28:06,ChIJJYR0mxN1hzIRGLc8IqvYDbM
Gardenia Restaurant,,Ivan Telwe,rekomendasi kunjung tomohon tempat pandang bagus langsung gunung lokon milik homestay restoran bagus saji makan lokal barat kurang milik layan terkadang butuh respons terima percaya tingkat,5,01/14/2026 05:03:39,ChIJP8lDsY1shzIRDEdszca-KCQ
Gardenia Restaurant,,Debby Sondakh,makan suasana top deh sayang saji tamu tidak,5,12/27/2025 00:06:27,ChIJP8lDsY1shzIRDEdszca-KCQ
Gardenia Restaurant,,Koni Kaliyani,suka onde ondenya langsung masuk mulut kalo makan tidak belepotan kepala mengkal enak,5,11/21/2025 01:26:08,ChIJP8lDsY1shzIRDEdszca-KCQ
Gardenia Restaurant,,The Kwa Family,resort bintang restoran kelas kota tomohon,5,11/02/2025 12:38:00,ChIJP8lDsY1shzIRDEdszca-KCQ
Gardenia Restaurant,,Renggo Tawan,makan baik suka makan suami teman teman ajak keluarga anak anak makan tidak sibuk makan suasana bagus sempurnah,5,10/18/2025 05:40:06,ChIJP8lDsY1shzIRDEdszca-KCQ
Gardenia Restaurant,,Josephine Satyono,restoran gardenia country inn tomohon indah kunjung keluarga teman kelola fokus pelihara pandang gunung lokon sungguh pandang fantastis tanam bunga tropis langka temu makan enak menu internasional harap menu tradisional minahasa rekomendasi,5,10/15/2025 00:48:51,ChIJP8lDsY1shzIRDEdszca-KCQ
Gardenia Restaurant,,Chita Sidharto,makan siang tempat enaktapi makan tidak coba steak beef patty dingin asin bumbu enak suami coba kari daging sapi jepang tidak apaapa suasana enak banget,4,10/12/2025 21:58:58,ChIJP8lDsY1shzIRDEdszca-KCQ
Gardenia Restaurant,,adryan sasahang,manado makan pandang yg indah duduk order layan suruh pindah pojok prioritas tamu inap mohon maaf kasih bintang layan yg sperti saran taruh signacrilic reservasi shngga tidak ad tmu yg mnggunakan meja tsb,1,10/12/2025 03:42:52,ChIJP8lDsY1shzIRDEdszca-KCQ
Gardenia Restaurant,,Marjut Langefeld,restoran gardenia country inn tomohon sungguh takjub pandang benarbenar takjub santap surga keliling bunga alam subur pandang gunung rap lokon desain elegan penuh pesona makan lezat saji pribadi penuh perhati sulit temu katakata puji indah terima kasih alam sempurna,5,10/10/2025 10:58:54,ChIJP8lDsY1shzIRDEdszca-KCQ
Gardenia Restaurant,,Martina Glaus,kamar bagus taman taman indah staf bantu,4,09/29/2025 09:55:11,ChIJP8lDsY1shzIRDEdszca-KCQ
Gardenia Restaurant,,Thomas Müller,belum bunga fantastis,5,09/25/2025 20:07:53,ChIJP8lDsY1shzIRDEdszca-KCQ
Gardenia Restaurant,,Jeffrey Claudius,gardenia restaurant surga kuliner taman suka suasana alam asri penuh warna gardenia restaurant wajib masuk bucket list tema taman penuh jenis bunga cantik banget burungburung langka bangan bebas bikin serasa makan surga fotografer abadi momen pilih menu lengkap banget masakan lokal internasional wajib coba sop buntut masakan rumah bumbu ringan tidak kuat cocok suka sederhana potong kentang wortel besarbesar pas banget sharing dua nasi goreng mantap varian ayam seafood babi tinggal pilih sesuai selera pasta steak sedia menu western pisang goreng crunchy lembut enak banget camil sore kentang goreng potong gedegede kentang utuh real potato vibes minum pilih lemon tea juice coffee segar pas banget nemenin makan catat makan masak fresh tunggu menit jam tidak nunggu baik pesan jam makan langsung pesan biar tidak nambahnambah tidak tunggu cari makan enak suasana damai instagramable gardenia restaurant pilih enjoy,5,09/10/2025 06:56:16,ChIJP8lDsY1shzIRDEdszca-KCQ
Gardenia Restaurant,,Erma Irawati,restonya cantik keliling kebun bunga warna warni yg cantik background gunung lokon cocok nikmat pandang saji kue khas manado sayang layan lumayan lamamungkn jam makan yg pesan saji makan yg pilih aja nothing specialbrenebon perkedel jagung kecewa utk view suasana juara,4,09/02/2025 02:11:14,ChIJP8lDsY1shzIRDEdszca-KCQ
Gardenia Restaurant,,Nicolas Barrault,atur indah nanti tanpa jam hidang kualitas biasabiasa,2,08/15/2025 13:15:42,ChIJP8lDsY1shzIRDEdszca-KCQ
Gardenia Restaurant,,Guido van der Giessen,lingkung indah makan tunggu kurang enak tunggu jam orang makan cuaca dingin,2,07/22/2025 11:29:24,ChIJP8lDsY1shzIRDEdszca-KCQ
Gardenia Restaurant,,Anastasia M,layan lambat terburuburu pandang suasana bagus gardenia nikmat perlahan,5,07/21/2025 07:08:44,ChIJP8lDsY1shzIRDEdszca-KCQ
Gardenia Restaurant,,Siska Wiratandi,view bagus udara sejuk makan lmyn tunggu menit order,4,07/10/2025 13:39:41,ChIJP8lDsY1shzIRDEdszca-KCQ
Gardenia Restaurant,,Wendy dan Ita,rumah makan daerah tomohon milik view bagus background gunung goa kunjung turis asing macanegara,5,07/04/2025 02:06:41,ChIJP8lDsY1shzIRDEdszca-KCQ
Gardenia Restaurant,,Antonius Suharmono,makan enak layan jelek banget minum pake banget keluar,2,06/27/2025 06:21:11,ChIJP8lDsY1shzIRDEdszca-KCQ
Gardenia Restaurant,,Bayu Sindrianata,pandang suasana sempurna keliling taman bunga n view bukit tp makan minum msh average pesan kopi sandwich ayam bakar lemon tea satai ba dll smg tingkat lg cangkir kopi,5,06/02/2025 07:33:34,ChIJP8lDsY1shzIRDEdszca-KCQ
Gardenia Restaurant,,Ale Vlog,pemamdangan tpt aangat indah lrn keliling aneka bunga lokal udara sejuk asri tempat bersih ratus spesies bunga lokal reatoran hotelresort pandang gunung lokon tpt restoran sedia aneka mknan nasional aneka kue tradisonal minahasa gardenia lokasi jln poros jalan masuk bagus parkir luas,4,05/11/2025 15:50:37,ChIJP8lDsY1shzIRDEdszca-KCQ
Gardenia Restaurant,,James Wewengkang,restoran baik kota tomohon kwalitas makan layan baiksuasana taman indah,5,05/06/2025 04:16:30,ChIJP8lDsY1shzIRDEdszca-KCQ
Gardenia Restaurant,,Astria Santa Natalia Mantiri,viewnya lokon bagus layan resto amt sgt bad kurang responsive org dapur tukang gosip jutek makan b aja totally selling the view only with bad service n food quality wont go back here twice,2,05/04/2025 06:33:28,ChIJP8lDsY1shzIRDEdszca-KCQ
Gardenia Restaurant,,Arlin Cicilia,suka suasana pandang takjub makan butuh siap tidak rekomendasi cepat makan pergi,4,04/24/2025 08:08:54,ChIJP8lDsY1shzIRDEdszca-KCQ
Gardenia Restaurant,,Johan Myway,cocok santa makan enak udara sejuk taman bunga indah view gunung lokon,5,04/21/2025 10:35:15,ChIJP8lDsY1shzIRDEdszca-KCQ
Gardenia Restaurant,,Charisma Christy,layan lamaa banget makan dingin,1,04/05/2025 07:38:39,ChIJP8lDsY1shzIRDEdszca-KCQ
Gardenia Restaurant,,Jaqualine Kainama,minum tidak gula nunggu makan jam bikin bagus yah tempat bunga,2,04/05/2025 03:32:55,ChIJP8lDsY1shzIRDEdszca-KCQ
Pasar Tua Kuliner Bitung,,Deny Anyer,rm bu sri masakan nya cocok lidah orang jawa,4,10/09/2025 13:34:40,ChIJj8wEPZIBhzIRweNVpzF4bWk
Pasar Tua Kuliner Bitung,,Aulia Margaretha Ginting,pilih sarap makan siang makan malam letak pusat bisnis bitung,5,08/03/2025 00:58:00,ChIJj8wEPZIBhzIRweNVpzF4bWk
Pasar Tua Kuliner Bitung,,Lovell Michael Tombokan,krim asam tuna tude goreng,3,07/19/2025 00:13:39,ChIJj8wEPZIBhzIRweNVpzF4bWk
Pasar Tua Kuliner Bitung,,Adi Muhammad,cari nasi padang sotomie ayam dsb area pasar tua bitung emang pas yg muslim yg recomended,5,05/18/2025 05:54:36,ChIJj8wEPZIBhzIRweNVpzF4bWk
Pasar Tua Kuliner Bitung,,Voyska Eranda Daleru,yg jual kuliner suka situ jual martabak,4,04/26/2025 22:59:59,ChIJj8wEPZIBhzIRweNVpzF4bWk
Pasar Tua Kuliner Bitung,,Erozz Candra Alfatih,kompleks,5,03/09/2025 14:15:11,ChIJj8wEPZIBhzIRweNVpzF4bWk
Pasar Tua Kuliner Bitung,,erfan erfan,makan soto daging enak tempat tidak makan siang nunggu,5,01/01/2025 21:45:53,ChIJj8wEPZIBhzIRweNVpzF4bWk
Pasar Tua Kuliner Bitung,,Tri Sumaryo,jam buka,3,12/15/2024 05:43:52,ChIJj8wEPZIBhzIRweNVpzF4bWk
Pasar Tua Kuliner Bitung,,Mad Bumburo,makan ikan laut yg,5,02/26/2024 01:18:45,ChIJj8wEPZIBhzIRweNVpzF4bWk
Pasar Tua Kuliner Bitung,,Wahyu Gofar Effendi,makan variasi sesuai selera harga jangkau,5,01/08/2024 15:11:05,ChIJj8wEPZIBhzIRweNVpzF4bWk
Pasar Tua Kuliner Bitung,,Arnia Rental Gorontalo,bagus tidak kocek kantong,5,01/03/2024 23:54:42,ChIJj8wEPZIBhzIRweNVpzF4bWk
Pasar Tua Kuliner Bitung,,Becool,suasana sepeeti makam lumayan pedas,4,11/03/2023 00:37:11,ChIJj8wEPZIBhzIRweNVpzF4bWk
Pasar Tua Kuliner Bitung,,Marenda Pandu Rizqi,makan tradisional makan laut panggang,5,04/08/2023 06:21:29,ChIJj8wEPZIBhzIRweNVpzF4bWk
Pasar Tua Kuliner Bitung,,Putut Supriyanto,nongkrong makan,5,03/27/2023 23:21:38,ChIJj8wEPZIBhzIRweNVpzF4bWk
Pasar Tua Kuliner Bitung,,Hartono,sorebanyak nga buka,3,03/24/2023 08:08:15,ChIJj8wEPZIBhzIRweNVpzF4bWk
Nasi Kuning Selamat Pagi Kampung Kodo,,Nurman Riyadi Rahman,kali landing manado langsung sarap tidak makan nasi kuning hidup jakarta enak lauk abon ikan telur rebus kentang goreng kering yaa nasi kuning sulawesi lahhh,4,01/04/2026 03:08:56,ChIJQcPWfWp1hzIRsQzImvGZTII
Nasi Kuning Selamat Pagi Kampung Kodo,,kartika sari,lokasi rumah makan belah warung tegal sebrang aston hotel,4,12/24/2025 01:05:28,ChIJQcPWfWp1hzIRsQzImvGZTII
Nasi Kuning Selamat Pagi Kampung Kodo,,frederika pricilya,bayar cash tidak terima via qris transfer,4,12/21/2025 00:35:26,ChIJQcPWfWp1hzIRsQzImvGZTII
Nasi Kuning Selamat Pagi Kampung Kodo,,Eni Eni,tempat bersih nasi kuning b aja trusss lamaaaaaa nya kasir server butuh menit order makan bayar,3,12/19/2025 01:02:42,ChIJQcPWfWp1hzIRsQzImvGZTII
Nasi Kuning Selamat Pagi Kampung Kodo,,boedhy yanto,nasi kuning legend kota manado top,5,12/14/2025 15:16:26,ChIJQcPWfWp1hzIRsQzImvGZTII
Nasi Kuning Selamat Pagi Kampung Kodo,,Bramanto Wijaya,jual nasi kuning warna kunyit benang daging benang tuna milik kentang potong dadu keripik kentang gar telur rebus makan enak hatihati sambal cabai enak pedas panas pedas tidak kunjung hilang tidak tahan bumbu sisih sambal buka jam tidak milik parkir,5,11/28/2025 00:48:43,ChIJQcPWfWp1hzIRsQzImvGZTII
Nasi Kuning Selamat Pagi Kampung Kodo,,Bondan Kerap,rumah makan nasi kuning baik manado lokasi sembunyi,5,11/18/2025 05:58:31,ChIJQcPWfWp1hzIRsQzImvGZTII
Nasi Kuning Selamat Pagi Kampung Kodo,,Mulyadi,nasi kuning enak jam manado,5,11/16/2025 23:04:31,ChIJQcPWfWp1hzIRsQzImvGZTII
Nasi Kuning Selamat Pagi Kampung Kodo,,Rony Mamoru,manado tidak lengkap belum cicip nasi kuning selamat pagi benarbenar menu sarap muas,5,11/12/2025 13:55:07,ChIJQcPWfWp1hzIRsQzImvGZTII
Nasi Kuning Selamat Pagi Kampung Kodo,,Pramita Sari,nasi kuning selamat pagi manado sarap legendaris benarbenar wakil cita manado nasi kuning harum aroma saji lauk pauk lezat sambal cakalang semur daging sapi tempat bersih ramah cocok sarap lezat keluarga teman kolega favorit lokal wajib coba unjung kota manado,5,11/03/2025 11:55:48,ChIJQcPWfWp1hzIRsQzImvGZTII
Nasi Kuning Selamat Pagi Kampung Kodo,,faisal pahlevy,nasi kuning enak putar kota manado,5,10/10/2025 14:55:42,ChIJQcPWfWp1hzIRsQzImvGZTII
Nasi Kuning Selamat Pagi Kampung Kodo,,Jony Rahardja,kapal bunaken dibawain temen nasi kuning uniq bungkus daun woka asli enak banget sedep gurih pol,5,09/27/2025 10:40:19,ChIJQcPWfWp1hzIRsQzImvGZTII
Nasi Kuning Selamat Pagi Kampung Kodo,,Ernest Laoh,ba mampir makan,5,09/24/2025 05:38:13,ChIJQcPWfWp1hzIRsQzImvGZTII
Nasi Kuning Selamat Pagi Kampung Kodo,,Agas Koncoro,pesan special abon ikan harga grabfood datng isi abon mending pesan nasi kuning abon yg gk,1,09/06/2025 18:06:43,ChIJQcPWfWp1hzIRsQzImvGZTII
Nasi Kuning Selamat Pagi Kampung Kodo,,Habibi maulana ahmad,luarbiasa makan sahur bayar gratis layan mantab,5,09/05/2025 15:14:20,ChIJQcPWfWp1hzIRsQzImvGZTII
Nasi Kuning Selamat Pagi Kampung Kodo,,Pelz TV,pelayananpelayan tidak ramah pricy,1,08/23/2025 16:49:25,ChIJQcPWfWp1hzIRsQzImvGZTII
Nasi Kuning Selamat Pagi Kampung Kodo,,Juniver Parentah,layan tidak ramah,2,08/23/2025 16:49:21,ChIJQcPWfWp1hzIRsQzImvGZTII
Nasi Kuning Selamat Pagi Kampung Kodo,,Agus IF,nasi suwir tuna daging telur ricasambal pedas lezat,5,07/24/2025 05:13:08,ChIJQcPWfWp1hzIRsQzImvGZTII
Nasi Kuning Selamat Pagi Kampung Kodo,,Taufik Masruri,k naskus istimewa katanyatp enak bungkus daun manado bukan papua,4,07/13/2025 23:01:32,ChIJQcPWfWp1hzIRsQzImvGZTII
Nasi Kuning Selamat Pagi Kampung Kodo,,Diki (Dik),abon nya abis belum,3,07/07/2025 03:03:50,ChIJQcPWfWp1hzIRsQzImvGZTII
Nasi Kuning Selamat Pagi Kampung Kodo,,Gabriel Garry Kasenda,tidak gagal nasi kuning enak banget recomended banget,5,04/15/2025 12:03:42,ChIJQcPWfWp1hzIRsQzImvGZTII
Nasi Kuning Selamat Pagi Kampung Kodo,,HobiJalan2,naskunnya enak sambelnya tidak pedas tp enak tempat aja yg sederhana banget makan jangan lupa kemas daun woku biar nasi wangi sedep,5,03/15/2025 07:34:39,ChIJQcPWfWp1hzIRsQzImvGZTII
Nasi Kuning Selamat Pagi Kampung Kodo,,agus hermanto,enak nasi kuning sambal pedes mantap,5,03/06/2025 13:13:20,ChIJQcPWfWp1hzIRsQzImvGZTII
Nasi Kuning Selamat Pagi Kampung Kodo,,Ivan Pots,driver ojol ad ambil order dluan dri beli tidak lupa karna faktor usia wkwk,3,02/08/2025 23:27:14,ChIJQcPWfWp1hzIRsQzImvGZTII
Nasi Kuning Selamat Pagi Kampung Kodo,,drniken 09,pergi makan teman jual perhati sopan hati makan wow enak topping limpah suka sambal pedas sambal wajib kunjung kali pergi manado oh khawatir halal halal,5,02/08/2025 01:28:22,ChIJQcPWfWp1hzIRsQzImvGZTII
Nasi Kuning Selamat Pagi Kampung Kodo,,Mamamialezatos,tidak tau sepeetinya beda nama yg datang gang nasi kuning keras tidak enak abon daging layan tidak nyaman moga yg tidak rugi review jelek rumah makan nama yg,1,12/22/2024 07:01:37,ChIJQcPWfWp1hzIRsQzImvGZTII
Kopi Janji Jiwa Tomohon,,Theofilus Ponamon,suasana yg keluarga,5,01/04/2026 01:28:54,ChIJQfrxTCNthzIRUJJfHhgmJPA
Kopi Janji Jiwa Tomohon,,Aloysius Langitan,lokasi suasana ok kecewa layan pesan bayar kasir udh selesai makan wajar nanya tuh minum tidak sampe sisa teh manis yg sdh tuh minum oh bukan ok tidak tp nada nya ketus ngegasmana tau tuh minum kaluar dr jd donk yg bawa makan meja jg byr kasir cm tau kluar dr dapur bukan meja kasir teh teh basi,1,12/31/2025 07:23:55,ChIJQfrxTCNthzIRUJJfHhgmJPA
Kopi Janji Jiwa Tomohon,,Andi Baso Agung,nongki nongki lg tomohon yah suasana enak sejuuuuuuuk banget nikmat pandang gunung lokon sore harga makan n minum jangkau,5,12/13/2025 09:14:48,ChIJQfrxTCNthzIRUJJfHhgmJPA
Kopi Janji Jiwa Tomohon,,Prisa Amanda,nyaman makan enak kopi enak jangkau cocok santa nongkrong,5,12/09/2025 09:52:16,ChIJQfrxTCNthzIRUJJfHhgmJPA
Kopi Janji Jiwa Tomohon,,Sahat Parlindungan Hutapea,enak lokasi layan kopi mantap,5,11/27/2025 05:41:46,ChIJQfrxTCNthzIRUJJfHhgmJPA
Kopi Janji Jiwa Tomohon,,zanzan Baziad,indah staf bantu suasana makan nyaman cocok cuaca,5,11/15/2025 11:58:21,ChIJQfrxTCNthzIRUJJfHhgmJPA
Kopi Janji Jiwa Tomohon,,Farhan,tempat nyaman barista layan ramah makan enak,5,10/25/2025 08:34:45,ChIJQfrxTCNthzIRUJJfHhgmJPA
Kopi Janji Jiwa Tomohon,,Jemmy Palempung,bagus,5,09/28/2025 15:21:30,ChIJQfrxTCNthzIRUJJfHhgmJPA
Kopi Janji Jiwa Tomohon,,Asa Dilaga,minum pdhl kopi item banyak org tempat kopi tp kerja tlg perhati layan,1,09/14/2025 10:32:45,ChIJQfrxTCNthzIRUJJfHhgmJPA
Kopi Janji Jiwa Tomohon,,Marselino Maleke,nya cozy bagus kumpul kumpul teman layan fasilitas nya bagus recommended banget,5,09/05/2025 07:03:22,ChIJQfrxTCNthzIRUJJfHhgmJPA
Kopi Janji Jiwa Tomohon,,Daniel Judah,bagus minum kopi gunung lokon pandang ruang buka kedai kopi bagus udara segar pandang alami tenang cocok kumpul santai temanteman minum makan enak bukan daya tarik utama tempat bersih awat tidak milik parkir khusus parkir parkir jalan area tempat tutup masuk tempat buka pagi cocok ngopi pagipagi,5,09/03/2025 07:49:07,ChIJQfrxTCNthzIRUJJfHhgmJPA
Kopi Janji Jiwa Tomohon,,Lytha Pijoh,pesan sapo menit baby cornnya asam hazelnut choco hazelnutnya bukan hazelnut tidak fasilitas sedia meja,4,08/21/2025 01:28:00,ChIJQfrxTCNthzIRUJJfHhgmJPA
Kopi Janji Jiwa Tomohon,,Edo B,nyaman makan siang suasana teduh nyaman makan sedia pilih ringan berat mantap,5,08/13/2025 07:12:15,ChIJQfrxTCNthzIRUJJfHhgmJPA
Kopi Janji Jiwa Tomohon,,Irene Z,kereeen banget tempat alam pandang bagus udara sejuk pas santa ngopi,5,07/18/2025 01:40:52,ChIJQfrxTCNthzIRUJJfHhgmJPA
Kopi Janji Jiwa Tomohon,,zenith,spot bagus fotofoto cocok kumpulkumpul tempat nyaman luas pandang indah udara segar,5,07/08/2025 10:38:12,ChIJQfrxTCNthzIRUJJfHhgmJPA
Kopi Janji Jiwa Tomohon,,bocil gaming,enakksuasana sejuk pandang indah,4,07/07/2025 09:25:17,ChIJQfrxTCNthzIRUJJfHhgmJPA
Kopi Janji Jiwa Tomohon,,Ray Leonardo Ransulangi,sejuk nyaman cocok utk org introvert,5,07/03/2025 07:23:15,ChIJQfrxTCNthzIRUJJfHhgmJPA
Kopi Janji Jiwa Tomohon,,Aprilia April,asyikk mnum kopi tomohon,5,07/01/2025 12:41:13,ChIJQfrxTCNthzIRUJJfHhgmJPA
Kopi Janji Jiwa Tomohon,,Natalia Adriana,ngopi baik ditomohon,5,06/24/2025 23:55:10,ChIJQfrxTCNthzIRUJJfHhgmJPA
Kopi Janji Jiwa Tomohon,,Taufiq Putra,sih the real ngopi with view,5,06/13/2025 06:46:54,ChIJQfrxTCNthzIRUJJfHhgmJPA
Kopi Janji Jiwa Tomohon,,lily pijoh,pandang indah latar gunung lokon karyawannya ramah kopi enak and murah,5,05/27/2025 02:53:58,ChIJQfrxTCNthzIRUJJfHhgmJPA
Kopi Janji Jiwa Tomohon,,Andy Rezki Juliarno,pandang gunung lokon takjub,5,05/24/2025 23:59:01,ChIJQfrxTCNthzIRUJJfHhgmJPA
Kopi Janji Jiwa Tomohon,,Julita Bernadeth,makan antar pesan tutu jam menit ready kondisi unjung orang,4,05/12/2025 05:26:43,ChIJQfrxTCNthzIRUJJfHhgmJPA
Kopi Janji Jiwa Tomohon,,Gabriel,pesan spaghetti bolognese k spaghetti k warong,1,05/12/2025 02:51:51,ChIJQfrxTCNthzIRUJJfHhgmJPA
Kopi Janji Jiwa Tomohon,,TONNY NANGKA,banyakpilihan menu lokal mapun international layan ramah coba spagheti ok,5,05/08/2025 12:08:56,ChIJQfrxTCNthzIRUJJfHhgmJPA
Kopi Janji Jiwa Tomohon,,mariana kilis,ngopi nyaman satu alam klo sore dingin kondisi kota tomohon yg dingin makan pilih menu,4,04/07/2025 08:05:11,ChIJQfrxTCNthzIRUJJfHhgmJPA
Kopi Janji Jiwa Tomohon,,Snap Fire,tempat nyaman tidak ramai cocok nongkrong istirahat sebentar layan ramah cepat,5,03/31/2025 09:38:00,ChIJQfrxTCNthzIRUJJfHhgmJPA
Kopi Janji Jiwa Tomohon,,Rivaldo Ruaw,layan,5,03/31/2025 09:20:58,ChIJQfrxTCNthzIRUJJfHhgmJPA
Kopi Janji Jiwa Tomohon,,Oktafio Mamangkey,kali nyaman tempat enak kerja ngobrol layan tidak kecewa,5,03/31/2025 09:09:39,ChIJQfrxTCNthzIRUJJfHhgmJPA
GARAGE COFFE LAB,,Mawar Rauf,karyawan layan kurang mantap menu pisang goreng aja jam baik layan nyaaa,1,12/29/2025 11:17:14,ChIJ-YAlrZ0BhzIRNt2dJrX4aO8
GARAGE COFFE LAB,,Donz Palar,layan lambat,1,11/05/2025 07:32:50,ChIJ-YAlrZ0BhzIRNt2dJrX4aO8
GARAGE COFFE LAB,,Sha Zam,kecewa pesan tunggu jam jam info makan habis,1,11/03/2025 06:00:13,ChIJ-YAlrZ0BhzIRNt2dJrX4aO8
GARAGE COFFE LAB,,Emily Chan71,ayam gepreknya ayam sambal pakai tomat kyk dabu tidak masuk lidah,2,09/28/2025 06:58:11,ChIJ-YAlrZ0BhzIRNt2dJrX4aO8
GARAGE COFFE LAB,,GR F,kesini april cicip kopi makan enak pesan kopi palem pisang goreng sambal roa fetucini carbonara rekomendasi,5,04/23/2025 13:45:01,ChIJ-YAlrZ0BhzIRNt2dJrX4aO8
GARAGE COFFE LAB,,Anna Ko,kedai kopirestoran bagus suasana pilih damba makan barat sandwich dll kopi minum enak bitung tidak internasionalturis butuh minggu nikmat makan lokal,4,04/04/2025 02:43:23,ChIJ-YAlrZ0BhzIRNt2dJrX4aO8
GARAGE COFFE LAB,,Iyan Mulyadi,cafe garage sempurna santa nikmat suasana unik konsep industrial keren dekorasi ala garasi cafe nuansa beda banyak nongkrong makan minum tidak kalah tarik menu variatif kopi kualitas hidang lezat kunjung istimewa barista staf ramah layan profesionalisme cafe garage hadir live music event tarik tambah seru cocok nongkrong teman nikmat suasana nyaman rekomendasi,5,02/28/2025 12:49:02,ChIJ-YAlrZ0BhzIRNt2dJrX4aO8
GARAGE COFFE LAB,,patrick tenda,enak seru tempat,5,01/17/2025 02:41:56,ChIJ-YAlrZ0BhzIRNt2dJrX4aO8
GARAGE COFFE LAB,,Smoothy Aiko,tunggu makan jam,2,12/28/2024 12:32:18,ChIJ-YAlrZ0BhzIRNt2dJrX4aO8
GARAGE COFFE LAB,,Voyska Eranda Daleru,adem biar abis makan duduk kg bakarlota cocok for reuni teman,5,11/27/2024 23:16:50,ChIJ-YAlrZ0BhzIRNt2dJrX4aO8
GARAGE COFFE LAB,,Lavenia Kawet,bagus kafe ahli layan,5,11/15/2024 13:41:04,ChIJ-YAlrZ0BhzIRNt2dJrX4aO8
GARAGE COFFE LAB,,Memey Angkouw,makan nya jam tidak nyampe nyampe,1,10/19/2024 12:55:29,ChIJ-YAlrZ0BhzIRNt2dJrX4aO8
GARAGE COFFE LAB,,Jolly Manoppo,yg cocok santai tunggu mobil yg cuci,5,09/13/2024 02:48:07,ChIJ-YAlrZ0BhzIRNt2dJrX4aO8
GARAGE COFFE LAB,,Indri Kembi,tidak profesional makan jam,1,07/13/2024 13:38:27,ChIJ-YAlrZ0BhzIRNt2dJrX4aO8
GARAGE COFFE LAB,,ARRON JACOBUS,enak nongkrong kerja,4,05/30/2024 14:25:50,ChIJ-YAlrZ0BhzIRNt2dJrX4aO8
GARAGE COFFE LAB,,Ratna Rahim,bagus layan,5,05/25/2024 01:18:25,ChIJ-YAlrZ0BhzIRNt2dJrX4aO8
GARAGE COFFE LAB,,Selly Puspa,makan enak terima kasih,4,04/27/2024 13:47:54,ChIJ-YAlrZ0BhzIRNt2dJrX4aO8
GARAGE COFFE LAB,,Mern,rekomendasi kunjung pokok favorit makan enak nyaman aman makan makan ringan makan siang mobil cuci harga standar,5,03/30/2024 06:31:42,ChIJ-YAlrZ0BhzIRNt2dJrX4aO8
GARAGE COFFE LAB,,Deirus Rizki Khair,panggung ruang,5,03/04/2024 06:48:03,ChIJ-YAlrZ0BhzIRNt2dJrX4aO8
GARAGE COFFE LAB,,basrin tunaloin,maaf rating owner tegur layan karyawan pesan makan wkt jam yg sengaja jg bayar lai yg pasti jk bukti trm ksh,1,02/15/2024 11:07:14,ChIJ-YAlrZ0BhzIRNt2dJrX4aO8
GARAGE COFFE LAB,,monalisa Tatoda,cuci mobil makan enak pilih acnya dingin cocok cuaca bitung panas kering lembab,5,02/01/2024 14:08:48,ChIJ-YAlrZ0BhzIRNt2dJrX4aO8
GARAGE COFFE LAB,,yanas prabuana,steak wagyu kurang enak mohon baik cita saos tidak padan garnish tidak sesuai makan overall its okay layan suasana cozzy feel banget nongkrong,4,01/05/2024 06:44:10,ChIJ-YAlrZ0BhzIRNt2dJrX4aO8
GARAGE COFFE LAB,,Susana Theys,hang out bitung cozy,5,12/04/2023 11:44:39,ChIJ-YAlrZ0BhzIRNt2dJrX4aO8
GARAGE COFFE LAB,,Alvin Oktavianus,ok nggu mobil cuci duduk santai ruang ber ac makan minum,4,11/25/2023 09:08:08,ChIJ-YAlrZ0BhzIRNt2dJrX4aO8
GARAGE COFFE LAB,,ChefKingdom27,kesana bareng teman amerika menu bagus,5,10/25/2023 07:14:10,ChIJ-YAlrZ0BhzIRNt2dJrX4aO8
GARAGE COFFE LAB,,Yanto Caddy,t favorit ngopi es kopi brown sugar verry recommended,5,10/08/2023 14:16:18,ChIJ-YAlrZ0BhzIRNt2dJrX4aO8
Wisata Bahari Kawasan Megamas,,Jajan Nyok,makan kota manado letak pinggir laut nikmat view nya varian menu seafood ayam daging enak minum kelapa batok lemon tea kopi teh lainlain kalo nikmat view bagus sore malam nikmat sunset indoor outdoor yaaa,4,05/26/2025 08:07:19,ChIJ_wmqbxF1hzIRbJQd11yHsVA
Wisata Bahari Kawasan Megamas,,Stanley Supit,restaurant sea food lengkap manado laut kawsan bahu mall pantai manado menu makan lengakp utk sea food chinese food halal pkknya the best,5,08/11/2024 02:31:44,ChIJ_wmqbxF1hzIRbJQd11yHsVA
Wisata Bahari Kawasan Megamas,,Yvets _To,makan eunak acara hut reuni,5,08/06/2024 22:00:30,ChIJ_wmqbxF1hzIRbJQd11yHsVA
Wisata Bahari Kawasan Megamas,,Noly Legi,mampir antar langgan indrive unjung,5,07/08/2024 16:00:31,ChIJ_wmqbxF1hzIRbJQd11yHsVA
Wisata Bahari Kawasan Megamas,,Hesni Theo,cocok santap keluarga porsi makan makan enak lezat,5,06/01/2024 14:13:26,ChIJ_wmqbxF1hzIRbJQd11yHsVA
Wisata Bahari Kawasan Megamas,,Hart Shu,layan jempu,5,03/20/2024 08:01:25,ChIJ_wmqbxF1hzIRbJQd11yHsVA
Wisata Bahari Kawasan Megamas,,Enggelin Mainti,suasana pantai yg romantis,5,03/07/2024 01:37:26,ChIJ_wmqbxF1hzIRbJQd11yHsVA
Wisata Bahari Kawasan Megamas,,Hanna Pramandari,baik makan nikmat matahari benam kawasan kota manado mes ikan bakar bobara saji sambal dabu dabu rica tumis kangkung air jeruk nipis rekomendasi baik lobster harga ikan kons tumis sayur k lokasi nikmat laut cakrawala manado,5,07/30/2023 11:46:44,ChIJ_wmqbxF1hzIRbJQd11yHsVA
Wisata Bahari Kawasan Megamas,,Ferdinand Lendo,makan enak,5,07/06/2023 09:06:38,ChIJ_wmqbxF1hzIRbJQd11yHsVA
Wisata Bahari Kawasan Megamas,,Estelita Mangare,makan enakenak layan ramah,5,05/27/2023 14:29:57,ChIJ_wmqbxF1hzIRbJQd11yHsVA
Wisata Bahari Kawasan Megamas,,Rudswie Yone,parkir luas makan enak staf ramah,5,05/20/2023 05:04:22,ChIJ_wmqbxF1hzIRbJQd11yHsVA
Wisata Bahari Kawasan Megamas,,Raflin Uno,keluarga suasana pandang kota manado indah,5,04/21/2023 06:19:55,ChIJ_wmqbxF1hzIRbJQd11yHsVA
Wisata Bahari Kawasan Megamas,,Indrajid N,pesan goropu bakar udang asin ikan segar tidak istimewa,3,03/30/2023 13:58:55,ChIJ_wmqbxF1hzIRbJQd11yHsVA
Wisata Bahari Kawasan Megamas,,Stenley,pribadidatang wisata bahari moment tak lupa,5,02/13/2023 22:56:43,ChIJ_wmqbxF1hzIRbJQd11yHsVA
Wisata Bahari Kawasan Megamas,,kamdi akang,tempatmya nyaman makan enak layan,4,01/22/2023 08:02:38,ChIJ_wmqbxF1hzIRbJQd11yHsVA
Alang Alang Cafe & Resto,,Marianne R,kesini krna anak suka steak sayang beef steaknya kosong tp chicken steak jg tidak mngecewakan anak suka bgt puji makan yg premium harga sesuai dgn kualitas masuk utk minum yg kurang lidah anak order chocolate ice blend yg mnurut coklat kurangdominan susu ice lemon tea jg tea lemon tidak asa,5,01/25/2026 10:46:45,ChIJo_zDMxdthzIReefrJXyDoSU
Alang Alang Cafe & Resto,,JEVI FERDINAN MONINTJA,skalii nya pesan pesan jam jam pesan yg pesan salah saki maag makan,1,01/18/2026 11:18:30,ChIJo_zDMxdthzIReefrJXyDoSU
Alang Alang Cafe & Resto,,Zhenin,suasana bagus makan bawah standard pesan nasi goreng menunngu super,1,01/18/2026 06:18:42,ChIJo_zDMxdthzIReefrJXyDoSU
Alang Alang Cafe & Resto,,Yonanta Asa dilaga,pegawai gada senyum tusuk gigi tidak kasi pandang enteng rokok tinggal bilang hilang kalo tidak niat kerja gausa kerja,1,01/08/2026 06:34:31,ChIJo_zDMxdthzIReefrJXyDoSU
Alang Alang Cafe & Resto,,Drew,lokasi strategis layan ramai layan memberitahu buat makan putus tunggu estimasi yg makan sesuai dgn estimasi yg well done nasi goreng hot plate wagyu steak bbq sauce mie kuah cakalang sop buntut pancake choco ice cream pisang goroho ori,5,12/30/2025 04:38:33,ChIJo_zDMxdthzIReefrJXyDoSU
Alang Alang Cafe & Resto,,Vinsmoke,saji makan layan bad attitude,1,12/28/2025 14:18:52,ChIJo_zDMxdthzIReefrJXyDoSU
Alang Alang Cafe & Resto,,Rafifa Bunga Jashinta,pesan jeruk steak nunggu jam,1,12/27/2025 12:10:30,ChIJo_zDMxdthzIReefrJXyDoSU
Alang Alang Cafe & Resto,,elang yudha,bngt yng catat order salah,1,12/27/2025 12:08:50,ChIJo_zDMxdthzIReefrJXyDoSU
Alang Alang Cafe & Resto,,Arthur Wongkar,yg hobi beef steak tidak manado,5,12/16/2025 08:45:03,ChIJo_zDMxdthzIReefrJXyDoSU
Alang Alang Cafe & Resto,,Bonita Sumaga,klo kelas resto tidak nunggu smpe jam,2,12/14/2025 07:09:38,ChIJo_zDMxdthzIReefrJXyDoSU
Alang Alang Cafe & Resto,,Jennifer Towert,satusatunya orang buka ya tidak erti duduk ambil pesan bawa minum hilang menit staf liar tanpa nasi goreng buruk alami indonesia bingung makan layan buruk makan buruk sikap buruk atur bangun bagus,2,11/06/2025 07:06:42,ChIJo_zDMxdthzIReefrJXyDoSU
Alang Alang Cafe & Resto,,Chita Sidharto,makan enak,5,10/12/2025 22:03:26,ChIJo_zDMxdthzIReefrJXyDoSU
Alang Alang Cafe & Resto,,Immanuel Tungka,makan siang kota tomohon keluarga tondano,4,10/08/2025 22:12:11,ChIJo_zDMxdthzIReefrJXyDoSU
Alang Alang Cafe & Resto,,Jimmy Auw,nikmat steak daging sapi tenderloin sirloin alang alang resto tomohon masak sempurna air aroma es teh segar suasana nyaman pandang indah tunggu makan kurang menit alam makan siang nikmat rekomendasi,5,09/22/2025 11:31:36,ChIJo_zDMxdthzIReefrJXyDoSU
Alang Alang Cafe & Resto,,Jeffrey Claudius,tempat asri makan nikmat enjoy,5,09/09/2025 05:51:16,ChIJo_zDMxdthzIReefrJXyDoSU
Alang Alang Cafe & Resto,,Oktaviani Jonas,layan sdh jam nunggu pdhl lg tidak rame plus hrga buku menu kasir beda buku menu belum update hrsnya sprti tidak blh trjd dirmh makan,1,09/06/2025 10:09:51,ChIJo_zDMxdthzIReefrJXyDoSU
Alang Alang Cafe & Resto,,Marco Untu,many colok listrik gk pdhl tempat very wfcwfr support,4,08/30/2025 00:46:15,ChIJo_zDMxdthzIReefrJXyDoSU
Alang Alang Cafe & Resto,,François Morin,biasa makan barbekyu enak daging rumah prancis iga sapi ya lemak bersenangsenang lapar ambil piring enak banget rekomendasi,5,08/16/2025 12:55:57,ChIJo_zDMxdthzIReefrJXyDoSU
Alang Alang Cafe & Resto,,Surya Wicaksana (surgum),berangkat manado yg pas hangat panas tomohon yg sejuk lokasi tidak susah temu homy udara sejuk pohon wajib cobain sop buntut deh,5,08/02/2025 13:35:59,ChIJo_zDMxdthzIReefrJXyDoSU
Alang Alang Cafe & Resto,,Viani Mewo,enak sop buntut top,5,07/31/2025 09:25:55,ChIJo_zDMxdthzIReefrJXyDoSU
Alang Alang Cafe & Resto,,Filly Kalalo,bersih nyaman layan muas makananya enak komplit joszzz,5,07/31/2025 09:22:16,ChIJo_zDMxdthzIReefrJXyDoSU
Alang Alang Cafe & Resto,,Mashudi Adi Nugroho,makan cozy cocok romatic dinner,5,07/18/2025 12:48:56,ChIJo_zDMxdthzIReefrJXyDoSU
Alang Alang Cafe & Resto,,mr wayong wayong,makan barat baik,5,06/13/2025 10:49:21,ChIJo_zDMxdthzIReefrJXyDoSU
Alang Alang Cafe & Resto,,elvaretta agustin,tenderloin steaknya enak,4,05/12/2025 13:19:24,ChIJo_zDMxdthzIReefrJXyDoSU
Alang Alang Cafe & Resto,,Johan Myway,lumayan santa koq sepi ya hujan,4,03/24/2025 03:36:17,ChIJo_zDMxdthzIReefrJXyDoSU
Alang Alang Cafe & Resto,,De Xpl0r3r,lokasi strategis parkir free dgn objek wisata gunung lokon bukit doa gunung mahawu vihara ekayana pusat kota tomohon jarak km udara adem sehat pohon minus pesan makan kurang menit sedia makan pes,4,02/15/2025 14:09:40,ChIJo_zDMxdthzIReefrJXyDoSU
Alang Alang Cafe & Resto,,Evi Tombeng Galilea,baik,5,02/01/2025 16:21:25,ChIJo_zDMxdthzIReefrJXyDoSU
Dapur Desa,,Laudya Aneke,dapur desa makan sempurnah enak suka baik makan makan keluarga teman anak anak suami makan,5,10/25/2025 07:15:03,ChIJGdE9klABhzIRDMu9QqnUO8A
Dapur Desa,,Syalom Smeilan,makan baik bawa anak anak suami makan senang makan enak pelayanannyajuga anak anak suami suka,5,10/17/2025 07:02:51,ChIJGdE9klABhzIRDMu9QqnUO8A
Dapur Desa,,Warrick Lightfellow,makan enak bitung cari tuna,5,08/13/2025 15:43:06,ChIJGdE9klABhzIRDMu9QqnUO8A
Dapur Desa,,Dave Angkouw,layan,1,03/20/2025 12:35:26,ChIJGdE9klABhzIRDMu9QqnUO8A
Dapur Desa,,River Song,coba rahang tuna bakar ndak nyesel daging tebal masak ndak kering rekomendasi milik sambelnya yg ndak makan pedes hatihati rating harga sesuai makan layan ramah kurang sayang krn pesan,5,08/11/2024 10:17:15,ChIJGdE9klABhzIRDMu9QqnUO8A
Dapur Desa,,Adi Surya (ADIS),restoran ikan bakar enak,4,08/06/2024 03:39:12,ChIJGdE9klABhzIRDMu9QqnUO8A
Dapur Desa,,Tribrata Putra Rianto,ikan mujair daging lembut pelayananya cepat harga jangkau murah,5,07/17/2024 01:20:40,ChIJGdE9klABhzIRDMu9QqnUO8A
Dapur Desa,,Julandy Bandu,seni ledak tarik,5,07/17/2024 01:03:05,ChIJGdE9klABhzIRDMu9QqnUO8A
Dapur Desa,,Elly Samuel,kota bitung jangan tidak mampir rahang tuna oci bakar mantul,5,05/14/2024 07:31:50,ChIJGdE9klABhzIRDMu9QqnUO8A
Dapur Desa,,Lovell Michael Tombokan,makan ikan bakar dada tuna rahang tuna fovorit ikanikan,1,04/03/2024 00:10:54,ChIJGdE9klABhzIRDMu9QqnUO8A
Dapur Desa,,Amelia Pardi,enak sih cm banget,5,11/10/2023 10:46:54,ChIJGdE9klABhzIRDMu9QqnUO8A
Dapur Desa,,Siswanto 86,makan siang unjung menu recommended tuna bakar enak,4,04/28/2023 09:31:36,ChIJGdE9klABhzIRDMu9QqnUO8A
Dapur Desa,,Indra Kusuma,baik enak butuh beli mobil daihatsu hub,5,02/26/2023 12:48:10,ChIJGdE9klABhzIRDMu9QqnUO8A
"Kelapa 17 Megamas - Kepala, Rusuk, Kaki Babi",,Berlin septenus Zalukhu,makan enak layan cepat,5,01/23/2026 08:28:36,ChIJ5ylDPxp1hzIRPNpK2eUXKPE
"Kelapa 17 Megamas - Kepala, Rusuk, Kaki Babi",,Harlis Harefa,kesini ajak teman gacor,5,01/14/2026 15:40:42,ChIJ5ylDPxp1hzIRPNpK2eUXKPE
"Kelapa 17 Megamas - Kepala, Rusuk, Kaki Babi",,arif tel,da baik,5,01/14/2026 15:30:17,ChIJ5ylDPxp1hzIRPNpK2eUXKPE
"Kelapa 17 Megamas - Kepala, Rusuk, Kaki Babi",,Krisman Daniel Waruwu,puas alam makan malam menu variatif harga jangkau sesuai kualitas tempat cocok kumpul keluarga temanteman rumah makan favorit kali puas makan konsisten layan profesional ramah tempat awat bersih masakan khas lokal autentik,5,01/06/2026 12:36:23,ChIJ5ylDPxp1hzIRPNpK2eUXKPE
"Kelapa 17 Megamas - Kepala, Rusuk, Kaki Babi",,Finca Lestina Nazara,makan enak layan cepat karyawan ramah,5,01/06/2026 12:28:42,ChIJ5ylDPxp1hzIRPNpK2eUXKPE
"Kelapa 17 Megamas - Kepala, Rusuk, Kaki Babi",,Kezia gloryadachi,makan enak layan ramahramah,5,01/06/2026 12:18:10,ChIJ5ylDPxp1hzIRPNpK2eUXKPE
"Kelapa 17 Megamas - Kepala, Rusuk, Kaki Babi",,Jhonly Michael Rogi,makan ragey meter puas pokok makan enak beda pes makan takut dingin makan capcay tinggal bungkus,5,01/05/2026 15:57:56,ChIJ5ylDPxp1hzIRPNpK2eUXKPE
"Kelapa 17 Megamas - Kepala, Rusuk, Kaki Babi",,Safri dawolo,suasana makan the best,5,01/04/2026 15:20:56,ChIJ5ylDPxp1hzIRPNpK2eUXKPE
"Kelapa 17 Megamas - Kepala, Rusuk, Kaki Babi",,mayu sugimoto,mes menu khas babi bakar babi goreng kangkung goreng hidang bakar saji kejut betapa perilaku staf bakar bumbu manis lezat syukur tidak toko buka,5,01/01/2026 14:09:22,ChIJ5ylDPxp1hzIRPNpK2eUXKPE
"Kelapa 17 Megamas - Kepala, Rusuk, Kaki Babi",,Yarusu Lahagu,andal keluarga,5,12/26/2025 10:24:16,ChIJ5ylDPxp1hzIRPNpK2eUXKPE
"Kelapa 17 Megamas - Kepala, Rusuk, Kaki Babi",,Andi kriswan Mendrofa,lidah tak bohong,5,12/26/2025 10:09:32,ChIJ5ylDPxp1hzIRPNpK2eUXKPE
"Kelapa 17 Megamas - Kepala, Rusuk, Kaki Babi",,Nengah Suantara,layan tidak kuasa menu makan yg jual pesan makan paket tidak sayur kasir bayar layan panggil tidak salah nama layan zuvi pesan babi tore yg babi goreng warna coklat gelap kecewa,1,12/26/2025 04:54:51,ChIJ5ylDPxp1hzIRPNpK2eUXKPE
"Kelapa 17 Megamas - Kepala, Rusuk, Kaki Babi",,Zaman Zega,keluarga babi,5,12/20/2025 16:22:26,ChIJ5ylDPxp1hzIRPNpK2eUXKPE
"Kelapa 17 Megamas - Kepala, Rusuk, Kaki Babi",,Meikarianis Zega,kelapa yg d ruko lantai rame poll,5,12/20/2025 16:19:40,ChIJ5ylDPxp1hzIRPNpK2eUXKPE
"Kelapa 17 Megamas - Kepala, Rusuk, Kaki Babi",,glen pateh,sen makan jam menit sampe tolong baik manage pesan nya rurut jangan konsumen asam lambung makan sampe,1,12/20/2025 09:51:32,ChIJ5ylDPxp1hzIRPNpK2eUXKPE
"Kelapa 17 Megamas - Kepala, Rusuk, Kaki Babi",,Muhammad Raihan Assagaf,butuh tambah orang,5,12/13/2025 12:03:53,ChIJ5ylDPxp1hzIRPNpK2eUXKPE
"Kelapa 17 Megamas - Kepala, Rusuk, Kaki Babi",,melisa gledis Watung,duluan pesan orang yg trus bilang habis kariawan nyinyir parah makan,1,12/12/2025 12:18:31,ChIJ5ylDPxp1hzIRPNpK2eUXKPE
"Kelapa 17 Megamas - Kepala, Rusuk, Kaki Babi",,BI HANA,kepala babi orang lauk enak dasar alam layak kunjung,4,12/08/2025 05:45:25,ChIJ5ylDPxp1hzIRPNpK2eUXKPE
"Kelapa 17 Megamas - Kepala, Rusuk, Kaki Babi",,KKH,hidang daging babi lezat harga jangkau saji pilih ac ruang hangat area teluk ruang es brenebon harus,5,11/14/2025 09:19:04,ChIJ5ylDPxp1hzIRPNpK2eUXKPE
"Kelapa 17 Megamas - Kepala, Rusuk, Kaki Babi",,이주희,item menu tidak iga babi enak staf ramah kecewa kurang bersih,4,11/12/2025 08:20:11,ChIJ5ylDPxp1hzIRPNpK2eUXKPE
"Kelapa 17 Megamas - Kepala, Rusuk, Kaki Babi",,Yohanes Legimin,ragey yg yg kurang yah sulit bilang,5,11/10/2025 04:58:56,ChIJ5ylDPxp1hzIRPNpK2eUXKPE
"Kelapa 17 Megamas - Kepala, Rusuk, Kaki Babi",,kurlev Vy,lokasi pinggir pantai lihat orang mancing mania mangstab makan ruko pondok seberang jalan kepala babi is good goreng original daging babi porsi org sambal dabudabu also is good,5,10/29/2025 10:45:33,ChIJ5ylDPxp1hzIRPNpK2eUXKPE
"Kelapa 17 Megamas - Kepala, Rusuk, Kaki Babi",,Rafael Rudolf Wenur,kali rekomendasi temen enak iga bakar knckle kepala madu mantap,5,10/19/2025 13:48:33,ChIJ5ylDPxp1hzIRPNpK2eUXKPE
"Kelapa 17 Megamas - Kepala, Rusuk, Kaki Babi",,Giovanny Daely,kepala babi coba mas kelapa baik,5,10/19/2025 08:58:17,ChIJ5ylDPxp1hzIRPNpK2eUXKPE
"Kelapa 17 Megamas - Kepala, Rusuk, Kaki Babi",,Marvel Ndruma,makan cepat pas lapar enak,5,10/19/2025 08:44:43,ChIJ5ylDPxp1hzIRPNpK2eUXKPE
"Kelapa 17 Megamas - Kepala, Rusuk, Kaki Babi",,xtinct77able,jalan manado nikmat babi,5,10/17/2025 06:08:10,ChIJ5ylDPxp1hzIRPNpK2eUXKPE
"Kelapa 17 Megamas - Kepala, Rusuk, Kaki Babi",,Roby Stevi Lumbu,makan enak menu tidak sedia,3,10/13/2025 01:54:34,ChIJ5ylDPxp1hzIRPNpK2eUXKPE
"Kelapa 17 Megamas - Kepala, Rusuk, Kaki Babi",,Mike S,pilih daging babi enak kelapa benarbenar sesuai reputasi enak makan tomohon menu wajib coba buku jari babi jual cepat harga lumayan mahal manado nikmat banget staf cepat sesuai standar manado,5,10/09/2025 07:00:29,ChIJ5ylDPxp1hzIRPNpK2eUXKPE
"Kelapa 17 Megamas - Kepala, Rusuk, Kaki Babi",,Carina Tuwaidan,mantap layan maksimal pesan hangus layan maaf ganti makan ba baik manado,5,10/03/2025 19:39:41,ChIJ5ylDPxp1hzIRPNpK2eUXKPE
Taman Kelong Cafe dan Resto,,EKO PRIHARTONO,rekreasi area manado resto tempat asri luas mushola,5,01/27/2026 06:59:16,ChIJWUBg-YlthzIRAzQCK6RuK94
Taman Kelong Cafe dan Resto,,sissyanti Kaluwulang,kalo nyari makan bfast brunch lunch dinner kesini aja resto estetik tomohon foto foto cantikk biaya masuk otang base on experience kali kesini pesan makan minum banget kemejaa kalo kesini lapar biar pas lapar makan adaa,4,01/27/2026 06:27:30,ChIJWUBg-YlthzIRAzQCK6RuK94
Taman Kelong Cafe dan Resto,,Firdaus,makan enak pas istri minggu siang makan hidang jam tunggu manajemen dapur baik,3,01/26/2026 04:35:52,ChIJWUBg-YlthzIRAzQCK6RuK94
Taman Kelong Cafe dan Resto,,ficellia maria,nya bagus makan nya oke layan nya aneh foto pakai kamera tegur trus foto pakai hp dilihatin orang kasir bikin tidak nyaman aneh banget kayak liat manusia aja,2,01/21/2026 06:40:37,ChIJWUBg-YlthzIRAzQCK6RuK94
Taman Kelong Cafe dan Resto,,Kadek Anggi Krisnawan,kendara menit manado town square restoran keliling tanam hijau pandang bukit danau gunung pandang sungguh indah taman kelong langsung favorit tomohon tidak coba makan makan siang suasana suasana sejuk tenang segar cocok santa nikmat alam tiket masuk k tukar makan minum kafe bagus area luas ruang berjalanjalan nikmat pandang layak kunjung,5,01/17/2026 04:43:34,ChIJWUBg-YlthzIRAzQCK6RuK94
Taman Kelong Cafe dan Resto,,Spydi,objek wisata alam keliling taman bunga danau biaya masuk rp orang tukar air mineral botol ml kue bangket restoran tawar makan minum kali kunjung mes daging sapi lada hitam spageti carbonara masakan asin pandang sungguh takjub cocok kunjung teman keluarga pasang,5,01/16/2026 05:39:53,ChIJWUBg-YlthzIRAzQCK6RuK94
Taman Kelong Cafe dan Resto,,Rian Manus,nyaman libur spot foto,5,01/15/2026 03:00:04,ChIJWUBg-YlthzIRAzQCK6RuK94
Taman Kelong Cafe dan Resto,,Princessa Tundo,tempat bagusmakananya enak sedia makananmemiliki foto pelayananya ramah,5,01/13/2026 03:16:44,ChIJWUBg-YlthzIRAzQCK6RuK94
Taman Kelong Cafe dan Resto,,Agata Tundo,tepat bangus indahsejuk nyaman layan ramah sopan makan enak tempat bersih milik spot foto bagus,5,01/13/2026 02:58:22,ChIJWUBg-YlthzIRAzQCK6RuK94
Taman Kelong Cafe dan Resto,,Lestary Tindas,indah nyaman sejuk makan enak cepat sampai layan,5,01/13/2026 02:06:02,ChIJWUBg-YlthzIRAzQCK6RuK94
Taman Kelong Cafe dan Resto,,Mii Mine,tempat bagus suasana alam natural biaya masuk rp rb px tukar air mineral kue tradisional tukar tix sulit kasir tidak kenan tukar tix tukar bawah tukar tix situ konsumsi situ aneh tukar air mineral kena tukar tix air mineral minum situ notes there is pig barn nearby,1,01/10/2026 08:50:43,ChIJWUBg-YlthzIRAzQCK6RuK94
Taman Kelong Cafe dan Resto,,Gagah Triambodo,nyaman santai,5,01/10/2026 00:43:38,ChIJWUBg-YlthzIRAzQCK6RuK94
Taman Kelong Cafe dan Resto,,borneo Div5,tidak rekomendasi pelayananya,1,01/09/2026 04:02:08,ChIJWUBg-YlthzIRAzQCK6RuK94
Taman Kelong Cafe dan Resto,,Salakory Christin,tolong diupdate jam buka ya belum ready terima order makan jam nunggu jam loh order makan baik komunikasi tugas bilang jam order bilang jam,2,01/06/2026 04:26:45,ChIJWUBg-YlthzIRAzQCK6RuK94
Taman Kelong Cafe dan Resto,,Thekensh guy,tempat makan bagus pesan banget jam tunggu tidak,2,01/04/2026 11:43:12,ChIJWUBg-YlthzIRAzQCK6RuK94
Taman Kelong Cafe dan Resto,,Quincey xilia,ba tunggu makan ba antri sembakolma,2,01/04/2026 05:25:03,ChIJWUBg-YlthzIRAzQCK6RuK94
Taman Kelong Cafe dan Resto,,Quensa Lumintang,layan nya kurang tunggu makan nya sampe jam pdhl nasi gorengsudah pesan orang yg,1,01/03/2026 10:44:48,ChIJWUBg-YlthzIRAzQCK6RuK94
Taman Kelong Cafe dan Resto,,Hans Bachtiar,suasana view bintang sayang alam yg sejuk kontaminasi bau terna yg sengat,4,01/03/2026 08:12:28,ChIJWUBg-YlthzIRAzQCK6RuK94
Taman Kelong Cafe dan Resto,,Debby Sondakh,suasana pandang udara wow the best makan ok bersih ok,5,12/27/2025 00:08:57,ChIJWUBg-YlthzIRAzQCK6RuK94
Taman Kelong Cafe dan Resto,,Caemae tida,oke bgs santai foto foto makan banget nyampe meja nyampe bajang makananya duluan makan jam bilang sampe x layan tetep msdh belum parah orang bad mood jam an order skrng jam sore belum nyampe jam sdh tunggu haduhh,3,12/26/2025 08:42:15,ChIJWUBg-YlthzIRAzQCK6RuK94
Taman Kelong Cafe dan Resto,,Bayu Sindrianata,makan enak viewnya bagus kurang tp tanam n danau buat yg bikin liat adem,5,11/29/2025 08:54:47,ChIJWUBg-YlthzIRAzQCK6RuK94
Taman Kelong Cafe dan Resto,,Ranggi Achdiat,tempat bagus pandang takjub jenis tanam makan ayam kungpow cakalang rica pilih bagus,5,11/27/2025 12:05:13,ChIJWUBg-YlthzIRAzQCK6RuK94
Taman Kelong Cafe dan Resto,,Melody Mamonto,mantap kurang kopi sih ribu dpa kopi bgtu suasana deng pandang yg bagus lansung dpa ta iko deng kopi lebih pandang dll mantap,5,11/25/2025 22:53:33,ChIJWUBg-YlthzIRAzQCK6RuK94
Taman Kelong Cafe dan Resto,,elly sugiarta,sejuk makan lezat lengkap,5,11/24/2025 12:14:41,ChIJWUBg-YlthzIRAzQCK6RuK94
Taman Kelong Cafe dan Resto,,Bayu Wibisana,makan enak minum enak tempat nyaman,5,11/18/2025 16:00:18,ChIJWUBg-YlthzIRAzQCK6RuK94
Taman Kelong Cafe dan Resto,,Christa Widjaja,makan enak patut coba,5,11/17/2025 13:44:14,ChIJWUBg-YlthzIRAzQCK6RuK94
Taman Kelong Cafe dan Resto,,KKH,rekomendasi teman cuaca tidak sempurna bagus mampir keliling tidak mes makan kenyang tampil bagus saji,5,11/16/2025 04:31:58,ChIJWUBg-YlthzIRAzQCK6RuK94
Taman Kelong Cafe dan Resto,,Jonathan Karwur,layan yg sopan ramahhmakan cepat sajimantull bangetspv cantik,5,11/15/2025 11:21:27,ChIJWUBg-YlthzIRAzQCK6RuK94
Pizza Hut Restoran,,RATNA PALLE,layan muas,5,01/14/2026 11:09:25,ChIJY3jxz28BhzIRvznpDxq_ZKY
Pizza Hut Restoran,,Gabriella Ezra Putri Prasetyo,layan suka,5,01/13/2026 10:33:15,ChIJY3jxz28BhzIRvznpDxq_ZKY
Pizza Hut Restoran,,Chika Najoan,pizza hut bitung ok banget layan,5,01/11/2026 11:36:40,ChIJY3jxz28BhzIRvznpDxq_ZKY
Pizza Hut Restoran,,Olivia renti,cocok kumpul keluargaaamantapp pizza mas dingin,5,01/11/2026 11:31:13,ChIJY3jxz28BhzIRvznpDxq_ZKY
Pizza Hut Restoran,,Gian Me,bagus terima kasih saudari,5,01/11/2026 09:56:45,ChIJY3jxz28BhzIRvznpDxq_ZKY
Pizza Hut Restoran,,Maya Tevillahginsu,staffnya saangat ramah tempat bersih cepat layan nya,5,01/11/2026 09:54:40,ChIJY3jxz28BhzIRvznpDxq_ZKY
Pizza Hut Restoran,,Fatir Djafar,bersih layan ramai polll makan enaak,5,01/10/2026 07:16:23,ChIJY3jxz28BhzIRvznpDxq_ZKY
Pizza Hut Restoran,,Keepflyy,puas layan ramah pesan cepat kesini domino,5,01/08/2026 11:27:00,ChIJY3jxz28BhzIRvznpDxq_ZKY
Pizza Hut Restoran,,Steven Husain,mantappp driver gojekk sllu ambilorderan pizza hut bitungg cepatttttdan karyawannya gercepp mantap,5,01/08/2026 11:14:36,ChIJY3jxz28BhzIRvznpDxq_ZKY
Pizza Hut Restoran,,Dniell,mantappp piza hut bitunggg,5,01/08/2026 09:19:18,ChIJY3jxz28BhzIRvznpDxq_ZKY
Pizza Hut Restoran,,Josef Wattimury,tidak sedia minum hangat,3,12/28/2025 00:43:54,ChIJY3jxz28BhzIRvznpDxq_ZKY
Pizza Hut Restoran,,FrisquellaRegina Sanjaya,kalo bingung cari cemilan yg suka anggota keluarga pilih jatuh pizza gampang suka cocok,4,12/27/2025 14:37:19,ChIJY3jxz28BhzIRvznpDxq_ZKY
Pizza Hut Restoran,,Reza Mokodompit,layan ramah,5,12/22/2025 10:09:11,ChIJY3jxz28BhzIRvznpDxq_ZKY
Pizza Hut Restoran,,Febrian Yehezkiel Daniel,tidak kecewa,5,11/18/2025 10:28:43,ChIJY3jxz28BhzIRvznpDxq_ZKY
Pizza Hut Restoran,,Mark Lanongbuka,kasir cantik,5,11/18/2025 08:38:39,ChIJY3jxz28BhzIRvznpDxq_ZKY
Pizza Hut Restoran,,Abdurr Suma,tempat nyaman smoking area enak okok makan enak pizza durian nya,5,11/18/2025 08:32:11,ChIJY3jxz28BhzIRvznpDxq_ZKY
Pizza Hut Restoran,,SUNNY HEO,pizza setengahsetengah sedia set konfigurasi salad buah koktail buah pizzanya ringan lezat manajer aula tugas layan aula pizza saji pizza adon dingin,4,10/01/2025 05:30:16,ChIJY3jxz28BhzIRvznpDxq_ZKY
Pizza Hut Restoran,,Jennifer Aprily,cocok santap keluarga tidak beli besok ambil enak,5,06/07/2025 19:23:44,ChIJY3jxz28BhzIRvznpDxq_ZKY
Pizza Hut Restoran,,Dzikrul Fikri,idola pizza no ahhhhhhhh ramah ceria,5,04/21/2025 11:18:42,ChIJY3jxz28BhzIRvznpDxq_ZKY
Pizza Hut Restoran,,Gwain's World,menu tidak lengkap,4,04/17/2025 10:18:45,ChIJY3jxz28BhzIRvznpDxq_ZKY
Pizza Hut Restoran,,Philippe Solages,tidak restoran pizza kota ya tuhan jaring pizza buruk harga mahal kali janji amerika meksiko kanada,1,04/04/2025 05:19:12,ChIJY3jxz28BhzIRvznpDxq_ZKY
Coto Makassar Phoenix Manado,,Gladies Theresia,cotonya enakkurangnya hnya menu tidak harganyaada baik taruh harga makan minumanya,5,10/20/2025 12:15:33,ChIJDQk1EBl1hzIRY4GNJdUVUfo
Coto Makassar Phoenix Manado,,Yohanis Larungkondo,suasana yg nyaman,5,09/24/2025 17:12:40,ChIJDQk1EBl1hzIRY4GNJdUVUfo
Coto Makassar Phoenix Manado,,Grip Grip,pesan go food coto tidak kasih tauco kecewa,1,07/13/2025 05:22:12,ChIJDQk1EBl1hzIRY4GNJdUVUfo
Coto Makassar Phoenix Manado,,heidy Sisilia,nasi goreng asin pas kompalin layan jawab bukan masak layan kurang,1,07/11/2025 05:25:39,ChIJDQk1EBl1hzIRY4GNJdUVUfo
Coto Makassar Phoenix Manado,,Regina Beret,pesan ayam lalap yg paha yg dada layan respon tidak tulis nya layan pake headset pas komplain tidak sesuai pesan nya layan bawa makan blakang bcrita kasir tidak bawa makan yg dpa blg paha abis yg tnpa konfirmasi lebe sblm pesan paksa makan karna lapar masuk kasir kali klo tidak konfirmasi trus pesan org kalo tulis nya kasir org papua tatawa nya pandang enteng lalap tidak enak nasi kering keras ayam kering asin coto makkasar harga mahal tidak enak paksa makan krna nae asam lambung terimakasih,1,06/23/2025 14:13:35,ChIJDQk1EBl1hzIRY4GNJdUVUfo
Coto Makassar Phoenix Manado,,Nur Deifi Datuela,harga mahal payah banget nyesel makan disni jangan,1,05/14/2025 14:13:44,ChIJDQk1EBl1hzIRY4GNJdUVUfo
Coto Makassar Phoenix Manado,,Marchelline Fratama,mahal tp porsi seeutik kalo orang sunda bilang krn nemu coto makassar yg daging nya tp rb porsi tp sayang pindah lokasi,4,04/10/2025 05:00:22,ChIJDQk1EBl1hzIRY4GNJdUVUfo
Coto Makassar Phoenix Manado,,Yulia Widyasari,enak coba daging gigit anakanak tidak ac bebas rokok,5,12/22/2024 07:48:37,ChIJDQk1EBl1hzIRY4GNJdUVUfo
Coto Makassar Phoenix Manado,,Aldin Aldin,cocok bilang sup banding coto,1,11/28/2024 04:43:36,ChIJDQk1EBl1hzIRY4GNJdUVUfo
Coto Makassar Phoenix Manado,,Val Cute,legenda coto manado,5,11/22/2024 10:00:33,ChIJDQk1EBl1hzIRY4GNJdUVUfo
Coto Makassar Phoenix Manado,,Cody Windy,bintang toko tidak wujud d ditu kosongtutup,1,11/05/2024 11:42:56,ChIJDQk1EBl1hzIRY4GNJdUVUfo
Coto Makassar Phoenix Manado,,Joel Anderson,milik coto baik manado layan cepat makan enak selamat robby staf,5,10/23/2024 14:48:43,ChIJDQk1EBl1hzIRY4GNJdUVUfo
Coto Makassar Phoenix Manado,,J.R Jeffry BOELOERAN,tidak menu,4,09/06/2024 01:49:25,ChIJDQk1EBl1hzIRY4GNJdUVUfo
Coto Makassar Phoenix Manado,,Caroline Beasley,makan enak layan cepat suasana estetic,5,08/30/2024 06:04:53,ChIJDQk1EBl1hzIRY4GNJdUVUfo
Coto Makassar Phoenix Manado,,Petter Hentongseke,coto kedok makasar banyak vetsin kayak beda coto makasar beda,1,05/06/2024 09:44:32,ChIJDQk1EBl1hzIRY4GNJdUVUfo
Coto Makassar Phoenix Manado,,Indra Kountur,tempat bersih nyaman layan ramah,5,01/11/2024 04:24:31,ChIJDQk1EBl1hzIRY4GNJdUVUfo
Coto Makassar Phoenix Manado,,Sergeyenev Manfred,saji hidang soto tahan bertahuntahun,5,10/03/2023 04:20:20,ChIJDQk1EBl1hzIRY4GNJdUVUfo
Coto Makassar Phoenix Manado,,Donald Parengkuan,makan coto favorit pandemi kali makan tempat modern kuah encer tidak untung request condiment seledry bawang goreng racik kuah harga lumayan kalo banding beli coto foodcourt fresh overall suka beda,5,09/25/2023 15:34:05,ChIJDQk1EBl1hzIRY4GNJdUVUfo
Coto Makassar Phoenix Manado,,Kerstan Djaja,kangen coto makassar khas tempat letak pinggir jalan sam ratulangi coto makassar nya daging nya kuah nya enak tidak coto makassar sedia pilih makan recommended,5,07/02/2023 09:16:05,ChIJDQk1EBl1hzIRY4GNJdUVUfo
Coto Makassar Phoenix Manado,,Hertje Supit,cotto andal kemanadokalau pulang kawangkoan singgah layan suasana mantap tidak terang benderang pokok mantap,5,06/20/2023 11:06:14,ChIJDQk1EBl1hzIRY4GNJdUVUfo
Coto Makassar Phoenix Manado,,Farno F Abdul,istimewa makassar,5,03/01/2023 12:34:20,ChIJDQk1EBl1hzIRY4GNJdUVUfo
Coto Makassar Phoenix Manado,,Steviana Kulas,jangan lupa kunjung toko informa electronic megamall dapat promomenarik guys,5,01/28/2023 07:06:28,ChIJDQk1EBl1hzIRY4GNJdUVUfo
Coto Makassar Phoenix Manado,,Febry Fidelia,menyukainyauu cotto bagus asli saji cotto ketupat nasi kukus bungkus daun kelapa ketupat saji pisah pilih ketupat minum cottonya enak layan kurang ramah banget kesana bintang layan bayar kartu terima,5,01/20/2023 12:46:23,ChIJDQk1EBl1hzIRY4GNJdUVUfo
Tomohon Grill,,Adnariko,tempat bagus daging enak lagu bagus panggang nikmat musik,5,12/17/2025 12:19:31,ChIJxwJDjQ5thzIRinWjKfRRCXs
Tomohon Grill,,Leontine Lobud,layan makan enak,5,11/08/2025 10:27:23,ChIJxwJDjQ5thzIRinWjKfRRCXs
Tomohon Grill,,Yovanka N Manuhutu,tomohon grill keren,5,11/08/2025 10:25:28,ChIJxwJDjQ5thzIRinWjKfRRCXs
Tomohon Grill,,Vella Founder,harga makan tidak worth it bahan makan rusak saji utk kelas bbq tidak lettuce kimchi layan resto resto review bgs bru bonus ice cream,1,11/02/2025 04:41:56,ChIJxwJDjQ5thzIRinWjKfRRCXs
Tomohon Grill,,Clarence Rori,layan muas ramah,5,10/27/2025 10:39:56,ChIJxwJDjQ5thzIRinWjKfRRCXs
Tomohon Grill,,YT XLuB,enakk puas,5,10/25/2025 08:49:11,ChIJxwJDjQ5thzIRinWjKfRRCXs
Tomohon Grill,,Grace Ruth Alow,layan nyaman makan enak,5,10/24/2025 13:14:34,ChIJxwJDjQ5thzIRinWjKfRRCXs
Tomohon Grill,,Juliana Sumanti,makan enak,5,10/22/2025 09:41:47,ChIJxwJDjQ5thzIRinWjKfRRCXs
Tomohon Grill,,Anugerah Christian Rompis,tempat bagus makan muas layan ok,5,10/22/2025 09:37:07,ChIJxwJDjQ5thzIRinWjKfRRCXs
Tomohon Grill,,Jessika Kaidun,best restaurant grill in tomohon north sulawesi,5,09/29/2025 11:38:29,ChIJxwJDjQ5thzIRinWjKfRRCXs
Tomohon Grill,,Calvin Wongso,tempat cozy makan enak,5,09/01/2025 12:32:07,ChIJxwJDjQ5thzIRinWjKfRRCXs
Tomohon Grill,,Brandon Saviola,tempat nyaman enak,5,09/01/2025 12:27:40,ChIJxwJDjQ5thzIRinWjKfRRCXs
Tomohon Grill,,Megi Tindangen,prosedur ngacooo makan biarr happy badmood sadddd,1,08/17/2025 12:26:11,ChIJxwJDjQ5thzIRinWjKfRRCXs
Tomohon Grill,,Kimon 2005,baikbaik restoran kosong tidak alas jera,5,08/01/2025 13:48:54,ChIJxwJDjQ5thzIRinWjKfRRCXs
Tomohon Grill,,Maria Maria,suka banget kesini loh cantik banget estetik instagramable kadang kesini keluarga kadang bareng temen kantor kadang bareng temen maen kalo booking acara khusus loh acara wisuda lamar ultah wedding meeting kantor tinggal hubung aja nomer adminnya puding wuiihh nagih gaess salad buah aduh seger banget cuaca panas gin ya side dish nya enakenak beef ayam mie lengkap deh trus kalo ambil paket ya daging alamaaakk banyaaak banget tidak pelit deh puas makan kenyang bangeeet suasana cozy nyaman banget yad private cocok acara ultah wedding meeting kantor banget ya dekorasi cantik kini bagus spot foto tampil konsep modern traditional sama acara wedding simple loh orang bikin acara lamar romantis alaala barat film titanic aduh cocok banget tau makan enak bersih pandang bagus ribu orang grill beef pork chicken puas selada seger gaess murah bangeeett ayo buru kesini berkalikali kesini ultah meeting kantor meet up bareng temen akuparkirnya luas ruang makan lega makan top,5,07/31/2025 00:22:37,ChIJxwJDjQ5thzIRinWjKfRRCXs
Tomohon Grill,,Felicia Bella Kurniawan,tidak ulas buruk buruk jangan,1,07/20/2025 09:38:34,ChIJxwJDjQ5thzIRinWjKfRRCXs
Tomohon Grill,,Calvin Arthur,tempat nyama daging fresh bumbu saos enak recommended,5,06/26/2025 06:15:57,ChIJxwJDjQ5thzIRinWjKfRRCXs
Tomohon Grill,,R Alfin Zaneta Sumpena,tempat bersih bebas refill layan ramah,5,06/21/2025 08:39:52,ChIJxwJDjQ5thzIRinWjKfRRCXs
Tomohon Grill,,Agung saputra sarniawan Hambali,bersih bagus,5,06/21/2025 08:36:49,ChIJxwJDjQ5thzIRinWjKfRRCXs
Tomohon Grill,,Roni Lie,nyaman kumpul keluarga makan cocok orang jakarta b,5,06/12/2025 12:30:09,ChIJxwJDjQ5thzIRinWjKfRRCXs
The Gade Coffee & Gold Bitung,,Zulkifli Tarimakase,keren tempat cocok orang santai tunggu teman,5,01/03/2026 06:24:13,ChIJaZQQZqIBhzIRhtl6NtMyBYo
The Gade Coffee & Gold Bitung,,ATG Paradise,bitung langgan malam ngopi v varian bean nya kurang lebih ok nyaman,5,12/25/2025 13:52:33,ChIJaZQQZqIBhzIRhtl6NtMyBYo
The Gade Coffee & Gold Bitung,,kevin learmonth,kafe bagus bitung parkir kafe mes tembak ganda flat white mangkuk nasi ayam teriyaki makan oke barista hasil kopi fw minta panas kopi oke kafe tata,4,07/09/2025 01:30:01,ChIJaZQQZqIBhzIRhtl6NtMyBYo
The Gade Coffee & Gold Bitung,,Rivaldi Mulia Rachman,base kopi enak,5,02/24/2025 16:42:58,ChIJaZQQZqIBhzIRhtl6NtMyBYo
The Gade Coffee & Gold Bitung,,mac mcque,pisang goreng kopi enak saus pedas,5,01/09/2025 02:47:12,ChIJaZQQZqIBhzIRhtl6NtMyBYo
The Gade Coffee & Gold Bitung,,Elliot Morgan,paul yesi ramah hati kopi enak coba camil lokal wifi bagus,5,12/09/2024 03:01:46,ChIJaZQQZqIBhzIRhtl6NtMyBYo
The Gade Coffee & Gold Bitung,,Sisil Rompa,makan minum enak recommended layan tempat nyaman estetik,5,11/27/2024 06:04:25,ChIJaZQQZqIBhzIRhtl6NtMyBYo
The Gade Coffee & Gold Bitung,,Rafael Pinasang,baikdan makan enakdan layan ramah,5,11/27/2024 04:56:13,ChIJaZQQZqIBhzIRhtl6NtMyBYo
The Gade Coffee & Gold Bitung,,Fanly Makagiansar,tempat bagus nogkrong minum enak,5,11/26/2024 04:11:49,ChIJaZQQZqIBhzIRhtl6NtMyBYo
The Gade Coffee & Gold Bitung,,Lusi Maria,layan bagus makan enakkkk,5,11/25/2024 04:18:20,ChIJaZQQZqIBhzIRhtl6NtMyBYo
The Gade Coffee & Gold Bitung,,Ever Kaunang,rekommm matchaanyee wenakk,5,11/23/2024 14:44:11,ChIJaZQQZqIBhzIRhtl6NtMyBYo
The Gade Coffee & Gold Bitung,,diana lidia,suka banget kopi pisang enakkk,5,11/23/2024 07:03:36,ChIJaZQQZqIBhzIRhtl6NtMyBYo
The Gade Coffee & Gold Bitung,,Fajri Maulana Anugrah,coba kopi asin enak tempat tenang baca buku lainlain unjung,5,11/23/2024 03:42:30,ChIJaZQQZqIBhzIRhtl6NtMyBYo
The Gade Coffee & Gold Bitung,,CCTV Manado,thax kopi enak oke,5,11/22/2024 04:51:13,ChIJaZQQZqIBhzIRhtl6NtMyBYo
The Gade Coffee & Gold Bitung,,F LIANDRI,pergi acara penting suka kopi minum ekstra van leening moca,5,11/19/2024 04:28:30,ChIJaZQQZqIBhzIRhtl6NtMyBYo
The Gade Coffee & Gold Bitung,,Adie Siby,tempat nyaman,5,11/18/2024 14:42:27,ChIJaZQQZqIBhzIRhtl6NtMyBYo
The Gade Coffee & Gold Bitung,,Hasni Yunus,minum nya enak fresh saji cepat kasir ramah,5,11/15/2024 05:06:39,ChIJaZQQZqIBhzIRhtl6NtMyBYo
The Gade Coffee & Gold Bitung,,Airmadidi Stockpoint,suka,5,11/15/2024 02:07:01,ChIJaZQQZqIBhzIRhtl6NtMyBYo
The Gade Coffee & Gold Bitung,,Eric,servis bagus suasana nyaman makan enak jangkau,5,11/14/2024 10:19:57,ChIJaZQQZqIBhzIRhtl6NtMyBYo
The Gade Coffee & Gold Bitung,,ireyne Polii,favoritooo matchaaaaaa enakk poullll,5,11/11/2024 14:50:52,ChIJaZQQZqIBhzIRhtl6NtMyBYo
The Gade Coffee & Gold Bitung,,Luciana Leonard,rice bowl nya enak,5,11/11/2024 12:06:16,ChIJaZQQZqIBhzIRhtl6NtMyBYo
The Gade Coffee & Gold Bitung,,Cl,kopi enak cium aroma staf ramah rekomendasi barang bagus suasana dingin senang kali,5,11/07/2024 03:10:40,ChIJaZQQZqIBhzIRhtl6NtMyBYo
RM Sahabat Nelayan - Ikan Bakar,,Yanni Rahayu,rm sahabat nelayan manado makan favorit saji hidang ikan bakar seafood,5,09/30/2025 08:24:10,ChIJyRmZwuafhzIRpwWXfT9kiWQ
RM Sahabat Nelayan - Ikan Bakar,,YORKS,cumi wokuwoku lezat saksi langit matahari benam restoran tanpa katakata sempurna,5,11/02/2024 10:28:55,ChIJyRmZwuafhzIRpwWXfT9kiWQ
RM Sahabat Nelayan - Ikan Bakar,,Devita Ratag,makan yg makananya enak pas minggu makan dsini layan nya ngak makan hambar parah nasi yg saji dingin,1,09/19/2024 01:59:10,ChIJyRmZwuafhzIRpwWXfT9kiWQ
RM Sahabat Nelayan - Ikan Bakar,,Pharrusu id,layan bersih,5,09/06/2024 10:39:27,ChIJyRmZwuafhzIRpwWXfT9kiWQ
RM Sahabat Nelayan - Ikan Bakar,,John Runturambi,pesan bungkus hasil ikan bakar asin dabu asin paksa makan nasi sayur kangkung,1,06/23/2024 12:24:17,ChIJyRmZwuafhzIRpwWXfT9kiWQ
RM Sahabat Nelayan - Ikan Bakar,,Melani Adrian,our fave restaurant ikan segar tumis kangkung enak sayang tidak promo gratis es teh jaring wifinya jg rusak overall dr makan layan atmosfer,5,05/30/2024 05:17:42,ChIJyRmZwuafhzIRpwWXfT9kiWQ
RM Sahabat Nelayan - Ikan Bakar,,Milky Way,dar saran makan yg pesan gofood pakai dos bukan pakai tas plastik pasca erupsi gunung pakai sadar sedikitabu bangan dimanamana makan dos aman rm lai pesan taruh dos,3,04/30/2024 13:11:29,ChIJyRmZwuafhzIRpwWXfT9kiWQ
RM Sahabat Nelayan - Ikan Bakar,,Solafide Dylan Sukarame,makan enak layan,3,03/29/2024 06:03:07,ChIJyRmZwuafhzIRpwWXfT9kiWQ
RM Sahabat Nelayan - Ikan Bakar,,Harry Budihardjo,sup talas bobara lao lezat,5,06/13/2023 11:15:41,ChIJyRmZwuafhzIRpwWXfT9kiWQ
RM Sahabat Nelayan - Ikan Bakar,,Daniel R,tempat kotor minyak semut lalat layan tidak ramah proses masak makan nyaman sepi tidak rekomended,1,05/06/2023 05:21:07,ChIJyRmZwuafhzIRpwWXfT9kiWQ
RM Sahabat Nelayan - Ikan Bakar,,PERDANA DALAWA,makan enak layan,5,04/29/2023 08:13:45,ChIJyRmZwuafhzIRpwWXfT9kiWQ
RM Sahabat Nelayan - Ikan Bakar,,Siswanto 86,enak ramai unjung,4,04/28/2023 04:35:40,ChIJyRmZwuafhzIRpwWXfT9kiWQ
RM Sahabat Nelayan - Ikan Bakar,,sherly tampian,tuna rahang sempurna sambal bakar rica enak tidak suka dabu,4,02/12/2023 01:29:42,ChIJyRmZwuafhzIRpwWXfT9kiWQ
RM Sahabat Nelayan - Ikan Bakar,,agus timbuleng,makan ikan laut kota manado,5,01/25/2023 22:34:38,ChIJyRmZwuafhzIRpwWXfT9kiWQ
RM Sahabat Nelayan - Ikan Bakar,,Edwin Rey,kali langsung kesan,5,01/06/2023 10:57:57,ChIJyRmZwuafhzIRpwWXfT9kiWQ
RM Sahabat Nelayan - Ikan Bakar,,Erni Viana,makan enak ikan segar gratis acar sup betetalas ambil pesan ikan bobara bakar kerapu tingkat matang pas makan ya karna bakar pesan sayur kangkung enak sayang porsi sayut kangkung,4,01/01/2023 08:50:35,ChIJyRmZwuafhzIRpwWXfT9kiWQ
Gardenia Country Inn,,Carmen Sprus,sayang alam akomodasi buruk jalan indonesia hotel tua sayang manamana khawatir inap tidak terima tanggap reaksi kecewa satusatunya tamu properti sepi tidak minum selamat penting restoran tutup iklan kenal tidak komunikasi kontak langsung datang kamar temu hewan mati tarik perhati semut paham dekat alam tidak terima hotel kena tarif rp malam inap hotelhotel indonesia kali bagus empat harga satusatunya aspek positif rekomendasi sarap makan siang pandang indah staf ramah hati milik serius timbang tetap harga nilai tawar iklan kecewa,2,01/10/2026 05:36:40,ChIJWyuBs5RshzIRsLaRoM5O4Rg
Gardenia Country Inn,,Andreta Talita,pesan makan gilir lauk nasi stengah jam layan blg klo pesan makan tidak lapar mending nyari bagus foto doang,1,12/27/2025 08:19:52,ChIJWyuBs5RshzIRsLaRoM5O4Rg
Gardenia Country Inn,,Jolijn De Heer,sarap baik sulawesi,5,11/15/2025 05:25:43,ChIJWyuBs5RshzIRsLaRoM5O4Rg
Gardenia Country Inn,,Sylvie PEIZERAT,inap makan siang,5,11/04/2025 21:00:28,ChIJWyuBs5RshzIRsLaRoM5O4Rg
Gardenia Country Inn,,Rainer Schmucker,layan tidak andal tunggu hidang utama hidang buka sup ikan kepala ikan belah,2,10/02/2025 13:30:15,ChIJWyuBs5RshzIRsLaRoM5O4Rg
Gardenia Country Inn,,Lody Ticoalu,to those that rating this business with or even star do bear in mind that they just classified the establishment under stars category definitely they cant keep up with your expectations dearly beloved karens belum manajemen hospitality erti milik staff bisnis tidak muas berkunjungmenginap therefore a stars over reading most of other reviewers would justified enough keepitup,5,09/22/2025 02:08:36,ChIJWyuBs5RshzIRsLaRoM5O4Rg
Gardenia Country Inn,,Akbar Hidayatullah,lokasi yg indah kunjung,5,09/21/2025 06:35:06,ChIJWyuBs5RshzIRsLaRoM5O4Rg
Gardenia Country Inn,,Rehard Nur Arbiyudha,indah,5,09/21/2025 01:16:19,ChIJWyuBs5RshzIRsLaRoM5O4Rg
Gardenia Country Inn,,Lestari Dewi,salad kacang ragey iga spageti saus tradisional menang,5,08/20/2025 08:34:23,ChIJWyuBs5RshzIRsLaRoM5O4Rg
Gardenia Country Inn,,Paul Zwinkels,pondok bagus taman indah makan enak sarap buah segar,5,07/27/2025 11:21:50,ChIJWyuBs5RshzIRsLaRoM5O4Rg
Gardenia Country Inn,,S vd Giessen,lingkung bagus tunggu jam makan harap timbang pesan staf ramah makan mahal tidak istimewa makan tidak hangat saji,3,07/22/2025 05:49:14,ChIJWyuBs5RshzIRsLaRoM5O4Rg
Gardenia Country Inn,,Silke Schmitt,pergi restoran taman pandang indah tunggu menit minum teh jam makan mie kuah sederhana tidak tamu pelihara sisa kualitas makan tidak,2,07/16/2025 10:08:25,ChIJWyuBs5RshzIRsLaRoM5O4Rg
Gardenia Country Inn,,T0mmie,utara sulawesi tidak penuh wisatawan pilih hotel tidak gardenia tonjol istimewa milik kebun nama duduk ruang makan utama fungsi lobi santa minum selamat kunci barang bawa kamar milik kamar pondok bangun orang tinggal malam ruang tamu sofa meja kursi kulkas fasilitas kopiteh temu botol air kamar kamar tidur luas kamar tidur pintu kamar tidur temu wastafel cuci belah pancur toilet pintu pisah kamar mandi bagus panas tidur tidur nyenyak ukur king lembut tua usang tingkat opsi bangun mushola kumandang adzan kompleks militer dekat bunyi terompet burung huni taman bising sifat subjektif tidak ganggu taman benarbenar patut kagum diberitahu milik staf kerja bunga kolam indah ragam burung lihat buat sungguh takjub duduk teras nikmat makan malam malam tidak pilih makan oke pilih orang tidak saji panas luke hangat hangat milik microwavesarapannya sederhana pilih buahbuahan jus orang telur pilih hadap taman indah gunung lokon terkadang hilang awan cuaca ubah hujan turun bawa payung capai kamar keringkamu pilih minum harga jangkau nikmat area pusat kamarmujuga situs pustaka duduk santa pilih obat nyamuk malam bawa hotel bagus taman daya tarik utamanyajika ulas manfaat sila pilih manfaat bantu nikmat tinggal,3,06/28/2025 23:59:59,ChIJWyuBs5RshzIRsLaRoM5O4Rg
Gardenia Country Inn,,Hansye Mokalu,libur cari tenang alam jaga,5,06/14/2025 13:48:21,ChIJWyuBs5RshzIRsLaRoM5O4Rg
Gardenia Country Inn,,Kristian Hansen,tempuh jalan sulawesi tugas dokumentasi pariwisata akomodasi bertanyatanya tidak pelihara jalan indah makan buat pesona segar lezat milik manis jalan keluarga staf malam padan malam inap minggu musafir harga alam alam buka tidak turis harap mewah,5,05/21/2025 13:37:01,ChIJWyuBs5RshzIRsLaRoM5O4Rg
Gardenia Country Inn,,Bilpo,jangan pikir makan siang butuh jam layan pesan putus ambil makan aneh tidak banding sabar jam,1,04/26/2025 17:57:51,ChIJWyuBs5RshzIRsLaRoM5O4Rg
Gardenia Country Inn,,Charisma Christy,tidak ramah butuh jam menit saji makan siang,1,04/06/2025 07:39:51,ChIJWyuBs5RshzIRsLaRoM5O4Rg
Gardenia Country Inn,,IanWriter,gardenia country inn hotel santai nyaman kamarkamar senang gaya konstruksi kayu lokal hotel milik tamantaman indah hasil kerja keras milik puluh jajah koleksi bunga kolam sungai tanam spesimen bagus taman kelas dunia tara baik duniasaya pikir makan lezat rekomendasi smoothie buah benarbenar baik rasa punini alam inap senang,4,03/28/2025 23:59:59,ChIJWyuBs5RshzIRsLaRoM5O4Rg
Gardenia Country Inn,,Darmadi Chandra,bagus tenteram damai,5,03/22/2025 02:06:04,ChIJWyuBs5RshzIRsLaRoM5O4Rg
Gardenia Country Inn,,Frank Persijn,taman indah burung istimewa,1,03/01/2025 11:55:32,ChIJWyuBs5RshzIRsLaRoM5O4Rg
Gardenia Country Inn,,Dave,tempat bagus makan enak texas obrol staf milik orangorang rendah hati suasana senang bunga pandang keluarga teman istri pacar harus,5,02/18/2025 08:04:42,ChIJWyuBs5RshzIRsLaRoM5O4Rg
Gardenia Country Inn,,Guido Silvester Adrian Christanto,roomnya homy makan tunggu viewnya cakep bgt harga,4,01/29/2025 12:45:29,ChIJWyuBs5RshzIRsLaRoM5O4Rg
Gardenia Country Inn,,Sky Phoa,pandang bagus cocok keluarga orang tua taman rapi petugasmya ramah,4,01/26/2025 13:09:38,ChIJWyuBs5RshzIRsLaRoM5O4Rg
Gardenia Country Inn,,Augenblick Mal,indah tinggi sulawesi utara,4,01/15/2025 20:49:04,ChIJWyuBs5RshzIRsLaRoM5O4Rg
Gardenia Country Inn,,Andreas (Birnboim),hotel bungalownya letak taman indah kebun raya cepat kota supermarket sempat makan layan ramah putus jam sore makan malam menu tidak sadar fleksibel kamar sederhana lokasi jumpa semut kecoa kamar sarap mudah jalan sayang tidak pilih telur goreng jenis tanda hapus senang sempat habis ruang baca,4,10/21/2024 06:18:58,ChIJWyuBs5RshzIRsLaRoM5O4Rg
Gardenia Country Inn,,S J,bawa telinga pangkal militer jam pagi speaker tannoy keras musik bicara lokasi jalan utama dengar keras suara gereja sepeda motor pesta duduk kamar tempat rangkai kabin kayu sebar taman kabin sederhana sedia air gratis lengkap mandi kulkas teras kamar mandi bathtub shower tidak ac kipas angin meja tidak butuh udara sejuk tidak brankas masuk lokasi tidak staf awas taman indah tanam beda fitur air jenis burung sarap sederhana pada tidak tinggal bising tutup telinga bantal kepala dengar kabin buat papan kayu sederhana celah kaca tunggal bising dengar a tidak milik air tidak listrikyang atas diri kamar mandi telanjang tidak air listrik tidak telepon resepsionis tidak telepon kamar tidak senang b kamar mandi kabin lelah kotor steker baskom tidak fungsi pancur bocor muncrat arah jamur nat ubin lubang ubin barangbarang bor jatuh kabel tua meliukliuk dinding kamar mandi lembap tidak undang,2,10/21/2024 00:26:42,ChIJWyuBs5RshzIRsLaRoM5O4Rg
Gardenia Country Inn,,Camper45120045482,taman indah pandang gunung rap mahal tidak penuh standar tidak resepsionis tidak informasi datang tidak manajemen staf ramah restoran buruk tidak pilih minum lembut sedia tidak pilih makan seprai kotor berisik malam disko musik keras malam lintas bungalo sudut jauh taman semut bungalo bersih lantai masuk tidak lindung nyamuk tawar jaring spiral dupa dll botol plastik ganti sistem air isi ulang sarap prasmanan relatif buruk layan isi ulang tidak pada sesuai tamu sarap lambat tamasya tidak staf dapur,2,10/19/2024 23:59:59,ChIJWyuBs5RshzIRsLaRoM5O4Rg
Gardenia Country Inn,,ferdinad van draanen,lingkung bagus cinta alam tenang,5,10/19/2024 17:42:22,ChIJWyuBs5RshzIRsLaRoM5O4Rg
Gardenia Country Inn,,Terence V Draanen,super bagus rumah kayu tidak super mewah bersih rapi staf super ramah bantu rekomendasi inap,4,10/16/2024 23:19:21,ChIJWyuBs5RshzIRsLaRoM5O4Rg
"Mie Ba Nabati, Bitung",,Zide Chan,klo coba kuliner non halal plg enak silahkn dsni mienya kenyal homemade tanpa bahan awet babi tore beg goreng juara harga trjangkau,5,12/16/2025 03:27:15,ChIJx9DhtZUBhzIR5Ip47gJXpUI
"Mie Ba Nabati, Bitung",,Emily Chan71,mienya gurih kenyal tidak sayur daging tumis daun kunyit makan mie topping kuah daging babi,3,12/04/2025 12:08:37,ChIJx9DhtZUBhzIR5Ip47gJXpUI
"Mie Ba Nabati, Bitung",,Dung Nguyen,alam bagus kendala bahasa bos menu bahasa inggris tanggap intoleransi pencil sejuk tidak takut sisi buruk bitung hadiah masyarakat ramah makan lezat,5,08/12/2025 15:07:27,ChIJx9DhtZUBhzIR5Ip47gJXpUI
"Mie Ba Nabati, Bitung",,Iyan Mulyadi,mie ba nabati layak coba mienya enak tidak bikin sakit lambungjarangjarang mie cocok lambung ken makan mie nikmat perhati lokasi area padat duduk suasana ramai parkir sempit harga ratarata golong wajar kualitas tawar,4,07/07/2025 14:01:51,ChIJx9DhtZUBhzIR5Ip47gJXpUI
"Mie Ba Nabati, Bitung",,akun Grab,moga owner cepat tobat tidak bagus ba orang laki,1,07/03/2025 07:19:48,ChIJx9DhtZUBhzIR5Ip47gJXpUI
"Mie Ba Nabati, Bitung",,Ferdinand Dende,mie ba enak baik antero sulawesi indonesia deh kayaknyasudah buka depan kwalitas layan bersih pokok enak sekaliii jamin makan simpan ingat,5,06/16/2025 11:18:54,ChIJx9DhtZUBhzIR5Ip47gJXpUI
"Mie Ba Nabati, Bitung",,Lady Francesca,mie ba enak bitung,5,06/16/2025 11:16:02,ChIJx9DhtZUBhzIR5Ip47gJXpUI
"Mie Ba Nabati, Bitung",,Virdigan Nerde,mie nya enak khnyal tanpa bahan awet asli enak banget topping olah b tidak lawan owner karyawannya ramah layan mantap,5,06/16/2025 11:13:56,ChIJx9DhtZUBhzIR5Ip47gJXpUI
"Mie Ba Nabati, Bitung",,Eirene Taniwang,makan tau nya the best mie homemade seng adalawan mana saking nya enak,5,06/16/2025 10:59:23,ChIJx9DhtZUBhzIR5Ip47gJXpUI
"Mie Ba Nabati, Bitung",,Alena Jenan,nanya temen kuliner enak mana yg ngasih saran makan enak unik gitu mie nya kayak udon pas kesana tidak srek owner nya gatau ya owner nya bukan mba gendut gitu tattoan kek judes banget minimal kalo usaha bidang fnb kek gin murah senyum langgan biar langgan tidak lari yaampunn minimal senyum mba takut ye langgan wkwk,1,06/16/2025 03:50:14,ChIJx9DhtZUBhzIR5Ip47gJXpUI
"Mie Ba Nabati, Bitung",,Nina Ri,mienya benarbenar enak makan mie ce spesial telur sungguh enak,5,12/30/2024 07:34:59,ChIJx9DhtZUBhzIR5Ip47gJXpUI
"Mie Ba Nabati, Bitung",,Liany Hui,mienya unik udon tidak eneg cocok pesan versi jumbo klapertartnya best gin gede ribu,4,12/17/2024 10:33:09,ChIJx9DhtZUBhzIR5Ip47gJXpUI
"Mie Ba Nabati, Bitung",,Jonathan B,makan lezat rekomendasi ubah layan bagus akomodatif nikmat makan terima kasih,5,08/06/2024 03:40:09,ChIJx9DhtZUBhzIR5Ip47gJXpUI
"Mie Ba Nabati, Bitung",,Rainhard,tidak profesional jam ba tunggu makan utama makan banding bungkus makan pesan kurang alhasil tunggu pesan lengkap tidak uang suruh tukar warung biarleh makan enak kalo layan kecewa,1,06/13/2024 10:47:41,ChIJx9DhtZUBhzIR5Ip47gJXpUI
"Mie Ba Nabati, Bitung",,Tayara Toesang,layan ramah nya enak kalian,5,04/09/2024 00:08:20,ChIJx9DhtZUBhzIR5Ip47gJXpUI
"Mie Ba Nabati, Bitung",,Roy Tengor,layan buruk,1,03/29/2024 09:16:21,ChIJx9DhtZUBhzIR5Ip47gJXpUI
"Mie Ba Nabati, Bitung",,Mark Emerson,baik,5,10/15/2023 05:08:19,ChIJx9DhtZUBhzIR5Ip47gJXpUI
"Mie Ba Nabati, Bitung",,Christian,makan kenal bitung soto ba nya not bad,4,06/04/2023 11:57:22,ChIJx9DhtZUBhzIR5Ip47gJXpUI
"Mie Ba Nabati, Bitung",,Donald Rian,lokasi masuk gang enak makan nya,5,04/27/2023 14:27:19,ChIJx9DhtZUBhzIR5Ip47gJXpUI
"Mie Ba Nabati, Bitung",,Y3S Story,menu mie ba enak kesini tempat kompleks rumah warga yg padat enak,5,04/18/2023 14:02:58,ChIJx9DhtZUBhzIR5Ip47gJXpUI
Kios Pelangi Wakeke,,Nurman Riyadi Rahman,baik makan bubur manado enak banget bubur porsi sayur banget bilang makan sehat wkwk mantep campur ikan nike nya beuhhh tidak lawan lahh pokok,5,01/04/2026 04:16:35,ChIJdSMSxxV1hzIRfQa9Hbb3eaw
Kios Pelangi Wakeke,,Jehan Bram,sarap langgan visit manado krn dateng vasti pas subuh rajin buka pagi keep it good,5,12/17/2025 11:43:16,ChIJdSMSxxV1hzIRfQa9Hbb3eaw
Kios Pelangi Wakeke,,kayla alexandra and mochi,duduk tidak menu pikir duduk,1,12/14/2025 05:28:09,ChIJdSMSxxV1hzIRfQa9Hbb3eaw
Kios Pelangi Wakeke,,hakimetentara,kali kesini enaak,5,12/06/2025 00:37:15,ChIJdSMSxxV1hzIRfQa9Hbb3eaw
Kios Pelangi Wakeke,,Marlindah J A Sumampow,suka keripik pisang gorohonya,5,11/08/2025 08:09:38,ChIJdSMSxxV1hzIRfQa9Hbb3eaw
Kios Pelangi Wakeke,,Cindy Lontoh,makan tutu campur enak rbporsi sambal roa bakasangnya enak mie ayam tore rbporsi harap mie ayam tore legend ie soa tp belum venue makan belum kayak yg tampil kayak cafe bagus harga lumayan mahal tutu harga cafe harga kena pajak rest layan lumayan cepat,5,10/30/2025 07:01:32,ChIJdSMSxxV1hzIRfQa9Hbb3eaw
Kios Pelangi Wakeke,,mario vegas,bubur manado nya enak,5,09/07/2025 09:51:18,ChIJdSMSxxV1hzIRfQa9Hbb3eaw
Kios Pelangi Wakeke,,Sams Bahri,makan makan khas manado salah satu yg rekomended bubur manado orang manado bilang tutu belum lengkap manado klo tidak makan bubur manado pas dateng luar sepi pas masuk full tidak bagi kursi untung yg sharing meja,5,08/11/2025 04:35:02,ChIJdSMSxxV1hzIRfQa9Hbb3eaw
Kios Pelangi Wakeke,,Chimogmog,sarap enak nyaman manado suka mie cakalang gado pisang goreng sepatu putus enak bubur ayam saponya enak enak deh,5,08/05/2025 13:12:16,ChIJdSMSxxV1hzIRfQa9Hbb3eaw
Kios Pelangi Wakeke,,Moch Ramadhan Rakhas,sedia menu masakan minum khas sulut manado otentik enak cocok utk,5,07/28/2025 06:47:18,ChIJdSMSxxV1hzIRfQa9Hbb3eaw
Kios Pelangi Wakeke,,Siska Wiratandi,menu tutu makan khas manado ruang berac meja lumayan tp atur meja padat,4,07/05/2025 10:35:38,ChIJdSMSxxV1hzIRfQa9Hbb3eaw
Kios Pelangi Wakeke,,Robert C Mandang,makan layan suasana ok parkir jam sibuk,4,06/20/2025 03:41:16,ChIJdSMSxxV1hzIRfQa9Hbb3eaw
Kios Pelangi Wakeke,,Harry Ramadhani,makan tutu bubur manado manado enak ya pakai nike guyur sambal roa alhamdulillah nikmat masyaallah enaaakkkkkm,5,05/29/2025 06:40:54,ChIJdSMSxxV1hzIRfQa9Hbb3eaw
Kios Pelangi Wakeke,,ichiduck,suka banget nasi gila tidak manis yg suka makan manis tidak kuat kek kecap moga koreksi krn tidak gurih kek manis bangetttt bubur manado menu ok enak seepeti,2,05/17/2025 06:14:16,ChIJdSMSxxV1hzIRfQa9Hbb3eaw
Kios Pelangi Wakeke,,Barista Buddy,restoran masakan manado legendaris layan tingkat makan lumayan enak nasi goreng kampung pesan kurang enak margarin minyak goreng bekas suka makan tutup,3,05/08/2025 15:14:41,ChIJdSMSxxV1hzIRfQa9Hbb3eaw
Kios Pelangi Wakeke,,Christabel Emor,enak trakir kalo pesan nyampe poll,5,04/12/2025 03:46:04,ChIJdSMSxxV1hzIRfQa9Hbb3eaw
Kios Pelangi Wakeke,,Kk Ii,makan tutu legend manado tutu alias bubur manado makan khas manado kenal masyarakat indonesia kunjung manado cicip bubur manado karna belum lengkap manado belum nikmat hidang bubur manado bubur khas manado isi unggah foto mie suka mie tutu mie nama midal tutu makan teman perkedel ikan nike perkedel jagung tambah sambal roa khas sulawesi utara rm pelangi kenal nikmat tempat tidak meja meja sedia kursi tempat berac rokok mohon maaf tahan hasrat asap orang layan cepat pegawai lumayan sigap pesan midal perkedel jagung tore arti tore krispi parkir bawa mobil susah parkir parkir batas toilet bersih makan,5,04/05/2025 11:49:51,ChIJdSMSxxV1hzIRfQa9Hbb3eaw
Kios Pelangi Wakeke,,Glenn Santoso,makan enak harga sambal roa mahal aqua gelas mostly minyak harga rb include ppn,2,04/03/2025 06:21:35,ChIJdSMSxxV1hzIRfQa9Hbb3eaw
Kios Pelangi Wakeke,,Henry Palandeng,bagus sarap makan siang makan siang makan favorit orang manado,4,02/19/2025 01:04:06,ChIJdSMSxxV1hzIRfQa9Hbb3eaw
Kios Pelangi Wakeke,,Robby Manangka,makan khas minahasa enak yg harga jangkau layan cepat,5,11/26/2024 16:23:14,ChIJdSMSxxV1hzIRfQa9Hbb3eaw
Kios Pelangi Wakeke,,Sweetly Ester,layan tidak ramah layan nya judes klo tanyaain intonasi suara bad attitude,1,11/19/2024 02:07:13,ChIJdSMSxxV1hzIRfQa9Hbb3eaw
Kios Pelangi Wakeke,,Ananggadipa Abhimantra,bubur manadotinutuan campur pakai mie nya top markotop porsi ngenyangin banget pisang goroho stick pisang french fries kuliner kesan wajib kunjung manado,5,11/07/2024 12:54:28,ChIJdSMSxxV1hzIRfQa9Hbb3eaw
Kios Pelangi Wakeke,,Pradipta Adith,kemarin sempat cicip makan khas manado nyobain bubur tutu kalo tidak salah enak sih banyak kemangi aja enak porsi pas coba pisang goreng enak pas kalo nemenin ngopi begadang pagi ya malam tempat enak nyaman,5,10/27/2024 14:07:47,ChIJdSMSxxV1hzIRfQa9Hbb3eaw
Kios Pelangi Wakeke,,Srijanto Poerwanto,bubur manadonya enak banget,5,10/12/2024 13:22:45,ChIJdSMSxxV1hzIRfQa9Hbb3eaw
Kios Pelangi Wakeke,,Alex Fröhlich,tinituan enak,4,08/22/2024 04:09:34,ChIJdSMSxxV1hzIRfQa9Hbb3eaw
Kios Pelangi Wakeke,,Imman,tinu enak super segar suka dabudabu tomat tidak pedas sambal goreng mantap,5,07/30/2024 23:54:06,ChIJdSMSxxV1hzIRfQa9Hbb3eaw
Kios Pelangi Wakeke,,Mei Mei,makan layan oknum kasir tidak sopan santun tata krama layan customer tidak profesional bukan kali kasir parah jutek intonasi suara kasar tidak tempat kasir,1,07/22/2024 03:41:19,ChIJdSMSxxV1hzIRfQa9Hbb3eaw
Kios Pelangi Wakeke,,Pranoto Lie,resto baik nikmat sarap khas manado,5,06/11/2024 00:54:32,ChIJdSMSxxV1hzIRfQa9Hbb3eaw
RM Green Garden,,Drew,kunjung kesini keluarga layan lokasi strategis makan enak favorit nasi goreng babi bakar nasi goreng sapi spesial,5,11/23/2025 10:52:45,ChIJn4hXYxBthzIRUx_SBDoI3pY
RM Green Garden,,Ignasia Eugenia Pindonta,mostly chinese food menu masakan minahasa tempat bersih nyaman ramah anak pandang gunung lokon makan lantai pilih makan agam lezat,5,11/10/2025 20:38:20,ChIJn4hXYxBthzIRUx_SBDoI3pY
RM Green Garden,,Ray Yanto,daging ikan lembut juicy benarbenar tangkap olah bumbu rempah kuning kaya otentik hangat sempurna tani sambal dabudabu segar keluarga tidak cari rumah makan rumah makan,5,10/21/2025 10:27:49,ChIJn4hXYxBthzIRUx_SBDoI3pY
RM Green Garden,,Jefri Martono,makan yg nyaman healing nikmat sejuk tomohon,5,10/12/2025 05:07:11,ChIJn4hXYxBthzIRUx_SBDoI3pY
RM Green Garden,,Michael Victor,yg tenang bangun lantai ok bersih aman parkir luas,5,10/03/2025 03:38:49,ChIJn4hXYxBthzIRUx_SBDoI3pY
RM Green Garden,,Puncak Explorer (BOOTMAN),chinese food tomohon enak cepat saji,5,09/08/2025 06:48:53,ChIJn4hXYxBthzIRUx_SBDoI3pY
RM Green Garden,,Pascale BONELLI,mahal makan iga babi kentang goreng makan malam daging babi enak saus manis dingin enak harga pedas pajak total harga garam kentang goreng bawa tidak tunggu daging babi panggang kentang goreng sederhana sedia bayar harga sempurna restoran turis tanpa suasana ruang kosong langgan bagus siang pandang,4,08/15/2025 03:09:15,ChIJn4hXYxBthzIRUx_SBDoI3pY
RM Green Garden,,GAMA CCTV,makan enak non halaluntuk keluar makan lamacuma bantu suasana yg sejuk daerah tomohonjadi tidak,5,07/14/2025 12:41:00,ChIJn4hXYxBthzIRUx_SBDoI3pY
RM Green Garden,,Suzie Suzie,tunggu jam makan menit ikan menit butuh menit ikan batal tidak batal kasir bicara manajer bilang tidak manajer,1,05/31/2025 11:40:26,ChIJn4hXYxBthzIRUx_SBDoI3pY
RM Green Garden,,Kiki 056 Tumiwa,menu enak murah,5,05/10/2025 06:42:23,ChIJn4hXYxBthzIRUx_SBDoI3pY
RM Green Garden,,soendjojo soendjojo,sdh lapar jangan resto emosi masak nya baca resep sblm masak he he he harga tidak murah aja,1,04/01/2025 11:46:28,ChIJn4hXYxBthzIRUx_SBDoI3pY
RM Green Garden,,Suyanto Wijaya,makan manado beda tomohon bonus view gunung lokon,4,04/01/2025 10:40:13,ChIJn4hXYxBthzIRUx_SBDoI3pY
RM Green Garden,,wahyu.h. kurnia,daging babi tarik enak makan enak pesan makan saji singkat suasana enak sahabat,5,03/28/2025 03:26:54,ChIJn4hXYxBthzIRUx_SBDoI3pY
RM Green Garden,,Regina Dirk,service tidak muas makan menit tunggu tunggu makan yg tidak sesuai pesan yg pes cumi goreng mentega yg udang goreng mentega tidak resto yg maaf karna salah pesan service buruk,1,03/23/2025 05:13:49,ChIJn4hXYxBthzIRUx_SBDoI3pY
RM Green Garden,,Chimogmog,babi goreng fuyunghainya enak banget babi goreng garinggg lembut banget juara deh jual roti jg,5,02/22/2025 08:55:16,ChIJn4hXYxBthzIRUx_SBDoI3pY
RM Green Garden,,Aprilika Asa,makan santai baku dapa deng tmang lihat gunung lokon pool,5,01/28/2025 10:31:51,ChIJn4hXYxBthzIRUx_SBDoI3pY
RM Green Garden,,george ieswadi,family restaurant makananya enak pesan karna sana lumayan atas meja overall good restaurant,4,12/09/2024 07:21:13,ChIJn4hXYxBthzIRUx_SBDoI3pY
RM Green Garden,,Diyah Aribowo,makan keluarga,5,10/03/2024 06:06:56,ChIJn4hXYxBthzIRUx_SBDoI3pY
RM Green Garden,,jezzyca sumendap,ayam goreng nya enak layan standar,5,10/01/2024 08:16:32,ChIJn4hXYxBthzIRUx_SBDoI3pY
RM Green Garden,,Ma Mara,makan enak staf ramah sulit bahasa senang duduk teras tidak sadar,5,09/03/2024 11:42:23,ChIJn4hXYxBthzIRUx_SBDoI3pY
RM Green Garden,,Wolter Jehosua,restoran chinesfood mantab kota tomohon,5,09/01/2024 05:00:44,ChIJn4hXYxBthzIRUx_SBDoI3pY
RM Green Garden,,Noelia Berredo,tipu tomohon ulas bagus nyata beda pramusaji erti bahasa inggris muncul rekomendasi mie goreng makan khas rumah daging babi barbekyu nyata mie basah lembut saus hambar potong curiga tidak tahu tidak bicara daging babi bawa dingin goreng solusi panas hidang daging babi harga rupee kualitas nila empat rampok tipu kota,1,08/28/2024 13:52:02,ChIJn4hXYxBthzIRUx_SBDoI3pY
RM Green Garden,,Enrico Cattabiani,makan cina buruk layan layak lupa bawa piring suasanarestoran bagus benarbenar kosong,2,08/22/2024 06:37:13,ChIJn4hXYxBthzIRUx_SBDoI3pY
RM Green Garden,,Angelina Shelly,makan coba kesini babi bakar babi panggang sapo seafood minum es kelapa jeruk jeruk manis,5,08/11/2024 22:00:08,ChIJn4hXYxBthzIRUx_SBDoI3pY
RM Green Garden,,Joris Bal,rekomendasi makan cina,5,07/19/2024 23:42:13,ChIJn4hXYxBthzIRUx_SBDoI3pY
Pork Kitchen Bitung,,Warrick Lightfellow,yah tidak komentar makan saji enak super enak otentik makan aroma layan bagus luas nyaman makan cepat coba daging babi,5,08/13/2025 15:41:35,ChIJH-mUZC8BhzIRyKD35KburPs
Pork Kitchen Bitung,,Qimberly M.K,makan nya enak service nya ramah sopan karyawan yg nama kak syalom sopan ramah cantik,5,08/03/2025 08:42:25,ChIJH-mUZC8BhzIRyKD35KburPs
Pork Kitchen Bitung,,Aizhu Erzhu,sen mie babi goreng pangsit goreng enak khas sendiri ruang berac nyaman cocok keluarga,5,07/31/2025 05:41:40,ChIJH-mUZC8BhzIRyKD35KburPs
Pork Kitchen Bitung,,Tan He Rie,nya nyaman,5,07/14/2025 11:42:23,ChIJH-mUZC8BhzIRyKD35KburPs
Pork Kitchen Bitung,,Chocolate Photowork,nya pinggir jalan akses parkir luas,5,06/10/2025 14:17:24,ChIJH-mUZC8BhzIRyKD35KburPs
Pork Kitchen Bitung,,jack paath,layan kurang maksimal,4,05/12/2025 05:12:45,ChIJH-mUZC8BhzIRyKD35KburPs
Pork Kitchen Bitung,,Mr.English,daging babi baik temu sulawesi utara enak daging bawang putih pas tumis sayur sup enak kamar mandi bersih kejut nikmat,5,04/04/2025 23:58:20,ChIJH-mUZC8BhzIRyKD35KburPs
Pork Kitchen Bitung,,Novaldi Pakaya,ruang vip,5,01/24/2025 10:06:27,ChIJH-mUZC8BhzIRyKD35KburPs
Pork Kitchen Bitung,,averia Tabhita,porkkitchen close jam sihsoalnya makan bilang bolehdi b pesan bilang close orderalasannya angkat minyak penggorenganmakasih,1,01/08/2025 14:15:41,ChIJH-mUZC8BhzIRyKD35KburPs
Pork Kitchen Bitung,,Vallery Bitung,mantap kenyang,5,11/01/2024 13:50:40,ChIJH-mUZC8BhzIRyKD35KburPs
Pork Kitchen Bitung,,EA Gunawan,barbekyu babi nasi sate babi pedas jalangkote rekomendasi,5,09/28/2024 05:24:04,ChIJH-mUZC8BhzIRyKD35KburPs
Pork Kitchen Bitung,,Rudy Harijanto,tidak apaapa masakan khas minahasa chinese food,5,06/12/2024 16:01:40,ChIJH-mUZC8BhzIRyKD35KburPs
Pork Kitchen Bitung,,Lovell Michael Tombokan,puas masuk ruang kesan batas meja kosong efek jam malam sebentar tutup,3,06/12/2024 01:44:33,ChIJH-mUZC8BhzIRyKD35KburPs
Pork Kitchen Bitung,,Febriant Imanuel,layak beli,5,05/19/2024 16:15:05,ChIJH-mUZC8BhzIRyKD35KburPs
Pork Kitchen Bitung,,Defina keke,layan baik makann enak top banget,5,05/18/2024 10:09:01,ChIJH-mUZC8BhzIRyKD35KburPs
Pork Kitchen Bitung,,Yosia Shen,food normally all menu is delicious recommend fillet babi babi tore nasi goreng yancou service rada jutek dr kunjung yg datar atmosphere clean hygiene,5,04/23/2024 03:10:29,ChIJH-mUZC8BhzIRyKD35KburPs
Pork Kitchen Bitung,,Ekin Tumbel,overall okeh kenyang enak brw jangan lupa neh sllu sedia cmp rumah ready stock ecer box,5,04/21/2024 05:08:33,ChIJH-mUZC8BhzIRyKD35KburPs
Pork Kitchen Bitung,,Juniar manik,layan nya ramah suasana nya sejuk enak makan enak banget,5,03/30/2024 05:08:06,ChIJH-mUZC8BhzIRyKD35KburPs
Pork Kitchen Bitung,,Daniel Norrys,masakan babi enak bitungmantaaab,5,02/25/2024 00:04:36,ChIJH-mUZC8BhzIRyKD35KburPs
Pork Kitchen Bitung,,Fenty.M Duduong,menu oke mantap,4,02/02/2024 08:17:13,ChIJH-mUZC8BhzIRyKD35KburPs
Pork Kitchen Bitung,,Susana Theys,makan oke enak lumayan cepat makan ok utk ajak relasi,5,12/04/2023 11:46:56,ChIJH-mUZC8BhzIRyKD35KburPs
Pork Kitchen Bitung,,Crusader Knight,makan enak layan ramah,5,12/02/2023 06:44:58,ChIJH-mUZC8BhzIRyKD35KburPs
Pork Kitchen Bitung,,Gichell Ngantung,makan susana rekomendasi makan siang makan malam resto tidak halal yaa,5,09/24/2023 01:10:21,ChIJH-mUZC8BhzIRyKD35KburPs
Pork Kitchen Bitung,,Novie Korua,alternatif suka menu pork putar giri bitung,3,08/22/2023 03:35:07,ChIJH-mUZC8BhzIRyKD35KburPs
Pork Kitchen Bitung,,Onna Eirumkuy,makan b recommended,4,08/08/2023 02:21:49,ChIJH-mUZC8BhzIRyKD35KburPs
Pork Kitchen Bitung,,Shiwu Shi-wu (Shi-wu),rekomendasi yg suka pork,5,08/02/2023 10:56:02,ChIJH-mUZC8BhzIRyKD35KburPs
RM. Wakeke,,William Prayogo,layan cepat suasana makan tenang posisi rm jalan bubur manado otentik porsi jumbo perkedel milu baik crispy gurih manis perkede nike tidak lewat es cendol lumayan enak,5,09/23/2025 10:32:27,ChIJcwcLdRV1hzIRDjeq9FUzEU0
RM. Wakeke,,Farno Kastanya,legend hrs kesini kl pulkam manado,5,09/09/2025 05:30:00,ChIJcwcLdRV1hzIRDjeq9FUzEU0
RM. Wakeke,,Henry Palandeng,yuk cicip tutu masakan manado enak banget,5,08/29/2025 15:07:07,ChIJcwcLdRV1hzIRDjeq9FUzEU0
RM. Wakeke,,Jovian Jevon,best bubur for breakfast tani playlist lagu manja telinga jangan lupa pesan nike nya mantul,5,07/28/2025 23:50:25,ChIJcwcLdRV1hzIRDjeq9FUzEU0
RM. Wakeke,,Fauzi Hasania,bubur manadonya oke,1,05/28/2025 02:36:49,ChIJcwcLdRV1hzIRDjeq9FUzEU0
RM. Wakeke,,Eddy Suwanto,yg gemar makan lokal manado,4,04/03/2025 23:51:27,ChIJcwcLdRV1hzIRDjeq9FUzEU0
RM. Wakeke,,Mohammad Ilham,cocok khas bersih nyaman,5,02/20/2025 04:32:48,ChIJcwcLdRV1hzIRDjeq9FUzEU0
RM. Wakeke,,7yearsitch,tua jalan wakeke sedia makan kuno bubur manado ratarata harga ratarata ratarata jalan kuliner sejarah,5,10/11/2024 07:02:20,ChIJcwcLdRV1hzIRDjeq9FUzEU0
RM. Wakeke,,Leo Aprillino,cari makan khas manado nya baik,5,06/20/2024 02:28:43,ChIJcwcLdRV1hzIRDjeq9FUzEU0
RM. Wakeke,,adi adi,nasi goreng sifoodnya enak cmn asin rangin dikit,4,10/26/2023 03:34:34,ChIJcwcLdRV1hzIRDjeq9FUzEU0
RM. Wakeke,,Ika Utami Wahyu Ningsih,kali nyoba tutu manado perkedel nike tutu isi jagung sayur ubi enak tp tidak habis krna porsi cocok yg belum sarap makan jamin kenyang nike bakwan ikan gurih jg pengaruh cepat kenyang ikan asin yg tipis enak,5,07/15/2023 23:37:01,ChIJcwcLdRV1hzIRDjeq9FUzEU0
RM CHICHI,,Estelita Mangare,makan porsi jumbo capcaynya enak,4,01/24/2026 15:14:29,ChIJHd9GsOZshzIRpNPJnNAR8Dw
RM CHICHI,,Marco Untu,order jam order biapong teh tawar jam biapongnya tidak item yg not ongoing process lucu pesan orang cepet bgt layan sangatsangat jelek,2,12/21/2025 09:58:57,ChIJHd9GsOZshzIRpNPJnNAR8Dw
RM CHICHI,,Samuel Smith,enak nyaman kendala nya susah cari parkir,5,10/15/2025 01:44:21,ChIJHd9GsOZshzIRpNPJnNAR8Dw
RM CHICHI,,Royke Tumilaar,pas lidah pas kantong,5,07/11/2025 05:23:45,ChIJHd9GsOZshzIRpNPJnNAR8Dw
RM CHICHI,,Angka Teru,kwetiau tidak sesuai ekspetasi beda resto china kurang suka,2,06/25/2025 14:45:46,ChIJHd9GsOZshzIRpNPJnNAR8Dw
RM CHICHI,,Geronimo Bimo,kurang menarikdekat jalan rayakurang nyamantidak parkiruntuk biapong isi kurang enakagak asinkadang tidak telur,3,06/03/2025 07:39:35,ChIJHd9GsOZshzIRpNPJnNAR8Dw
RM CHICHI,,harianto wardoyo,bakau nya enak sambal nya klu main tomohon mampir nikmat kuliner nya,5,05/29/2025 11:10:02,ChIJHd9GsOZshzIRpNPJnNAR8Dw
RM CHICHI,,Rivaldo Rawung,kasir sd smpe lulus kuliah kerja msih jutek layan tidak ramah,1,05/12/2025 09:42:17,ChIJHd9GsOZshzIRpNPJnNAR8Dw
RM CHICHI,,Ren Zanmaru,murah cepat porsi enak tidak halal,5,12/17/2024 00:47:33,ChIJHd9GsOZshzIRpNPJnNAR8Dw
RM CHICHI,,Petrus J Yaenuri,kurang tidak qriz tidak terima bayar transfer,5,10/11/2024 12:38:04,ChIJHd9GsOZshzIRpNPJnNAR8Dw
RM CHICHI,,Williams Klasjok Salossa,rekomendasi oleholeh biabong ba bakpaw daging babi good,3,07/18/2024 17:31:16,ChIJHd9GsOZshzIRpNPJnNAR8Dw
RM CHICHI,,DM MD,biapong ba istimewa,5,06/26/2024 01:05:21,ChIJHd9GsOZshzIRpNPJnNAR8Dw
RM CHICHI,,Wendy Najoan,kopi bakpao enak,4,03/09/2024 13:07:07,ChIJHd9GsOZshzIRpNPJnNAR8Dw
RM CHICHI,,Raden Cahya.,bakpao kopi susu enak,4,02/04/2024 05:25:12,ChIJHd9GsOZshzIRpNPJnNAR8Dw
RM CHICHI,,Escanor Sun,layan jutek kasir jutek,1,02/03/2024 12:45:32,ChIJHd9GsOZshzIRpNPJnNAR8Dw
RM CHICHI,,Rinaldi Mario,bintang biapong ba,5,12/24/2023 12:15:02,ChIJHd9GsOZshzIRpNPJnNAR8Dw
RM CHICHI,,Richard HR,nyantai pagi biapong and coffee hitam sepeda tondano nya lumayan bagus sayang tidak parkir sepeda,4,12/23/2023 04:24:26,ChIJHd9GsOZshzIRpNPJnNAR8Dw
RM KIM-KIM,,Christian Rentandatu,bubur manadonya enak,5,10/25/2025 09:25:47,ChIJkWa3cJ4BhzIR7oUGRnXnUL8
RM KIM-KIM,,Giant Ant,makan enak bersih saji tidak bagi kalo beli makan beli atas jam pagihampir nasi kuning habis,5,06/18/2025 02:30:29,ChIJkWa3cJ4BhzIR7oUGRnXnUL8
RM KIM-KIM,,NAL Lilley,taksi terminal kapal pesiar restoran vegetarian mie lezat roti pisang goreng roti kacang goreng teh sayur orang sarap ngobrol duduk cita indonesia nyata terima kasih surlee benny sopir taksi victor alam,5,03/05/2024 07:28:56,ChIJkWa3cJ4BhzIR7oUGRnXnUL8
RM KIM-KIM,,Iman Imanudin,pesan nasi kuning porsi topping abon cakalang bihun abon talas renyah tidak arti abon bete bahasa inggris nasi kering banding jual nasi kuning bitung tidak gumpal pesan samping isi goreng isi sayur babak bur segar halal tidak makan ikan telur ayam sumber protein hewani percaya makan enak lantai makan butuh cahaya sirkulasi udara percaya panas porsi nasi kuning isi harga rp parkir sedia parkir sepeda motor parkir pinggir jalan mobil,4,01/25/2024 10:56:45,ChIJkWa3cJ4BhzIR7oUGRnXnUL8
RM KIM-KIM,,fandy daily,lampu terang ruang sirkulasi udara perhati panas ruang makan,4,12/07/2023 03:02:20,ChIJkWa3cJ4BhzIR7oUGRnXnUL8
RM KIM-KIM,,Gerald Lahiang,tinituan enak tambah pisang goreng rebus,5,07/10/2023 01:11:52,ChIJkWa3cJ4BhzIR7oUGRnXnUL8
RM KIM-KIM,,Wahyuddin Ansar,makan disni traktir tidak tau harga makan nasi kuning mantap enak rekomended nasi kuning suasana padat rame jam tidak layan atur duduk langgan,4,07/01/2023 10:44:24,ChIJkWa3cJ4BhzIR7oUGRnXnUL8
RM KIM-KIM,,Angel,makan enak jangkau layan sopan cepat pengap,5,06/15/2023 01:21:16,ChIJkWa3cJ4BhzIR7oUGRnXnUL8
RM KIM-KIM,,Andrew The,nasi kuning tutu sih enak ruang baik,5,06/14/2023 07:58:40,ChIJkWa3cJ4BhzIR7oUGRnXnUL8
RM KIM-KIM,,Yongky Bawangun (YongQ),layan order,3,06/12/2023 05:40:37,ChIJkWa3cJ4BhzIR7oUGRnXnUL8
RM KIM-KIM,,Meita bella Laya,enak nyaman bersih,5,05/24/2023 04:58:36,ChIJkWa3cJ4BhzIR7oUGRnXnUL8
RM KIM-KIM,,Ester Rompas,makan enak tempat panasga kipas,4,05/05/2023 00:06:29,ChIJkWa3cJ4BhzIR7oUGRnXnUL8
RM KIM-KIM,,irving Wullur,tutu nasi kuning enak,4,04/01/2023 09:59:51,ChIJkWa3cJ4BhzIR7oUGRnXnUL8
RM KIM-KIM,,Hendra Yefta,nasi kuning enak dibitung,5,02/01/2023 00:59:42,ChIJkWa3cJ4BhzIR7oUGRnXnUL8
Ta Wan - Manado Town Square,,Ni Kadek Aryanti,terima kasih raya ulang tahun,5,01/24/2026 13:20:10,ChIJdzdi0ht1hzIRHEVspNJrPG0
Ta Wan - Manado Town Square,,pebisnis tangguh,terimakasih layan yg resto mana sy komplain tanggap resto kompensasi yg resto yg skrg layan sdh alami maju dlm saji makan tidak lgi dlm yg makan yg saji nikmat tidak ubah rekomended resto warga manado terimakasih gbu,5,01/24/2026 11:31:11,ChIJdzdi0ht1hzIRHEVspNJrPG0
Ta Wan - Manado Town Square,,nita prihatini,makan enak bgt super duper rekomen,5,01/23/2026 12:22:47,ChIJdzdi0ht1hzIRHEVspNJrPG0
Ta Wan - Manado Town Square,,Chendy Tangui,asyik banget dapet mie ulang gratis ta wan biar mantap gratis variatif terima kasih ya,5,01/23/2026 05:44:01,ChIJdzdi0ht1hzIRHEVspNJrPG0
Ta Wan - Manado Town Square,,Takwa Winata,worth it banget birthday treatnya enak banget suasana nya nyaman banget tidak nunggu cepat layan cocok banget birthdayy,5,01/22/2026 10:21:27,ChIJdzdi0ht1hzIRHEVspNJrPG0
Ta Wan - Manado Town Square,,silfina pakaya,layan ramah makan enak sesuai lidah orang lokal baik,5,01/22/2026 09:31:51,ChIJdzdi0ht1hzIRHEVspNJrPG0
Ta Wan - Manado Town Square,,Silfana Pakaya,layan ramah senang nikmat makan,5,01/22/2026 09:29:24,ChIJdzdi0ht1hzIRHEVspNJrPG0
Ta Wan - Manado Town Square,,Gani Ghaisan,suasa nya cozy bgt dah makan nya istimewa,5,01/22/2026 07:40:30,ChIJdzdi0ht1hzIRHEVspNJrPG0
Ta Wan - Manado Town Square,,Gloria Kawulusan,makan nya enakkk pelayanannyaaa ramahhh,5,01/21/2026 13:31:40,ChIJdzdi0ht1hzIRHEVspNJrPG0
Ta Wan - Manado Town Square,,Inayah Kartika Eli,layan banget ramah,5,01/19/2026 05:13:33,ChIJdzdi0ht1hzIRHEVspNJrPG0
Ta Wan - Manado Town Square,,Elisyah Fatmawati,recommended bnget makan keluarga layan suasana good bnget poko,5,01/18/2026 16:00:53,ChIJdzdi0ht1hzIRHEVspNJrPG0
Ta Wan - Manado Town Square,,MUHAMAD PROJECT,mknanya enk tamabah renof nyaman tingkat,5,01/18/2026 15:56:40,ChIJdzdi0ht1hzIRHEVspNJrPG0
Ta Wan - Manado Town Square,,Rezza Aditia,makan tawan barang keluarga kemarin sagat puasa pelayananya suasana bagus nyaman kariawanya ramah menu the best deh warga manado cobain makan tawan nynda kecewa save moment tawan manado,5,01/18/2026 15:33:30,ChIJdzdi0ht1hzIRHEVspNJrPG0
Ta Wan - Manado Town Square,,Elisabeth Claudia,tidak enak,1,01/07/2026 12:21:37,ChIJdzdi0ht1hzIRHEVspNJrPG0
Ta Wan - Manado Town Square,,Jefly Josua karuntu,menit fuyung hai belum selesai makan dingin habis bilang normal jam fuyung hai buruk tidak,2,12/27/2025 10:19:13,ChIJdzdi0ht1hzIRHEVspNJrPG0
Ta Wan - Manado Town Square,,Muhammad Khoiruman Fadilah,birthday treat ygy dp makan enakk recommended ultah,5,12/22/2025 09:09:12,ChIJdzdi0ht1hzIRHEVspNJrPG0
Ta Wan - Manado Town Square,,Esther Pitoy,nyaman karyawan ramah,5,10/12/2025 08:25:48,ChIJdzdi0ht1hzIRHEVspNJrPG0
Ta Wan - Manado Town Square,,Sal's,claim birthday treat syarat tunjuk ktp beli menu bebas no minimum order review google laku h,5,09/18/2025 07:11:51,ChIJdzdi0ht1hzIRHEVspNJrPG0
Ta Wan - Manado Town Square,,Amel Melz,enak enak makan langgan bubur nya ayam kungpao the best,5,09/07/2025 08:29:01,ChIJdzdi0ht1hzIRHEVspNJrPG0
Ta Wan - Manado Town Square,,Gratia Timbuleng,staffnya ramah nicee ta wan,5,09/03/2025 08:47:37,ChIJdzdi0ht1hzIRHEVspNJrPG0
Ta Wan - Manado Town Square,,varisky dumanaw,bagus datang ulang tahun ulang mie gratis,5,08/21/2025 13:14:23,ChIJdzdi0ht1hzIRHEVspNJrPG0
Ta Wan - Manado Town Square,,Gabriella Yuwono,makan okee cocok makan bareng keluarga,5,08/17/2025 11:24:50,ChIJdzdi0ht1hzIRHEVspNJrPG0
Ta Wan - Manado Town Square,,Muhammad Arfandy,enakk dn layan muas,5,08/16/2025 04:01:41,ChIJdzdi0ht1hzIRHEVspNJrPG0
Tanaraya,,Titie Kirana,pandang gunung keren keren banget,5,01/31/2026 19:29:51,ChIJjY9sNPtthzIRi3PrBaooHPA
Tanaraya,,Myrna S,tempat bagussaat sore teduh n adem,5,01/27/2026 09:29:32,ChIJjY9sNPtthzIRi3PrBaooHPA
Tanaraya,,Nova,asa hangat nyaman pandang takjub makan enak padan harga,5,01/23/2026 15:22:04,ChIJjY9sNPtthzIRi3PrBaooHPA
Tanaraya,,Andyka Kawa,tidak masuk coba menu sempat cuti manado keluarga pas siang pas jam makan siang mes menu makan kosong putus mes cemilan minum tempat estetik spot foto ambil jadi rekomendasi destinasi kunjung keluarga,4,01/21/2026 15:08:46,ChIJjY9sNPtthzIRi3PrBaooHPA
Tanaraya,,Lois Ochotan,tempat bagus mengosi libur keluarga sahabat temanteman,4,01/20/2026 23:42:04,ChIJjY9sNPtthzIRi3PrBaooHPA
Tanaraya,,Raymond Undap,minggu rush hour menu tidak lengkap staff missed communication pesan yg bilang ready yg bilang tidak ready pesan paket tuna jam yg selesai makan masingmasing cari makan dgn ekspektasi restoran tidak rekomendasi cari vibe cafe tomohon hangout tanaraya pilih,2,01/11/2026 06:39:16,ChIJjY9sNPtthzIRi3PrBaooHPA
Tanaraya,,Petrus Lasut,alami hazel layan selesai sikap layan tingkat,5,01/04/2026 04:26:28,ChIJjY9sNPtthzIRi3PrBaooHPA
Tanaraya,,Ricky Sengkey,tempat kereennn makan enak enak telat makan tidak paham rameee the best tanaraya,5,01/03/2026 17:48:20,ChIJjY9sNPtthzIRi3PrBaooHPA
Tanaraya,,Andhien Rachmy,kotor lantai nya tidak layak pakai makan gaenak sen nasi goreng tp asin bgt service nya kurang layan tidak ramah kecuali staff yg jaga billiard ok,1,01/03/2026 15:04:59,ChIJjY9sNPtthzIRi3PrBaooHPA
Tanaraya,,Lerry Tutu,ok banget,5,01/03/2026 07:09:04,ChIJjY9sNPtthzIRi3PrBaooHPA
Tanaraya,,A53P,makan kurang layan suasana lumayan,1,12/31/2025 15:37:11,ChIJjY9sNPtthzIRi3PrBaooHPA
Tanaraya,,Dhany Projek,suasana bagus cocok bawa keluarga,5,12/29/2025 01:03:22,ChIJjY9sNPtthzIRi3PrBaooHPA
Tanaraya,,The Lie Tjien,jual suasana menu banget pesan kosong jual foto yg hobi makan jangan kesini,1,12/27/2025 07:45:41,ChIJjY9sNPtthzIRi3PrBaooHPA
Tanaraya,,Paskalia,kali layan lambat jam tunggu makan tidak konfirmasi makan satu sold out tidak informasi very bad service,1,12/26/2025 12:39:07,ChIJjY9sNPtthzIRi3PrBaooHPA
Tanaraya,,himawan d' mbambesh,baik lepas rutinitas seharihari,5,12/21/2025 08:56:55,ChIJjY9sNPtthzIRi3PrBaooHPA
Tanaraya,,Tessalonika Siwu,tempat bagus ad mini farm garden loh,5,12/19/2025 02:13:33,ChIJjY9sNPtthzIRi3PrBaooHPA
Tanaraya,,Rudy Takumansang,baik layan baik makan enak,5,12/19/2025 02:10:05,ChIJjY9sNPtthzIRi3PrBaooHPA
Tanaraya,,Elea Olivia,i love this place the food the drink good mini farm gardennya utk anak playground spot foto tarik baik tanaraya,5,12/19/2025 02:04:05,ChIJjY9sNPtthzIRi3PrBaooHPA
Tanaraya,,Regina Moko,kali pas tema halloween kesan gilsss niat dekorasi makan enak enak enak layan bintang berbintangbintang no hoax baik,5,10/12/2025 02:38:00,ChIJjY9sNPtthzIRi3PrBaooHPA
Tanaraya,,Aneke Tumilaar,makananya enak gurih,5,09/01/2025 12:31:47,ChIJjY9sNPtthzIRi3PrBaooHPA
Tanaraya,,Taufiq Putra,sayang banget makan krg siap staf sperti tidak ready,4,08/30/2025 11:30:32,ChIJjY9sNPtthzIRi3PrBaooHPA
Tanaraya,,Mike S,nikmat pandang indah menu tidak buruk milik menu spesial koki tuna woku nasi goreng roa bagus tidak tulis rumah kopi seduh manual v panggang enak pandang gunung lokon takjub lantai pohon rangkai bunga indah,5,08/28/2025 02:45:25,ChIJjY9sNPtthzIRi3PrBaooHPA
Tanaraya,,Tami Turang,makan enak worth the price layan staff nya super ramah complimentary birthday bantu kasih surprise thankyou kakak kakak tanaraya,5,08/26/2025 12:13:19,ChIJjY9sNPtthzIRi3PrBaooHPA
Tanaraya,,bellvania,asik kumpulparkiran luas layan bagusmakanan enak sukses tanaraya,5,08/24/2025 10:11:32,ChIJjY9sNPtthzIRi3PrBaooHPA
Tanaraya,,Aiko Tiho,luas adem nyaman makan enak minum enak matcha milkshake nya enak sekalisaya suka,5,08/24/2025 10:08:55,ChIJjY9sNPtthzIRi3PrBaooHPA
Tanaraya,,Silce Sumarauw,nyaman keluarga nongkrong teman makan murah bagus layan ramah bagus pokok sukses tanaraya,5,08/22/2025 04:35:51,ChIJjY9sNPtthzIRi3PrBaooHPA
Tanaraya,,Reca Shop,enak pokok suasana bagus,5,08/22/2025 03:58:22,ChIJjY9sNPtthzIRi3PrBaooHPA
Tanaraya,,Meiske Legie,harga kualitas,5,08/21/2025 12:00:53,ChIJjY9sNPtthzIRi3PrBaooHPA
Tanaraya,,Christina Auralia Santoso,kesini makan siang tonton acara tiff resto spot foto instagramable nuansa hadap langsung gunung lokon layan lambat resto mati lampu ukur restorant tidak genset makan enak menu indonesian food tidak,3,08/10/2025 10:27:01,ChIJjY9sNPtthzIRi3PrBaooHPA
Pollen Cafe,,Fanny “Fanny” Ischard,tutup sayang coba,1,08/28/2025 05:37:48,ChIJKT_kUFMBhzIRflIQko4Dd5A
Pollen Cafe,,adrian sinke,tempat bagus layan cepat makan enak tuna enak,5,09/06/2024 10:45:44,ChIJKT_kUFMBhzIRflIQko4Dd5A
Pollen Cafe,,Michell Zefanya,the besttt cafe enak bitung nya makan minum enak nya tuna woku nasgor kentang goreng mango smothies pokok enak,5,07/29/2024 07:22:10,ChIJKT_kUFMBhzIRflIQko4Dd5A
Pollen Cafe,,Donald Rian,makan enak tempat bagus,5,05/19/2024 12:45:06,ChIJKT_kUFMBhzIRflIQko4Dd5A
Pollen Cafe,,Selly Puspa,sapi lada hitam enak sayang saji lam terima kasih,4,02/22/2024 05:27:20,ChIJKT_kUFMBhzIRflIQko4Dd5A
Pollen Cafe,,Vida Parady,satusatunya layak temu ruang temu bagus resto,5,02/21/2024 13:23:06,ChIJKT_kUFMBhzIRflIQko4Dd5A
Pollen Cafe,,Y3S Story,cafe kumpul pusat kota bitung bis pilih area jalur transportasi publik,5,01/20/2024 05:47:51,ChIJKT_kUFMBhzIRflIQko4Dd5A
Pollen Cafe,,Henry,makan layan suasana,4,11/28/2023 16:24:05,ChIJKT_kUFMBhzIRflIQko4Dd5A
Pollen Cafe,,Christina R Simanjuntak,bagus rehat kopi temanteman,4,09/04/2023 10:10:55,ChIJKT_kUFMBhzIRflIQko4Dd5A
Pollen Cafe,,Dwi Ramandhani,poko bagus acara meeting santai teman maupu keluarga,5,09/01/2023 14:05:03,ChIJKT_kUFMBhzIRflIQko4Dd5A
Pollen Cafe,,Noa Howell,tunggu makan burger pasta tidak enak teman sakit racun makan berharihari burgernya sepakat kombi burger kentang goreng benarbenar kentang goreng tidak daging pasta komunikasi daging putus makan tunggu saus pasta aneh tidak makan layan buruk makan buruk,1,07/13/2023 08:31:44,ChIJKT_kUFMBhzIRflIQko4Dd5A
Pollen Cafe,,Tedi Hermawan,makan enak layan,5,06/20/2023 15:07:08,ChIJKT_kUFMBhzIRflIQko4Dd5A
Pollen Cafe,,Eka Karnawan,suka pollen menu tidak gimmick sedia kecuali habis pollen nya kadang enak kadang tidak belum stabil internet kadang cepat kadang lambat,4,05/13/2023 10:28:06,ChIJKT_kUFMBhzIRflIQko4Dd5A
Pollen Cafe,,Delpys Gaspersz,hibur kurang cafe,3,02/24/2023 23:23:07,ChIJKT_kUFMBhzIRflIQko4Dd5A
Fu King Resto,,ingrid,makan wajib pulang kampung dimanado,5,12/17/2024 08:04:32,ChIJqfxSExp1hzIR6ghPll8QE-w
Fu King Resto,,Johan Tanuwijaya,buku jari babi baik babi tidak dua,4,07/28/2024 14:13:53,ChIJqfxSExp1hzIR6ghPll8QE-w
Fu King Resto,,Leo L,suka hidang daging babi coba restoran milik agam variasi daging babi buku jari goreng iga panggang perut panggang sup babi panggang coba manja daging babi jangan lupa coba lauk pauk terong acar acar hidang bunga pepaya netral telah,4,03/29/2024 00:37:03,ChIJqfxSExp1hzIR6ghPll8QE-w
Fu King Resto,,Arifin Harianto,pork knuckle nya must try crispy lembut padu rica nya pas must try sop brenebon nya kacang merah maknyoos,5,04/13/2023 03:07:27,ChIJqfxSExp1hzIR6ghPll8QE-w
Kanzo Resto & Cafe,,CJ,sabtu malam kejut musik live makan enak layan sempurna rekomendasi,5,10/18/2025 13:00:57,ChIJ-_-vvOZshzIRS1UQO08OWXc
Kanzo Resto & Cafe,,Gijs Zaalberg,makan enak bagus minum bir dengar musik live sabtu,5,08/18/2025 02:15:55,ChIJ-_-vvOZshzIRS1UQO08OWXc
Kanzo Resto & Cafe,,R Berendsen,layan lambat makan mes iga babi potong tidak makan malam,2,08/09/2025 12:35:00,ChIJ-_-vvOZshzIRS1UQO08OWXc
Kanzo Resto & Cafe,,cicilias,cafenya bagus makan enakenak mes toilet aja,4,08/04/2025 08:32:41,ChIJ-_-vvOZshzIRS1UQO08OWXc
Kanzo Resto & Cafe,,Alvin Oktavianus,santai rekan,5,07/29/2025 10:19:26,ChIJ-_-vvOZshzIRS1UQO08OWXc
Kanzo Resto & Cafe,,sissyanti Kaluwulang,tomohon mutlak mampir makan nya tidak tau nasi cakalang kuah gedi nya nagih poll parahh,5,07/16/2025 07:12:57,ChIJ-_-vvOZshzIRS1UQO08OWXc
Kanzo Resto & Cafe,,Drew,lokasi strategis jalan raya suasana nyaman live music cocok nongkrong rekanpasangan layan makan yg pesan paket ayam bakar daging kenyal bumbu resap rica cocok paket babi bakar tawa banyak daging,5,06/22/2025 12:40:08,ChIJ-_-vvOZshzIRS1UQO08OWXc
Kanzo Resto & Cafe,,Alexander,tidak rekomendasi makan layan buruk mes babi bakar kejut temu lemak babi daging ubah tolak mentahmentah normal daging babi panggang banyak kandung lemak jujur tidak terima ps siap hadap gerombol nyamuk marah malam bukan alam santap senang,1,04/06/2025 10:37:16,ChIJ-_-vvOZshzIRS1UQO08OWXc
Kanzo Resto & Cafe,,Thexy Kaunang,serasa cafe bal estetik skali tambh makananya pas selera,5,10/24/2024 23:57:31,ChIJ-_-vvOZshzIRS1UQO08OWXc
Kanzo Resto & Cafe,,Arno De Bok,bule tinggal tomohon nongkrong bagus kalang kesini bintang,5,09/13/2024 16:51:13,ChIJ-_-vvOZshzIRS1UQO08OWXc
Kanzo Resto & Cafe,,Gravelia Tumbelaka,nunggu jam nasi goreng asin,1,08/10/2024 07:57:14,ChIJ-_-vvOZshzIRS1UQO08OWXc
Kanzo Resto & Cafe,,Sevanya Wenur,makan tawar harga mahal saji,1,08/10/2024 07:56:44,ChIJ-_-vvOZshzIRS1UQO08OWXc
Kanzo Resto & Cafe,,Silke Schmitt,tidak erti ulas buruk tamu eropa tidak pariwisata signifikan makan tamu lokal orang indonesia tidak suka makan makan panas tidak ingin mes beda atur bertahuntahun makan enak murah,5,08/01/2024 07:35:22,ChIJ-_-vvOZshzIRS1UQO08OWXc
Kanzo Resto & Cafe,,Lorenzo Marchetti,maaf ulas buruk harap sial mes hidang kentang goreng menit layan tidak sedia mes mes guinness tidak bawa barangbarang pesan bawa buah hidang pes sedia kirim sayang makan tidak enak tidak habis sayang suasana bagus suka musik live harap malam buruk,2,07/13/2024 06:14:08,ChIJ-_-vvOZshzIRS1UQO08OWXc
Kanzo Resto & Cafe,,Alessandro Bertoli,makan tidak makan dingin mes minum minta kali menit serah pergi pikir pergi saran indomart,1,04/04/2024 05:25:44,ChIJ-_-vvOZshzIRS1UQO08OWXc
Kanzo Resto & Cafe,,Kristofel Ruben,gbi rajawali tomohon berkat kota tomohon,5,04/01/2024 02:19:16,ChIJ-_-vvOZshzIRS1UQO08OWXc
Kanzo Resto & Cafe,,devidahri hamdani,nongkrong mkn yg d kota tomohon layananx bgs layan ramah menu lumayan enk nikmat bir minum keras sedia dgn aneka merk memgingat udara d kota tomohon ckp dingin bslah menghangtkn tubuh,5,10/06/2023 21:34:11,ChIJ-_-vvOZshzIRS1UQO08OWXc
Kanzo Resto & Cafe,,Noémie HACHET,makan lezat bagus dekorasi cantik tinggal sambutanlayanan hangattersenyum pergi tidak kecewa,4,05/24/2023 10:17:08,ChIJ-_-vvOZshzIRS1UQO08OWXc
Kanzo Resto & Cafe,,ihsan hidayat,layan golong makan tlng perhati,2,05/13/2023 01:52:48,ChIJ-_-vvOZshzIRS1UQO08OWXc
Kanzo Resto & Cafe,,Ali Tantular,non halal menu makan variasi snack mknan utama pesan tuna bumbu rw mie kuah cakalang pork ribs grilled pork fried with rice recommended suasana malam cocok utk kawula muda new married couple tidak cocok bawa anak smoking area at ning table sedia minum rendah alkohol jumat or sabtu malam live music,4,03/24/2023 12:08:57,ChIJ-_-vvOZshzIRS1UQO08OWXc
Restaurant Mawar Sharron Bitung,,Nendy Deni06,suka menu ayam mawar sharonmenurut enak tata makan cantik gugah selerapelayanan ramah,5,09/23/2025 06:20:03,ChIJWUZNsZ0BhzIRV_y4IltBeHw
Restaurant Mawar Sharron Bitung,,sumuru Rindi,cocok utk santai temankerabatsudara keluarga,5,06/30/2025 05:36:53,ChIJWUZNsZ0BhzIRV_y4IltBeHw
Restaurant Mawar Sharron Bitung,,Gwyneth Emily Albertin Kario,makan favorit,5,04/22/2025 08:22:15,ChIJWUZNsZ0BhzIRV_y4IltBeHw
Restaurant Mawar Sharron Bitung,,dinah susi tjokroaminoto,makan servis,5,08/07/2024 15:47:51,ChIJWUZNsZ0BhzIRV_y4IltBeHw
Restaurant Mawar Sharron Bitung,,Edy Milala,kali coba mawar sharron ayam toko mawar sharron sayang struk kena biaya ulat kangkung,2,05/15/2024 05:39:34,ChIJWUZNsZ0BhzIRV_y4IltBeHw
Restaurant Mawar Sharron Bitung,,Levi Mundung,suasana asyik kumpul makan enak lokasi mudah jangkau,4,02/12/2024 13:28:46,ChIJWUZNsZ0BhzIRV_y4IltBeHw
Restaurant Mawar Sharron Bitung,,Fahry Widu Lamato,enak cepat saji cepat habis,5,07/04/2023 14:23:14,ChIJWUZNsZ0BhzIRV_y4IltBeHw
Restaurant Mawar Sharron Bitung,,Fat fatcin Fakta Cen Hendra Tan,restoran ayam goreng wajib cicipin manado sambal nya tidak pedas menururt olah sambal tambahin nenas,5,06/28/2023 19:18:39,ChIJWUZNsZ0BhzIRV_y4IltBeHw
LOKON VIEW WOLOAN,,Kip Lacy,tutup permanen,1,07/31/2025 10:02:07,ChIJ_XRDfRFthzIRCD-ktJWNyso
LOKON VIEW WOLOAN,,Alien Backpacker,pas sabtu siang pergi restoran tidak buka buka malam kolam renang tidak urus,2,09/28/2024 11:16:57,ChIJ_XRDfRFthzIRCD-ktJWNyso
LOKON VIEW WOLOAN,,Bagas Edo,cocok,5,01/03/2024 12:05:24,ChIJ_XRDfRFthzIRCD-ktJWNyso
GEPUK BITUNG (Ex. Ayam Gepuk Pak Gembus) - Bitung,,Leonardo Salmon,minyak goreng tidak ganti warna hitam,1,01/15/2026 21:18:22,ChIJowuspRsBhzIRgVskgfi4Yxs
GEPUK BITUNG (Ex. Ayam Gepuk Pak Gembus) - Bitung,,Reviando Manope,juli baik ayo guys mampir rasah layan baik terbaikkkkkkkk crispynya jumbo enak,5,08/30/2025 10:13:43,ChIJowuspRsBhzIRgVskgfi4Yxs
GEPUK BITUNG (Ex. Ayam Gepuk Pak Gembus) - Bitung,,Janggem Kasiuhe,juli baik ayo guys mampir rasah layan baik terbaikkkkkkkk crispynya jumbo enak,5,08/30/2025 10:09:06,ChIJowuspRsBhzIRgVskgfi4Yxs
GEPUK BITUNG (Ex. Ayam Gepuk Pak Gembus) - Bitung,,Jepsy Gomies,juli baik ayo guys mampir rasah layan baik,5,08/30/2025 10:05:23,ChIJowuspRsBhzIRgVskgfi4Yxs
GEPUK BITUNG (Ex. Ayam Gepuk Pak Gembus) - Bitung,,ichiduck,bukan ayam gepuk gembus asli sambal dipakein kacang enak sambal aja franchise mah rubah resep asli sengaja pake nama gembus tipu krn bukan asli,1,08/08/2025 13:09:29,ChIJowuspRsBhzIRgVskgfi4Yxs
GEPUK BITUNG (Ex. Ayam Gepuk Pak Gembus) - Bitung,,Nikol Pua,lolo lma trng lapar pendoooo,1,06/23/2024 06:18:33,ChIJowuspRsBhzIRgVskgfi4Yxs
GEPUK BITUNG (Ex. Ayam Gepuk Pak Gembus) - Bitung,,Tony Suatan,nyamanramah utama,5,06/09/2024 05:36:22,ChIJowuspRsBhzIRgVskgfi4Yxs
GEPUK BITUNG (Ex. Ayam Gepuk Pak Gembus) - Bitung,,Ainun Buhari,makan somo jam da tunggu layan lambat ringan ba pesan mkang dapa saji paket ba somo reken pica maag,1,10/27/2023 11:03:33,ChIJowuspRsBhzIRgVskgfi4Yxs
GEPUK BITUNG (Ex. Ayam Gepuk Pak Gembus) - Bitung,,Sugeng M Muktiwijaya,makan nyaman makan makan keluarga enak,5,10/17/2023 04:56:23,ChIJowuspRsBhzIRgVskgfi4Yxs
GEPUK BITUNG (Ex. Ayam Gepuk Pak Gembus) - Bitung,,Khusus Enak,enak sambelnya enak makan kualitas ancur sorry to say karyawannya yg kerja tidak attitude ngapal menu aja tidak becus ngasih order salah dihidangin beras tidak tau kayak nasi bekas sambelnya asin ayam aja yg dihidanginnya dingin nunggu jam bakar harga beda kadang sambel extra gratis kadang bayar karyawannya rese asli tidak niat kerja and the most ridiculous is wifinya bilang khusus karyawan what a joke owner i saw you a dozen times and i think that you are a nice guy tolong perhati restomu tidak laku karna laku karyawanmu,1,02/11/2023 08:58:10,ChIJowuspRsBhzIRgVskgfi4Yxs
eLHaHa Cafe & Resto,,Andi Z Mabbiritta,lokasi atas alfamart belah hotel prince boulevard,5,01/13/2025 08:13:17,ChIJvQl2yA91hzIRXp7x7ImJZYw
eLHaHa Cafe & Resto,,Hangga Btg,kafe santa nikmat makan nusantara halal nb harga turun lhocekidot,5,01/20/2024 13:35:43,ChIJvQl2yA91hzIRXp7x7ImJZYw
eLHaHa Cafe & Resto,,abram harold samperante,kopi elegan,5,10/24/2023 10:01:51,ChIJvQl2yA91hzIRXp7x7ImJZYw
eLHaHa Cafe & Resto,,Dodi hendra,liat bagus,5,09/01/2023 15:12:03,ChIJvQl2yA91hzIRXp7x7ImJZYw
eLHaHa Cafe & Resto,,Ronny Adolof Buol,sambal paket tuna bakar juaraaaa pedas ngejar order cepat tidak menit ok rekomended resto nempel hotel prince lokasi strategis mall utama kota manado langkah kaki poros jalan utama manado lokasi parkir luas layan ramah interior rame atur cahaya moody teras pandang sibuk lintas rekomendelah,5,07/06/2023 07:59:51,ChIJvQl2yA91hzIRXp7x7ImJZYw
eLHaHa Cafe & Resto,,sherly tampian,makan gadox asin biar enak,4,05/22/2023 16:21:12,ChIJvQl2yA91hzIRXp7x7ImJZYw
eLHaHa Cafe & Resto,,Hervan Ari Saputra,cari makan cita khas ayo kunjung layan cepat makan milik cita khas rekomendasi makan coba,5,04/29/2023 12:05:15,ChIJvQl2yA91hzIRXp7x7ImJZYw
eLHaHa Cafe & Resto,,Joana Matthieu,lezat enak staf ramah layan cepat,5,04/20/2023 08:00:39,ChIJvQl2yA91hzIRXp7x7ImJZYw
eLHaHa Cafe & Resto,,Andy Katzerl,restoran bagus teras pilih makan minum enak layan ramah rugi staf atur volume musik gantung selera rengek keras tak tahan sistem suara paksa buruk,3,03/27/2023 04:48:24,ChIJvQl2yA91hzIRXp7x7ImJZYw
eLHaHa Cafe & Resto,,Yobel Umboh,manado tepat depan mantos hotel prince boulevard indoor air con nya super dingin outdoor hadap mantos layan ok aja harga makan lumayan pricy makan lokal b aja real testi kemarin pesan ice vanilla latte coffee nya lumayan strong management el haha lihat comment menu nya jelas beverages nya tanda kurung overall,3,01/24/2023 12:02:59,ChIJvQl2yA91hzIRXp7x7ImJZYw
eLHaHa Cafe & Resto,,Rinna,server jesika,5,01/21/2023 07:18:04,ChIJvQl2yA91hzIRXp7x7ImJZYw
eLHaHa Cafe & Resto,,Sundays Hijab,instagramable makan enak servis oke bgt nilai plus unt waiterss yg super gercep bantu foto,5,01/11/2023 05:41:42,ChIJvQl2yA91hzIRXp7x7ImJZYw
eLHaHa Cafe & Resto,,Veronica Tammy,lumayan harga mahal kualitas porsi dapat udang telur asin seafood platter tidak matang not worth it,1,01/02/2023 13:09:44,ChIJvQl2yA91hzIRXp7x7ImJZYw
Okoy Flower Garden,,Marchella Sambiran,seru seluncur,4,08/06/2024 14:06:04,ChIJqS7Ad-BshzIRavD7Nqahmmc
Okoy Flower Garden,,Jesica Sendoh,ad kolam pancing,5,03/26/2024 23:50:41,ChIJqS7Ad-BshzIRavD7Nqahmmc
Okoy Flower Garden,,Aldo Lengkong,tenang nyaman karyawannya ramah terimah kasih,5,07/07/2023 07:00:53,ChIJqS7Ad-BshzIRavD7Nqahmmc
Okoy Flower Garden,,Diane Sinengkeyan,rekomended makan enak kolam renang,5,05/22/2023 07:59:56,ChIJqS7Ad-BshzIRavD7Nqahmmc
Rumah Makan Sari Rasa,,Ribka Karib,rumah makan sari makan baik senang makan nikmat makan makan makan makan baik ajak keluarga teman anak anak suami,5,10/25/2025 10:18:33,ChIJf7wOBZIBhzIR_QMUFJ82iik
Rumah Makan Sari Rasa,,Karlita Keyla,makan baik makan keluarga anak anak ajak makan makan enak layan,5,10/17/2025 08:14:54,ChIJf7wOBZIBhzIR_QMUFJ82iik
Rumah Makan Sari Rasa,,albert herwindityo Wicaksono,enak pilih cocok lidah jawa,5,05/23/2025 11:24:17,ChIJf7wOBZIBhzIR_QMUFJ82iik
Rumah Makan Sari Rasa,,Terry Francis,orang makan siang makan,1,10/30/2024 02:00:43,ChIJf7wOBZIBhzIR_QMUFJ82iik
Rumah Makan Sari Rasa,,Hoky Lahabu,saji cepat tidak makan orang,3,02/05/2024 06:55:19,ChIJf7wOBZIBhzIR_QMUFJ82iik
Rumah Makan Sari Rasa,,jaap palenewen,rumah kel rawung tuwo,4,01/22/2024 15:57:50,ChIJf7wOBZIBhzIR_QMUFJ82iik
Rumah Makan Sari Rasa,,Levi Mundung,variasi menu,4,08/22/2023 21:28:38,ChIJf7wOBZIBhzIR_QMUFJ82iik
Rumah Makan Sari Rasa,,Christian Rentandatu,bagus,5,03/02/2023 14:57:08,ChIJf7wOBZIBhzIR_QMUFJ82iik
AW EATERY Manado,,Isabel Salvà,luas bersih ac tim ramah profesional porsi bagus makan enak harga bagus letak belah hotel ulang rekomendasi,5,01/24/2026 12:47:50,ChIJd5epNzV1hzIR7jGY6aTIc7c
AW EATERY Manado,,Albertus Djarot Noersasongko,kalo kangen bakmi gm tidak manado makan aja cumanon halal,5,01/14/2026 23:08:38,ChIJd5epNzV1hzIR7jGY6aTIc7c
AW EATERY Manado,,Mykingsi Myquinsi,lokasi ok parkir kurang,4,01/13/2026 21:53:46,ChIJd5epNzV1hzIR7jGY6aTIc7c
AW EATERY Manado,,Hadi Santoso,mantap makan nya bagus makan uenakkk,5,04/23/2025 06:33:40,ChIJd5epNzV1hzIR7jGY6aTIc7c
AW EATERY Manado,,Emmy Wongkar,enak tahan,5,02/27/2025 00:18:52,ChIJd5epNzV1hzIR7jGY6aTIc7c
AW EATERY Manado,,Ayu Oping,makan enaktempatnya bersih rekomendasi sekaliiii,5,12/20/2024 12:10:22,ChIJd5epNzV1hzIR7jGY6aTIc7c
AW EATERY Manado,,Hilda,mie enak inti hidang lemak babi enak,5,10/11/2024 11:18:41,ChIJd5epNzV1hzIR7jGY6aTIc7c
AW EATERY Manado,,Sanny Santosa,makan enak baik,5,06/24/2024 05:43:41,ChIJd5epNzV1hzIR7jGY6aTIc7c
AW EATERY Manado,,Jeffrey Claudius,aw eatery chinese food versi rumah signature dishnya bakmi aw mie nya tekstur bakmi gm toppingnya babi panggang babi goreng jamur kuah baso ampas babi lengkap nasi hainan tekstur nasi pas aroma mantap balance menu udang goreng mentega udang goreng telur asin jg enak steam fishnya ok fresh buncis cah daging babi ok bakso goreng jg pas renyah,5,06/20/2024 05:52:44,ChIJd5epNzV1hzIR7jGY6aTIc7c
AW EATERY Manado,,Mama KK,makan enak menu,5,04/04/2024 12:47:16,ChIJd5epNzV1hzIR7jGY6aTIc7c
AW EATERY Manado,,Terry Mambo,menu sopan bersih sederhana makan jalan kembali langgan lapar,4,04/03/2024 07:19:06,ChIJd5epNzV1hzIR7jGY6aTIc7c
AW EATERY Manado,,Yeanny Rombe,masakan nya enak b,5,02/29/2024 07:33:53,ChIJd5epNzV1hzIR7jGY6aTIc7c
AW EATERY Manado,,Handoyo Go,restoran nyaman makan enak harga sahabat,5,12/07/2023 08:10:21,ChIJd5epNzV1hzIR7jGY6aTIc7c
AW EATERY Manado,,O D,makan sandwich lezat,5,10/22/2023 02:43:38,ChIJd5epNzV1hzIR7jGY6aTIc7c
AW EATERY Manado,,James Alfred,makan cina jangkau enak daging babi panggang sedia menu sungguh nikmat mienya enak,5,09/29/2023 02:55:05,ChIJd5epNzV1hzIR7jGY6aTIc7c
AW EATERY Manado,,Alexander Gerungan,mie awnya enak nasi campur enak,5,09/09/2023 06:22:18,ChIJd5epNzV1hzIR7jGY6aTIc7c
AW EATERY Manado,,Sisri,rekomendasi bak mie buat rumah iga bbq rum horn menu favorit tempat bersih harga masuk akal atur kali manado,5,08/29/2023 18:35:07,ChIJd5epNzV1hzIR7jGY6aTIc7c
AW EATERY Manado,,Leo L,cari restoran cina layak coba makan enak banget udang segar mie bakar sate non halal coba bakmie hidang laris,4,08/23/2023 23:31:30,ChIJd5epNzV1hzIR7jGY6aTIc7c
AW EATERY Manado,,kevin vicenza,makan enak recommeded,5,04/22/2023 06:21:11,ChIJd5epNzV1hzIR7jGY6aTIc7c
AW EATERY Manado,,Cecilia Naritha,suka mienya,5,03/28/2023 07:55:11,ChIJd5epNzV1hzIR7jGY6aTIc7c
AW EATERY Manado,,Steven Carlo,makan cepat hidang anak anak suka mie sapo mie nya daging nya limpah best of all is the coconut mango juice pesan nasi goreng enak porsi gede next will try the empek empek bersih parkir utk mobil recommended and will come back again,5,02/19/2023 11:25:28,ChIJd5epNzV1hzIR7jGY6aTIc7c
AW EATERY Manado,,Irene Hartanto,variasi menu tempat bersih terang makan enak halal nonhalal service cepat pork ribsnya kering tp enak,5,02/12/2023 14:37:01,ChIJd5epNzV1hzIR7jGY6aTIc7c
AW EATERY Manado,,Yoko Lv,makan cina nyaman nasi goreng pempek enak restoran bersih luas staf ramah tidak sinyal ponsel tidak ac panas enak makan,4,01/29/2023 10:17:34,ChIJd5epNzV1hzIR7jGY6aTIc7c
AW EATERY Manado,,Harold Tambajong,makan enak suasana senang harga ok,5,01/16/2023 09:09:15,ChIJd5epNzV1hzIR7jGY6aTIc7c
Secret 7,,j budianto surya,makan enak bersihharga rakyat,3,01/14/2026 05:13:18,ChIJheQjhm9rhzIR6NqReb5mRW4
Secret 7,,Randy Willnes,secret seven baik tomohon lebih makan enak harga murah menu cozy bersih nyaman layan wifi yg suka secretseven rm yg dedikasi ato niat banget dlm bisnis kuliner konsistensi the best upgrade tempatmenu layan makan distu tmptnya dekor sesuai musim wktu musim natal banding rm sulut makan tidak konsisten tidak upgrade menu layan waitres buruk kosong menu tutup tpi secretseven tidak kmi makan dstu pilih yg kosong kurang parkir tpi indoornya tidak outdoornya meja kursi tidak nyaman indoor lokasi tidak kota tomohon sibuk tgh kota cari rm yg secret seven skip krn tomohon adlh kota yg jengkel macet malas klo jalan dri sibuk smpe skarang secret seven tidak kecewa,5,11/19/2025 11:36:42,ChIJheQjhm9rhzIR6NqReb5mRW4
Secret 7,,Audie Rudolf,masakan enak ubi goreng mantap suasana nyaman sayang kurang asri,5,11/08/2025 08:17:11,ChIJheQjhm9rhzIR6NqReb5mRW4
Secret 7,,Ernest Laoh,ba mampir makan,5,09/24/2025 05:39:08,ChIJheQjhm9rhzIR6NqReb5mRW4
Secret 7,,Keluh Kesah,layan take away antri sedkit utama makan hadeh,1,07/23/2025 03:36:15,ChIJheQjhm9rhzIR6NqReb5mRW4
Secret 7,,Audie Rudolf,suasana resto nyaman duduk suasana kurang makan enak ayam lalap,5,04/06/2025 05:11:44,ChIJheQjhm9rhzIR6NqReb5mRW4
Secret 7,,Wahyuning Murstyani,sana lamaaaa sekaleee le,1,03/15/2025 08:48:53,ChIJheQjhm9rhzIR6NqReb5mRW4
Secret 7,,Yonanta Asa dilaga,layan jelek,1,12/28/2024 03:48:28,ChIJheQjhm9rhzIR6NqReb5mRW4
Secret 7,,Nesya Grifith,tidak tau kali pesan take away pesan tunggu jam nongkrong situ tidak seringkali pesan customer selesai pesan belum selesai kali pesan take away sabar take away mohon timbang order makan secret tomohon not recommended,1,12/19/2024 10:53:26,ChIJheQjhm9rhzIR6NqReb5mRW4
Secret 7,,kiky palit,kudacuki tidak bungkus,1,12/19/2024 10:43:53,ChIJheQjhm9rhzIR6NqReb5mRW4
Secret 7,,Bravo Vermeulen,jangkau enak terkadang berisik,5,09/07/2024 03:08:45,ChIJheQjhm9rhzIR6NqReb5mRW4
Secret 7,,lenny denny,makan enak layan kasir ramah tempat nyaman cocok utk kongkow ownernya hati,5,08/17/2024 15:39:56,ChIJheQjhm9rhzIR6NqReb5mRW4
Secret 7,,Pingkan Melati Parengkuan,makan enak tidak pake,5,08/16/2024 08:14:08,ChIJheQjhm9rhzIR6NqReb5mRW4
Secret 7,,levi kolonio,tempat asik makan enak layan nya cepat dak sabar ulang,5,08/16/2024 02:11:04,ChIJheQjhm9rhzIR6NqReb5mRW4
Secret 7,,Berty Melcky,alternatif santai makan keluarga,4,04/21/2024 00:31:53,ChIJheQjhm9rhzIR6NqReb5mRW4
Secret 7,,Gladdy Tuwo,nyaman letak jalan utama kota tomohon,4,03/04/2024 05:57:44,ChIJheQjhm9rhzIR6NqReb5mRW4
Secret 7,,Lilis Pranoto,santai adem,4,12/04/2023 05:39:49,ChIJheQjhm9rhzIR6NqReb5mRW4
Secret 7,,Villy Setiono,makan enak porsi harga jangkau,5,08/16/2023 03:19:34,ChIJheQjhm9rhzIR6NqReb5mRW4
Secret 7,,Agustom Abraham,bersih enak,5,07/11/2023 08:55:19,ChIJheQjhm9rhzIR6NqReb5mRW4
Secret 7,,pcy bbh,makan yg pes onframe pisang sepatu goreng offframe smua enak mantulitaaa capcaynya kuah pribadi yg cari makan resto karna ratingnya yg jamin jamin tidak zonk layan kasi bintang krn mba yg muka tidak sahabat layan tolong banyak mba yg senyum aja bos manajer tolong edukasi customer makan tenang aja sih makasih,4,05/27/2023 12:56:23,ChIJheQjhm9rhzIR6NqReb5mRW4
Secret 7,,tisma liani,malam minggu,5,05/22/2023 04:57:59,ChIJheQjhm9rhzIR6NqReb5mRW4
Monobox coffe shop,,Malomboris Padang,nongki mantap daerah bitung,5,01/07/2026 07:50:01,ChIJUWjEzNYBhzIRDdwlqts3xvY
Monobox coffe shop,,Deny Anyer,cafe nya strategis kota bitung cocok santa meeting teman kerja makan minum nya standar,4,11/21/2025 17:48:38,ChIJUWjEzNYBhzIRDdwlqts3xvY
Monobox coffe shop,,Rina Malumbot,good ambience hospitality bagus makan minum enak affordable can be really crowded but overall really good place very recommend stop,5,10/22/2025 15:45:29,ChIJUWjEzNYBhzIRDdwlqts3xvY
Monobox coffe shop,,Nadim Glauser,pergi kedai kopi suka mural sambut layan ramah orangorang staf main catur milik habis senang main main,5,10/15/2025 16:33:42,ChIJUWjEzNYBhzIRDdwlqts3xvY
Monobox coffe shop,,Paulina Walansendow,tuna goreng tepung udang goreng tepung enak syg menu yg tidak,5,03/19/2025 05:49:16,ChIJUWjEzNYBhzIRDdwlqts3xvY
Monobox coffe shop,,Rivaldi Mulia Rachman,cafe ngopi,5,02/24/2025 16:42:15,ChIJUWjEzNYBhzIRDdwlqts3xvY
Monobox coffe shop,,Meidy Watulingas,halalbiapong nya enakkkkkk,4,12/10/2024 01:25:48,ChIJUWjEzNYBhzIRDdwlqts3xvY
Monobox coffe shop,,Faisal Eyato,apalwng nya bayarnnti tatigo,1,09/28/2024 14:14:40,ChIJUWjEzNYBhzIRDdwlqts3xvY
Monobox coffe shop,,Geraldi Tomuka,layan buruk makan tidak enak tawar,1,06/08/2024 14:44:13,ChIJUWjEzNYBhzIRDdwlqts3xvY
Monobox coffe shop,,Prayshe Rumbayan,minum khas tidak sesuai harga,1,06/05/2024 14:54:29,ChIJUWjEzNYBhzIRDdwlqts3xvY
Monobox coffe shop,,Geo Kangkanu,kopi kecewa harga lumayan kyknya msti ubah signaturenya udh harga lumayan tawar banget,1,06/05/2024 14:51:40,ChIJUWjEzNYBhzIRDdwlqts3xvY
Monobox coffe shop,,Rahmat Phulu,makan enakenak layan ramah suasana nyaman nongkrong,4,05/22/2024 07:13:35,ChIJUWjEzNYBhzIRDdwlqts3xvY
Monobox coffe shop,,Ky•,santa bintang stabil,5,05/21/2024 15:38:24,ChIJUWjEzNYBhzIRDdwlqts3xvY
Monobox coffe shop,,yayan kurniawan,mantap bagus rekomendasi pokok nya,5,05/13/2024 08:51:58,ChIJUWjEzNYBhzIRDdwlqts3xvY
Monobox coffe shop,,noob neww,da mkn minum hujan jdi pindah ka tmpa teduh pas pndh dlm bknnya tawar kursi biar ba amper jam tidak ad sma tawar kursi nya karyawan mlah badiam angka kaki bknnya costumer dudu da taruh nya tas nya kaki kadera pake for nya kaki denk tas nya karyawan laki sibuk sndiri dudu bknnya iseng tawar kursi mlh da bingung yaki pdhal tidak ba layan spapun wlaupun self service kadera blh to bwa nya karna hujan lap pergi ambil kadera basah lap sndiri playann buruk ad le costumer bru da bukan tawar ksiang da badiri trus sma org bingung dpa bkeng bgtu nntau ad le bkeng bgtu,1,04/27/2024 16:50:32,ChIJUWjEzNYBhzIRDdwlqts3xvY
Monobox coffe shop,,Linda Minoz,layan tidak bagus jam diri tunggu hujan reda tawar kursi karyawan mala cuek cs mes makana minum langsung hujan deras,1,04/27/2024 16:50:07,ChIJUWjEzNYBhzIRDdwlqts3xvY
Monobox coffe shop,,Jan Gimon,keren nongkrong makan recommended,5,03/09/2024 06:45:11,ChIJUWjEzNYBhzIRDdwlqts3xvY
Monobox coffe shop,,Rian Botax,pelayananya tidak memuaskankita pesan indomie kuah nunggunya jam lebihkecewa dgn pelayananya,1,02/22/2024 13:47:13,ChIJUWjEzNYBhzIRDdwlqts3xvY
Monobox coffe shop,,Denz The Great,enak nongkrong kawan,4,10/11/2023 05:50:39,ChIJUWjEzNYBhzIRDdwlqts3xvY
Monobox coffe shop,,xXx Cuz,ngopi pusat kota yg recomended banget,5,08/13/2023 15:54:04,ChIJUWjEzNYBhzIRDdwlqts3xvY
Monobox coffe shop,,Adriaan Pitoy,pilih lesehanoutdoormusikdibawa pohon menu goroho stick kopi vitnam etc,2,07/17/2023 10:04:37,ChIJUWjEzNYBhzIRDdwlqts3xvY
Monobox coffe shop,,Wahyuddin Ansar,layan bagus makan standar suasana asyik,4,07/06/2023 14:14:00,ChIJUWjEzNYBhzIRDdwlqts3xvY
Monobox coffe shop,,Joy Gimon,enak nongkrong,5,04/24/2023 13:25:28,ChIJUWjEzNYBhzIRDdwlqts3xvY
Monobox coffe shop,,Setyo Nugroho,asik nongkrong ngopi,5,03/12/2023 07:37:17,ChIJUWjEzNYBhzIRDdwlqts3xvY
Monobox coffe shop,,Y3S Story,konsep outdoor coffee shop yg keren bitung cocok anak anak muda nongkrong wifi menu kopi non kopi panas dingin ahri yg perform stand up comedy keren aich tempat,5,02/28/2023 13:24:18,ChIJUWjEzNYBhzIRDdwlqts3xvY
Pepper Lunch Manado Town Square,,Lutviana Novriza B,makan enak layan,5,01/31/2026 10:40:35,ChIJb9GfgOJ0hzIRbijlCvwSjns
Pepper Lunch Manado Town Square,,Patricia Maweikere,tempat bagus cepat saji,5,01/25/2026 05:33:45,ChIJb9GfgOJ0hzIRbijlCvwSjns
Pepper Lunch Manado Town Square,,ismurtyanto t. nugroho,langgan jakarta,5,01/19/2026 11:59:14,ChIJb9GfgOJ0hzIRbijlCvwSjns
Pepper Lunch Manado Town Square,,rahma mokodompis,makan nyaman enak recomended,5,01/17/2026 08:12:30,ChIJb9GfgOJ0hzIRbijlCvwSjns
Pepper Lunch Manado Town Square,,Arianta Kaban,makan nya enakpelayanan ramahjosss banget,5,01/16/2026 08:52:48,ChIJb9GfgOJ0hzIRbijlCvwSjns
Pepper Lunch Manado Town Square,,D Korn,alam santap makan saji piring panas makan goreng masak daging suka porsi,4,01/13/2026 17:03:46,ChIJb9GfgOJ0hzIRbijlCvwSjns
Pepper Lunch Manado Town Square,,santi husain,playananx makan enak,5,01/10/2026 04:22:57,ChIJb9GfgOJ0hzIRbijlCvwSjns
Pepper Lunch Manado Town Square,,Rikha Sinampu,enak worth it murah pakai voucher tiktok,5,01/09/2026 05:27:41,ChIJb9GfgOJ0hzIRbijlCvwSjns
Pepper Lunch Manado Town Square,,Chervi,wowww emang enak bangett cheese pullnyaa emang coba ya guyss,5,01/08/2026 09:58:45,ChIJb9GfgOJ0hzIRbijlCvwSjns
Pepper Lunch Manado Town Square,,DSRM,makan cepat mudah lezat tempat hidang lezat menu nyaman kenyang layak ulang,5,01/04/2026 16:03:09,ChIJb9GfgOJ0hzIRbijlCvwSjns
Pepper Lunch Manado Town Square,,Sella Theresia Theresia,bagus terima kasih,5,01/04/2026 11:43:39,ChIJb9GfgOJ0hzIRbijlCvwSjns
Pepper Lunch Manado Town Square,,Avilasdar,makan enak layan suasana kurang dingin ac nya mesti tambah puas makan harga lumayan dang mending,5,01/01/2026 11:11:27,ChIJb9GfgOJ0hzIRbijlCvwSjns
Pepper Lunch Manado Town Square,,J.R. Tacazily,terima kasih layan,5,12/30/2025 09:05:17,ChIJb9GfgOJ0hzIRbijlCvwSjns
Pepper Lunch Manado Town Square,,Kurnia Angriani,makan enak kakak pegawai ramah,5,12/25/2025 07:03:03,ChIJb9GfgOJ0hzIRbijlCvwSjns
Pepper Lunch Manado Town Square,,budy Karmoy,makan enak bikin selera mantap,5,12/22/2025 13:09:17,ChIJb9GfgOJ0hzIRbijlCvwSjns
Pepper Lunch Manado Town Square,,Cerita Celia,makan enak,5,12/14/2025 10:21:49,ChIJb9GfgOJ0hzIRbijlCvwSjns
Pepper Lunch Manado Town Square,,Willie lalujan,temapt bagus makan enak,5,12/13/2025 13:09:31,ChIJb9GfgOJ0hzIRbijlCvwSjns
Kelapa 17 Tomohon,,DOSHIN PARK,restoran khusus daging babi kuah pedas saji ikan nasi enak layak santap iga babi panggang enak restoran kenal kepala babi goreng orang daerah makan kepala babi,4,11/20/2025 02:55:44,ChIJ_f4shr5thzIRXnOmevKoFj4
Kelapa 17 Tomohon,,CJ,henti bagus sup ikan nasi sayur bebek bumbu rw hatihati pedas wow layan sempurna bersih krp,5,10/19/2025 05:28:30,ChIJ_f4shr5thzIRXnOmevKoFj4
Kelapa 17 Tomohon,,Denny Moningka,harga jangkau enak menu makan pilih suasana dukung nyaman luas,5,09/12/2025 13:37:35,ChIJ_f4shr5thzIRXnOmevKoFj4
Kelapa 17 Tomohon,,Yeski Ezequiel de Yong,bagus harga mahal mudah jangkau pusat kota sejuk suasana romantis soto rusuk c babi bakar c ragey b kangkung a sambal b tinoransak c layan kurang informatif,3,09/07/2025 14:20:20,ChIJ_f4shr5thzIRXnOmevKoFj4
Kelapa 17 Tomohon,,Bo Grabowski,kualitas bagus standar manado buruk musik keras layan tidak timbang langgan,1,08/24/2025 05:01:17,ChIJ_f4shr5thzIRXnOmevKoFj4
Kelapa 17 Tomohon,,Alfin Mario,oink oink oink menu daging babi pork hunter yummy,5,08/23/2025 23:57:41,ChIJ_f4shr5thzIRXnOmevKoFj4
Kelapa 17 Tomohon,,Sani Saliwardaya,suasana nyaman unjung makan standar tidak istimewa,4,07/28/2025 14:53:01,ChIJ_f4shr5thzIRXnOmevKoFj4
Kelapa 17 Tomohon,,Sipliana Betti,the bestapalagi babi torenya pakai daging lapis,5,07/17/2025 03:36:34,ChIJ_f4shr5thzIRXnOmevKoFj4
Kelapa 17 Tomohon,,Drew,lokasi strategis tempat outdoor nyaman sejuk layan harga jangkau sesuai porsi pesan nasi babi tore,5,05/29/2025 04:30:46,ChIJ_f4shr5thzIRXnOmevKoFj4
Kelapa 17 Tomohon,,Mike S,kenal kepala babi madu dapat kulit renyah manis daging empuk gurih pisau sedia restoran langsung resap dalam tawar sate ragey tusuk sate jujur tengah marah pilih kepala babi item baik menu atap buat lembar baja parah hujan layan lambat jujur orang hidup lambat tidak keluh,5,05/25/2025 00:01:24,ChIJ_f4shr5thzIRXnOmevKoFj4
Kelapa 17 Tomohon,,Exsel Mamahit,om om jaga parkir tidak sopan tidak tau hadat tidak tukang parkir tukang parkir yg ganti,4,05/07/2025 14:52:35,ChIJ_f4shr5thzIRXnOmevKoFj4
Kelapa 17 Tomohon,,Jackson Pendong,tempat bagus tomohon harga mahal orang,5,03/05/2025 23:25:08,ChIJ_f4shr5thzIRXnOmevKoFj4
Kelapa 17 Tomohon,,reyni wantania,makan enak bersih,5,01/06/2025 02:39:14,ChIJ_f4shr5thzIRXnOmevKoFj4
Kelapa 17 Tomohon,,Kevin T,layan kurang bagus pesan ikan tuna antar unjung pesan ikan babi dahulu poko layan rm kelapa tomohon pelayananya tidak baguslebih uji layan efektif pekerjaanagar tidak pilih pesan dahulu sesuai mes makan,1,12/24/2024 09:05:05,ChIJ_f4shr5thzIRXnOmevKoFj4
Kelapa 17 Tomohon,,silvia tumundo,makan enak layan nya bagus n cepat,5,10/19/2024 08:26:17,ChIJ_f4shr5thzIRXnOmevKoFj4
Kelapa 17 Tomohon,,Jessica Claresta,sorry to say babi toreh keras bgt kayak batu overcooked gosong kecewa pesan panggang habis tidak tau emg gin sm yg manado apes aja,3,10/16/2024 12:57:27,ChIJ_f4shr5thzIRXnOmevKoFj4
Kelapa 17 Tomohon,,Jhony Rian Setiawan Saragih,cinta babi silah coba,5,10/08/2024 08:44:54,ChIJ_f4shr5thzIRXnOmevKoFj4
Kelapa 17 Tomohon,,Sébastien A,tuna enak sayur mahal dapat layan bagus,4,09/17/2024 02:59:58,ChIJ_f4shr5thzIRXnOmevKoFj4
Kelapa 17 Tomohon,,Denny,cinta masakan babi hrs mampir sayur pangi nya jg enak makan nya enak gurih gugah selera puas makan mantap,5,08/26/2024 01:02:58,ChIJ_f4shr5thzIRXnOmevKoFj4
Kelapa 17 Tomohon,,rivo tentero,makan enak suasana nyaman tempat bersih awat layan tempat bagus kumpul keluarga temanteman parkir luas,5,07/03/2024 00:15:33,ChIJ_f4shr5thzIRXnOmevKoFj4
Kelapa 17 Tomohon,,Brain Langelo,ok menu yg kosong note tikus jln kabel lantai takut lg makan trus tikus jatuh bawah,3,06/19/2024 01:04:13,ChIJ_f4shr5thzIRXnOmevKoFj4
Kelapa 17 Tomohon,,Susan Oroh,menu habispesanannya jam nunggudatangnya satusayur sup cancell karna selesai makan blom ready mohon perhati sukses,1,06/18/2024 05:40:18,ChIJ_f4shr5thzIRXnOmevKoFj4
Kelapa 17 Tomohon,,Eting,nuansa restoran bagus luas sayang makan yg saji kurang enak kepala b rusuk b kering rica dabu br dr kulkas rica bakar jg tidak rica masakan manado pd yg enak mohon perhati lg krn bnyk mobil travel wisatawan yg,3,05/31/2024 00:32:49,ChIJ_f4shr5thzIRXnOmevKoFj4
Kelapa 17 Tomohon,,CAESAR THE PITBULL,kepala babi panggang madu still the best,4,05/29/2024 02:52:00,ChIJ_f4shr5thzIRXnOmevKoFj4
Kelapa 17 Tomohon,,Cindy Lanovia,dunia babi tenang ikan ayam ready yg tidak makan babi harga relatif mahal porsi yg aja yg aja,3,05/15/2024 13:58:01,ChIJ_f4shr5thzIRXnOmevKoFj4
Rm.Sup Bete Ba CI Merry,,Wisely Tan,layak mie k udon sup babi milik rendah hati,4,03/20/2024 08:00:55,ChIJ8yjscNABhzIRXkiOyQ4UWFg
Rm.Sup Bete Ba CI Merry,,Rosdiana Yulin,makan nya enak layan ramah klo harga rb,4,03/20/2023 07:51:42,ChIJ8yjscNABhzIRXkiOyQ4UWFg
Rameshan Megamall Manado,,M Store,layan,5,01/28/2026 08:44:00,ChIJhWyTFwB1hzIRuXfkyWDXL_Y
Rameshan Megamall Manado,,Tiska Ayu,makan nya enak nya nyaman santai,5,01/25/2026 11:54:09,ChIJhWyTFwB1hzIRuXfkyWDXL_Y
Rameshan Megamall Manado,,Frely Pianaung,dekorasi cantik bangetmakanannya enak,5,01/24/2026 06:17:46,ChIJhWyTFwB1hzIRuXfkyWDXL_Y
Rameshan Megamall Manado,,Riezka,desain interior lucu variasi menu es teh pandan minum favorit,4,12/03/2025 13:55:27,ChIJhWyTFwB1hzIRuXfkyWDXL_Y
Rameshan Megamall Manado,,Rasya Andit,rumah makan baik senang rumah makan baik senang makan makan keluarga teman anak anak suami,5,11/14/2025 16:44:23,ChIJhWyTFwB1hzIRuXfkyWDXL_Y
Rameshan Megamall Manado,,Dear,tempat bagus layan makananya enak peyajian cepat lumayan murah harga,5,10/22/2025 02:47:06,ChIJhWyTFwB1hzIRuXfkyWDXL_Y
Rameshan Megamall Manado,,Yeski Ezequiel de Yong,antri konter layan,2,09/21/2025 05:49:52,ChIJhWyTFwB1hzIRuXfkyWDXL_Y
Rameshan Megamall Manado,,Rany Tasiam,favorite udang ceria sambal telur enaak,5,09/14/2025 04:56:57,ChIJhWyTFwB1hzIRuXfkyWDXL_Y
Rameshan Megamall Manado,,Rany,makan enak layan ramah langgan kesini,5,09/14/2025 04:56:12,ChIJhWyTFwB1hzIRuXfkyWDXL_Y
Rameshan Megamall Manado,,natalia kolondam,makan enak pelayannanya ramah,5,09/13/2025 09:29:57,ChIJhWyTFwB1hzIRuXfkyWDXL_Y
Rameshan Megamall Manado,,Lidya Sundami,makan enak layan ramah nyaman aesthetic,5,09/10/2025 12:54:33,ChIJhWyTFwB1hzIRuXfkyWDXL_Y
Rameshan Megamall Manado,,Waras Nuryanti,nyaman layan ramah,5,09/10/2025 12:54:18,ChIJhWyTFwB1hzIRuXfkyWDXL_Y
Rameshan Megamall Manado,,gresilia assa (kim niki),layan nya bagus,5,09/09/2025 08:44:24,ChIJhWyTFwB1hzIRuXfkyWDXL_Y
Rameshan Megamall Manado,,Sara Tando,tempat bersih rapi makan enak harga jangkau,5,09/07/2025 03:28:19,ChIJhWyTFwB1hzIRuXfkyWDXL_Y
Rameshan Megamall Manado,,Kezia Lumenta,makan nya enak layan cepat tempat nyaman kini rekomended keluarga,5,09/07/2025 03:26:10,ChIJhWyTFwB1hzIRuXfkyWDXL_Y
Rameshan Megamall Manado,,Allan Q,yummy dsni rekomend pake bangetttt,5,09/06/2025 09:39:18,ChIJhWyTFwB1hzIRuXfkyWDXL_Y
Rameshan Megamall Manado,,ampriv qxx1t,enak banget rekomend bgt keluarga,5,09/06/2025 09:37:59,ChIJhWyTFwB1hzIRuXfkyWDXL_Y
Rameshan Megamall Manado,,Colces Nia,nyaman harga jangkau,5,09/05/2025 12:32:52,ChIJhWyTFwB1hzIRuXfkyWDXL_Y
Rameshan Megamall Manado,,Indot tt,layan makan enak,5,09/05/2025 11:55:11,ChIJhWyTFwB1hzIRuXfkyWDXL_Y
Rameshan Megamall Manado,,Alfanny Tawera,makan enak layan bagus,5,09/05/2025 11:54:57,ChIJhWyTFwB1hzIRuXfkyWDXL_Y
SLIEV Coffee & Eatery,,Knud Holgerson,suka makan enak staf ramah,5,01/19/2026 03:28:12,ChIJM1cxvTtthzIRCsb6s-ku2pw
SLIEV Coffee & Eatery,,Sohn,kafe cantik kunjung pusat kota tomohon bangun kafe cantik lantai pandang lantai sungguh indah minum menit pes makan menit tidak tunggu tenang kursi colok listrik wifi lantai cocok kerja pribadi interior bersih makan enak kopi nikmat tidak tahan mes cangkir rekomendasi,5,01/17/2026 04:43:47,ChIJM1cxvTtthzIRCsb6s-ku2pw
SLIEV Coffee & Eatery,,Rivo F. A. Kakunsi,kopi enak makan enak layan bagus lanjut kerja baik,5,01/16/2026 04:07:52,ChIJM1cxvTtthzIRCsb6s-ku2pw
SLIEV Coffee & Eatery,,Mr.Glowing Upkan,kali cafe bagus tunggu pesan jam layan bilang parkir susah parkir pesan lambat tidak rekomendasi,1,01/11/2026 14:12:19,ChIJM1cxvTtthzIRCsb6s-ku2pw
SLIEV Coffee & Eatery,,keshya 123frisca,ngak sengaja nemu ngopi yg sate roy tempat oke modern suasana nyaman bersih pesan americanocappucino cake coklat banana krispi rekomen ngopi daerah tomohon,4,01/08/2026 09:13:40,ChIJM1cxvTtthzIRCsb6s-ku2pw
SLIEV Coffee & Eatery,,WILLIAM JOSHUA,mohon pasti kesiap orang tanggung kitchen koordinasi waiters kitchen rush hour kualitas makan harga layan tidak worth it tunggu jam miskomunikasi staf,2,01/02/2026 19:14:24,ChIJM1cxvTtthzIRCsb6s-ku2pw
SLIEV Coffee & Eatery,,Indah Sucia humairo,nyaman sembuh suasana santai makan enak,5,12/27/2025 01:41:54,ChIJM1cxvTtthzIRCsb6s-ku2pw
SLIEV Coffee & Eatery,,Gladdy Tuwo,kopi baik,5,12/26/2025 22:52:57,ChIJM1cxvTtthzIRCsb6s-ku2pw
SLIEV Coffee & Eatery,,Gijoe roc,bs kasih review mochaccino ice tp dominan choconya ya,3,12/20/2025 16:51:43,ChIJM1cxvTtthzIRCsb6s-ku2pw
SLIEV Coffee & Eatery,,Eggy Kandou,tempat bagus nyaman layan ramah,5,12/08/2025 10:19:10,ChIJM1cxvTtthzIRCsb6s-ku2pw
SLIEV Coffee & Eatery,,손경은,restoran pandang baik tomohon kelola pinjam oleh bgm,5,11/19/2025 14:10:44,ChIJM1cxvTtthzIRCsb6s-ku2pw
SLIEV Coffee & Eatery,,Aufa MF,kafe nyaman nongkrong,5,11/17/2025 15:45:11,ChIJM1cxvTtthzIRCsb6s-ku2pw
SLIEV Coffee & Eatery,,A nonim,bagus bersih kerja kursi nyaman toilet bersih agam pilih menu okinawa milk tea tidak recommended,4,11/16/2025 15:40:12,ChIJM1cxvTtthzIRCsb6s-ku2pw
SLIEV Coffee & Eatery,,Yosephine Debbie Damayanti,cafe oke belajarbekerja karna nuansa nyaman view estetik harga super oke layan oke layan stand by pesan langsung gercep jangan kes awas makanmembayar introver aspek,5,11/08/2025 14:16:30,ChIJM1cxvTtthzIRCsb6s-ku2pw
SLIEV Coffee & Eatery,,Fl MA,kafe modern kopi enak sayang kopi saji gelas plastik tidak konsumsi manamana alam plastik sera,4,11/07/2025 06:20:01,ChIJM1cxvTtthzIRCsb6s-ku2pw
SLIEV Coffee & Eatery,,Cristoper Sendu,alam bagus,5,10/29/2025 00:58:49,ChIJM1cxvTtthzIRCsb6s-ku2pw
SLIEV Coffee & Eatery,,Feri Cristian umar,makan enak minum enak layan ramah suasana indah lantai yg latar gunung lokon indah turut coffe baik coffe moga sukses,5,10/23/2025 02:43:02,ChIJM1cxvTtthzIRCsb6s-ku2pw
SLIEV Coffee & Eatery,,Ribcha Lumangkun,tempat aesthetic kopi enakk makan snacksnya jg okee segi harga worth it bgt bgtaaaann sih makan view cantik,5,10/17/2025 23:36:16,ChIJM1cxvTtthzIRCsb6s-ku2pw
SLIEV Coffee & Eatery,,Лиза Белявская,unjung kafe bagus kali kali mes kopi enak banyak makan hidang menu eropa pacar mes makan lokal milik menu temu terima kasih milik kafe,5,09/15/2025 05:19:03,ChIJM1cxvTtthzIRCsb6s-ku2pw
SLIEV Coffee & Eatery,,Simon Romann,hargakinerja lampau harga lokasi makan enak kopi,5,09/14/2025 06:09:02,ChIJM1cxvTtthzIRCsb6s-ku2pw
SLIEV Coffee & Eatery,,Marco Untu,chill cafe super luas good food and beverages parkir kurang gede tidak floor engap dikit hehe idk why a lil bit nunggu makan but not that long,4,08/30/2025 00:51:03,ChIJM1cxvTtthzIRCsb6s-ku2pw
SLIEV Coffee & Eatery,,Promptus Data,makan enak staf ramah capuchino enak band inklusif gaya barat,5,08/25/2025 03:47:19,ChIJM1cxvTtthzIRCsb6s-ku2pw
SLIEV Coffee & Eatery,,icha melisa (Melisa cloudia),nyaman makan enak tempat luas suasana senang pilih duduk suasana alam rooftop view gunung lokon lt cocok work from cafe layan bagus,5,08/23/2025 13:44:56,ChIJM1cxvTtthzIRCsb6s-ku2pw
SLIEV Coffee & Eatery,,Navadila Susanto,tempat cozy dn nyaman,5,08/12/2025 01:24:29,ChIJM1cxvTtthzIRCsb6s-ku2pw
SLIEV Coffee & Eatery,,ismurtyanto t. nugroho,rica cakalang asap banana americano gohu dingin panorama gunung lokon lantai very recommended,5,07/26/2025 09:47:58,ChIJM1cxvTtthzIRCsb6s-ku2pw
"Rumah Makan Ikan Bakar ""Om Mando",,Zainal Ahmadi,ikan bakar mantapp,5,12/31/2025 01:49:37,ChIJHVIGHsIBhzIRWLuk9zCfRGo
"Rumah Makan Ikan Bakar ""Om Mando",,Traveller,bagus suka ikan segar nasi sayur ikan bintang panggang sempurna laku laku pilih harga nikmat mes jenis mahal lobster dll tidak milik stok mahal toko lokal rekomendasi suka ikan bakar,5,10/31/2025 17:04:48,ChIJHVIGHsIBhzIRWLuk9zCfRGo
"Rumah Makan Ikan Bakar ""Om Mando",,Ahmad Zunanto efendi,parkiranya susah,5,12/28/2024 21:05:17,ChIJHVIGHsIBhzIRWLuk9zCfRGo
"Rumah Makan Ikan Bakar ""Om Mando",,mahfudzh hidayatullah,hidden gem makan ikan laut kota bitung,5,12/09/2024 06:24:29,ChIJHVIGHsIBhzIRWLuk9zCfRGo
"Rumah Makan Ikan Bakar ""Om Mando",,Maliki Rusimin,ikan bakar terr ter terr weeeenaaaak,5,01/13/2024 11:27:38,ChIJHVIGHsIBhzIRWLuk9zCfRGo
"Rumah Makan Ikan Bakar ""Om Mando",,Hanz Budi Setiawan Dandel,warung ikan bakar enak bitung,5,09/22/2023 08:07:04,ChIJHVIGHsIBhzIRWLuk9zCfRGo
Elmonts Coffee & Roastery,,Carmen Sprus,kopi barista baik indonesia staf tahu kopi tawar tur kafe jajah kebun,5,01/19/2026 15:10:45,ChIJeW2XkINshzIR_ZdmogCH7UE
Elmonts Coffee & Roastery,,Knud Holgerson,kopi enak milik ramah kopi hasil,5,01/17/2026 01:28:04,ChIJeW2XkINshzIR_ZdmogCH7UE
Elmonts Coffee & Roastery,,kat,kopi benarbenar enak cicip espresso coklat milik ramah cakap senang staf pohon kopi halaman henti informatif pergi kesana col nongkrong,5,01/07/2026 03:07:44,ChIJeW2XkINshzIR_ZdmogCH7UE
Elmonts Coffee & Roastery,,rico fransisco,slow bar asik plus liat kebun kopi slow bar gua dpt manado tepat d kolong bs liat d google lokasi tepat langsung ktmu ngbrol ownernyaa humble bgt slow bar bs jd tmpat kerja oke nongki oke cobain langsung vnyaa biji kopi hasil kebun rekomen dr si baristnya mantaab banget deh pokoknyaa cus langsung main k tmpatnya ajaa sukses elmont coffee roastery,5,12/15/2025 14:35:01,ChIJeW2XkINshzIR_ZdmogCH7UE
Elmonts Coffee & Roastery,,Nicholas Pope,cinta kopi pergi milik tahu kopi hasil kopi spesial orangorang kali puji kopi enak milik arti beda orang beda izin gemar berat kopi spesial maksud spesialisasi kopi milik skor cupping specialty coffee association sangrai ringan tarik konteks suka kopi hario v mes cangkir kopi tanam produksi lokal cuci sepenuh alami proses madu fermentasi anaerobik kopi proses alami ringan buah tidak milik umput milik kopi alami bintang tunjuk kopi fermentasi anaerobik minum kopi spesial cicip langsung tani kolombia panama kosta rika dll belum cicip kopi kue coklat harfiah vanilla kuat aroma hazelnut tidak pahit tidak funky terkadang muncul akibat fermentasi anerobik tidak proses kuat bersih tambah sirup vanilla tidak tidak sangka kopi hatihati kopi beda sedia cangkir beda pasang pamer cita baik kopi fermentasi anerobik hadir cangkir tembikar buat tangan jepang milik tahu semangat kopi obrol dengan jam ajar varietas lokal metode olah laboratorium tani kecil uji tanam varietas metode alami lindung hama kaya tanah cinta kopi spesial tomohon wajib,5,12/15/2025 07:56:03,ChIJeW2XkINshzIR_ZdmogCH7UE
Elmonts Coffee & Roastery,,Ferdi K.,elmont pria kopi benarbenar nikmat ajar produksi buat kopi tanam rumah,5,12/05/2025 12:00:47,ChIJeW2XkINshzIR_ZdmogCH7UE
Elmonts Coffee & Roastery,,Claire Stephens,bintang unjung kebun kopi prioritas utama tomohon gembira mampir kedai kopi tawar tur kebun proses budidaya kopi fenomenal senang coba kopi tanam lereng gunung mahawu tomohon alam senang ajar proses kopi minum asal rekomendasi nikmat minum campur rumah saji biji kopi robusta arabika suka kopi susu milik orangorang cantik hati rekomendasi unjung,5,12/03/2025 06:26:42,ChIJeW2XkINshzIR_ZdmogCH7UE
Elmonts Coffee & Roastery,,achel pioh,aku kopi enak pribadi milik sekian langgan rasa tidak nyaman tergilagila urus pribadi tidak kali ulang kali cari toko kualitas rendah,5,11/03/2025 06:44:18,ChIJeW2XkINshzIR_ZdmogCH7UE
Elmonts Coffee & Roastery,,Maud Lempérière,mampir pagi minum kopi kopi enak cium kafe terna belakang terima kasih sebesarbesarnya jason robert elise sambut simpan kenang indah tentang,5,11/03/2025 00:11:31,ChIJeW2XkINshzIR_ZdmogCH7UE
Elmonts Coffee & Roastery,,Jan,kopi bagus milik ramah bimbing proses buat kopi kebun toko cium aroma kacang beda senang pilih telah pilih campur rumah khusus harga padan cangkir kopi baik milik rekomendasi,5,10/29/2025 05:58:06,ChIJeW2XkINshzIR_ZdmogCH7UE
Elmonts Coffee & Roastery,,Eline Jongsma,tanam biji kopi senang hati kebun staf ramah suka kafe biar cium biji kopi beda pilih coba kopi beli kacang bawa pulang benarbenar rekomendasi,5,10/27/2025 04:01:02,ChIJeW2XkINshzIR_ZdmogCH7UE
Elmonts Coffee & Roastery,,Imran realreview,kopi orangorangnya enak enak rekomendasi,5,10/11/2025 03:51:47,ChIJeW2XkINshzIR_ZdmogCH7UE
Elmonts Coffee & Roastery,,Georg Brandstetter,kopi super nikmat tur pandu,5,09/25/2025 12:53:34,ChIJeW2XkINshzIR_ZdmogCH7UE
Elmonts Coffee & Roastery,,halimah tus sadiyah,klo jalan tomohon mandatory banget mampir kesini kopi sumpah enak tanam proses ownernya yg humble banget certifies internasional kebun kopi workshop baristai love them,5,09/12/2025 17:18:25,ChIJeW2XkINshzIR_ZdmogCH7UE
Elmonts Coffee & Roastery,,Sarah -,kopi enak siap cinta,5,09/01/2025 03:27:42,ChIJeW2XkINshzIR_ZdmogCH7UE
Elmonts Coffee & Roastery,,Randy Glover,kopi milik perhati jadi istimewa permata tomohon libat langkah proses masuk biji kopi tanam cangkir harap kedai kopi tanam lokal kacang lokal olah tangan lokal saji cangkir,5,08/17/2025 10:08:43,ChIJeW2XkINshzIR_ZdmogCH7UE
Elmonts Coffee & Roastery,,Patrick Bontekoe,bagus minum kopi enak milik sambut orangorang hasrat nyata kopi tanam kacang lanjut bangga aju milik cerita kopi milik tahu nikmat orang tua main piano nyanyi,5,08/11/2025 14:36:24,ChIJeW2XkINshzIR_ZdmogCH7UE
Elmonts Coffee & Roastery,,Stefanie Kainz,suka milik tanam kopi cicip kopi beda teknik pesona,5,08/09/2025 07:12:42,ChIJeW2XkINshzIR_ZdmogCH7UE
Elmonts Coffee & Roastery,,April Zhou,kedai kopi indah butuh segar pagi kopi produk lokal enak kue musim padu sempurna staf ramah tawar rincian varietas biji kopi bagus layak inap,5,08/08/2025 06:36:44,ChIJeW2XkINshzIR_ZdmogCH7UE
Elmonts Coffee & Roastery,,Adrien G,kopi milik ajar proses varietas kopi tumbuh kebun gunung bersenangsenang rekomendasi,5,08/04/2025 09:22:57,ChIJeW2XkINshzIR_ZdmogCH7UE
Elmonts Coffee & Roastery,,JA travellers,surga surga cinta kopi biji kopi lokal kualitas baik metode buat bir tuan rumah tahu sedia bagi suasana ramah terima kasih waktu,5,07/22/2025 10:41:33,ChIJeW2XkINshzIR_ZdmogCH7UE
Elmonts Coffee & Roastery,,Lucas BRICHE,suka elmonts coffee nikmat kopi saring enak tomohon rekomendasi mampir roaster milik gemas penuh perhati penuh gairah ada tur pohon kopi kaki kedai kopi ambil sempat beli biji kopi suka terima kasih,5,07/15/2025 07:39:35,ChIJeW2XkINshzIR_ZdmogCH7UE
Elmonts Coffee & Roastery,,Jan Kiefte,bagus minum kopi kue kopi seduh rumah,4,06/29/2025 06:21:47,ChIJeW2XkINshzIR_ZdmogCH7UE
Elmonts Coffee & Roastery,,gaby bullet,kopi enak,4,04/27/2025 07:18:28,ChIJeW2XkINshzIR_ZdmogCH7UE
Elmonts Coffee & Roastery,,Chris Brummitt,suka jenis kacang beda kebun kafe v tahu milik ramah unjung tomohon,5,04/24/2025 06:51:08,ChIJeW2XkINshzIR_ZdmogCH7UE
Elmonts Coffee & Roastery,,Nikos Fournarakis,tidak kopi pasti campur spesial untung kopi sedia pasti coba nikmat kumpul monchi bawa kebun kopi gunung ajak keliling kebun kecil kedai kopi tidak lewat kualitas kopi orang jalan terima kasih senang monchi louise harap temu,5,04/22/2025 12:38:34,ChIJeW2XkINshzIR_ZdmogCH7UE
Elmonts Coffee & Roastery,,Adrian Stenly,nyaman sharing kopi,5,04/09/2025 11:33:05,ChIJeW2XkINshzIR_ZdmogCH7UE
Elmonts Coffee & Roastery,,Luigi Dosso,henti wajib lewat tomohon langsung betah pasang kelola bar milik kebun kopi kawasan tanam produksi organik perhati lingkung pilih jenis kopi beda aroma beda asal swiss italia tidak milik kedai kopi uji beda minum minum dunia benarbenar rekomendasi salam keluarga terima kasih sambut,5,04/07/2025 08:17:27,ChIJeW2XkINshzIR_ZdmogCH7UE
RM Rahang Tuna Bitung,,Deny Anyer,yg rahang tuna nya lombok bikin nendang,4,08/08/2025 01:49:11,ChIJkzBowJ0BhzIRl5spauKDit0
RM Rahang Tuna Bitung,,Dewi Angela,makan enakk nikmat ricaanya behh mantaap,5,06/29/2025 09:58:18,ChIJkzBowJ0BhzIRl5spauKDit0
RM Rahang Tuna Bitung,,Danny Mare,enak gurih,4,10/06/2023 09:08:11,ChIJkzBowJ0BhzIRl5spauKDit0
RM Rahang Tuna Bitung,,Glendy Kaunang,opo suruh rating,5,09/28/2023 09:34:22,ChIJkzBowJ0BhzIRl5spauKDit0
RM TERASA Chinese Food Kakaskasen ll,,Allan Mapaliey,ekspetasi nasi goreng mediocre ayam mentega not bad fuyunghai enak coba kunjung,4,12/11/2025 01:47:06,ChIJlyFeWnhthzIR8SrVwBimtng
RM TERASA Chinese Food Kakaskasen ll,,CHANDRA VITA,makan nya enak bersih dah jangkau cocok kalo makan tmng kampus,5,09/27/2025 05:30:36,ChIJlyFeWnhthzIR8SrVwBimtng
RM TERASA Chinese Food Kakaskasen ll,,Jeroen,makan oke daging makan restoran indonesia uang ekstra layan buruk staf tidak ramah,1,08/19/2025 11:24:32,ChIJlyFeWnhthzIR8SrVwBimtng
RM TERASA Chinese Food Kakaskasen ll,,Bobby Kamagi,mantap cepat,5,02/23/2025 01:44:57,ChIJlyFeWnhthzIR8SrVwBimtng
RM TERASA Chinese Food Kakaskasen ll,,David Star,nya menu ccok dmulu tidak makan situ tidak kenyang ato tidak puasselalu terbaikk coba baron tmhon mmang dsitu mantapp,5,08/05/2024 00:48:23,ChIJlyFeWnhthzIR8SrVwBimtng
RM TERASA Chinese Food Kakaskasen ll,,Gérard Schaefer,harga menu tampil google tidak restoran,1,06/08/2024 10:58:28,ChIJlyFeWnhthzIR8SrVwBimtng
RM TERASA Chinese Food Kakaskasen ll,,Marchelline Fratama,makan enak nasgor nya smoky gitu parkir mobil aja yg susah krn tiga resto pinggir situ tidak parkir sih sekian,5,06/01/2024 10:34:27,ChIJlyFeWnhthzIR8SrVwBimtng
RM TERASA Chinese Food Kakaskasen ll,,Eting,lokasi jalan utama kota tomohon makan enak porsi harga murah riah,5,05/31/2024 00:05:07,ChIJlyFeWnhthzIR8SrVwBimtng
RM TERASA Chinese Food Kakaskasen ll,,Delon Eduward Pakaya,menu kosongpdhl coba,3,04/08/2024 14:55:05,ChIJlyFeWnhthzIR8SrVwBimtng
RM TERASA Chinese Food Kakaskasen ll,,Donald Alinabur,kurang layan kurang ramah drifer online,4,03/10/2024 09:29:04,ChIJlyFeWnhthzIR8SrVwBimtng
RM TERASA Chinese Food Kakaskasen ll,,Berny Berny,tunggu yg smpe jam,1,03/03/2024 06:28:25,ChIJlyFeWnhthzIR8SrVwBimtng
RM TERASA Chinese Food Kakaskasen ll,,Ferdinand Assa,makan non halal mie ba cocok udara dingin sejuk,4,01/15/2024 13:19:43,ChIJlyFeWnhthzIR8SrVwBimtng
RM TERASA Chinese Food Kakaskasen ll,,Harrol Tumanduk,chinesse food baik kota tomohon,4,12/22/2023 14:35:45,ChIJlyFeWnhthzIR8SrVwBimtng
RM TERASA Chinese Food Kakaskasen ll,,Michael Victor,porsi harga jangkau parkir bad jalan,5,11/24/2023 23:31:39,ChIJlyFeWnhthzIR8SrVwBimtng
RM TERASA Chinese Food Kakaskasen ll,,LediV Reivax,makan enak,5,08/18/2023 19:08:24,ChIJlyFeWnhthzIR8SrVwBimtng
RM TERASA Chinese Food Kakaskasen ll,,Prisillia Manangka,mkang langgan kalo idap tomohon,5,08/17/2023 15:04:21,ChIJlyFeWnhthzIR8SrVwBimtng
RM TERASA Chinese Food Kakaskasen ll,,Franny Leonardo,buka sampe jam malam kalo porsi makan,4,08/04/2023 12:16:54,ChIJlyFeWnhthzIR8SrVwBimtng
RM TERASA Chinese Food Kakaskasen ll,,Susan Jkt,rumah makan makan nya enak enak kass kalimantan barat bnyk menu pasti bersih higienis,5,05/26/2023 03:57:10,ChIJlyFeWnhthzIR8SrVwBimtng
RM TERASA Chinese Food Kakaskasen ll,,Davide Pusceddu,excellent kwetiau siram telur,4,05/21/2023 05:40:02,ChIJlyFeWnhthzIR8SrVwBimtng
Triple Sari Resto & Cafe,,ku aing,nyaman wajib kunjung kota bitung nyaman bersih ambience fasilitas gazebo playground dll makananmakanannya enak coba dada tuna es brenebon mantap kota bitung,5,01/06/2026 12:10:13,ChIJ7z-BbDMBhzIRdAwmBVpp8ag
Triple Sari Resto & Cafe,,Deny Anyer,suasana cocok makan ramerame rekomendasi ngbrol santai meeting kecil bukan sekala kalo usul ruang utama kasih pendinginac biar sejuk dikit masakan enak bgt rahang tuna bakar rica woku tuna jg sedia minum beer klo cepat saji pesan nya ya,4,11/25/2025 07:03:49,ChIJ7z-BbDMBhzIRdAwmBVpp8ag
Triple Sari Resto & Cafe,,Surya Pradaningrat,makan enak porsi pas layan cepat saji,4,11/19/2025 07:35:46,ChIJ7z-BbDMBhzIRdAwmBVpp8ag
Triple Sari Resto & Cafe,,queenie Melhkisedekh,ramah baik makan enak suasana nyaman pandang alam indah,5,11/07/2025 08:07:46,ChIJ7z-BbDMBhzIRdAwmBVpp8ag
Triple Sari Resto & Cafe,,Meryawati Durikase,tempat bagus makan enak layan bagus staf layan tamu,5,10/25/2025 12:08:10,ChIJ7z-BbDMBhzIRdAwmBVpp8ag
Triple Sari Resto & Cafe,,Grahame Gavin,ruang minum teh kolam ikan,5,10/23/2025 05:20:13,ChIJ7z-BbDMBhzIRdAwmBVpp8ag
Triple Sari Resto & Cafe,,Radiah Puspita,makan enaakkk nyaman suasana hangattt,5,09/21/2025 06:42:54,ChIJ7z-BbDMBhzIRdAwmBVpp8ag
Triple Sari Resto & Cafe,,Inriani Mawuntu,makan enak yg recommended perkedel jagung,5,09/07/2025 12:26:59,ChIJ7z-BbDMBhzIRdAwmBVpp8ag
Triple Sari Resto & Cafe,,Zwingly Otniel Poluan,makan nyaman makan enak,5,09/06/2025 01:41:07,ChIJ7z-BbDMBhzIRdAwmBVpp8ag
Triple Sari Resto & Cafe,,ansye kalesaran,makan mujair rahang hambar kayak sambal nya pedes ok hambar minum es palubutung kayak es serut kasih sirup merah hias hambar pisnagnya hitung jari palubutungnya syukur sendok doang pesan ukur yg medium nya yg large tanpa konfirmasi kalo emang habis yg medium,2,08/21/2025 07:18:56,ChIJ7z-BbDMBhzIRdAwmBVpp8ag
Triple Sari Resto & Cafe,,Hasrul Habib,oke selamat,4,06/02/2025 11:28:27,ChIJ7z-BbDMBhzIRdAwmBVpp8ag
Triple Sari Resto & Cafe,,Bimbo8088,ikan fresh layan tidak sangka dgn harga jangkau layan topp,5,04/25/2025 08:25:35,ChIJ7z-BbDMBhzIRdAwmBVpp8ag
Triple Sari Resto & Cafe,,MDR88,makananya enak fresh,5,01/14/2025 06:48:39,ChIJ7z-BbDMBhzIRdAwmBVpp8ag
Triple Sari Resto & Cafe,,Ifo Fox,suasana yg tenang,5,01/14/2025 04:56:31,ChIJ7z-BbDMBhzIRdAwmBVpp8ag
Triple Sari Resto & Cafe,,Fitraini Hadju,bagus bgt pkoknya,5,12/10/2024 04:08:49,ChIJ7z-BbDMBhzIRdAwmBVpp8ag
Triple Sari Resto & Cafe,,Hiero_81,makan yg suasana nyaman layan cepat,5,11/09/2024 14:32:45,ChIJ7z-BbDMBhzIRdAwmBVpp8ag
Triple Sari Resto & Cafe,,Dewa Purnama Sidi Putra (DEWAP060),smokol makan nikmat olah ikan kota cakalang tuna tempat bersih nyaman menu olah ikan,5,09/18/2024 05:02:09,ChIJ7z-BbDMBhzIRdAwmBVpp8ag
Triple Sari Resto & Cafe,,Henra Sigarlaki,lumayan adem kota bitung yg panas,5,07/26/2024 15:24:48,ChIJ7z-BbDMBhzIRdAwmBVpp8ag
Triple Sari Resto & Cafe,,-さんKocai,tempat cocok banget yg bikin mini gathering kumpul santai formal bagi saung yg cocok bgt private occasion surprise ayam lalap enak lembut banget sambelnya jg friendly yg gk pedes rekomendasi sen ayam lalap daging klapertaartnya,5,07/20/2024 07:08:31,ChIJ7z-BbDMBhzIRdAwmBVpp8ag
Triple Sari Resto & Cafe,,Steve Rawung,diri triple sari restocafe,4,05/17/2024 11:34:10,ChIJ7z-BbDMBhzIRdAwmBVpp8ag
Triple Sari Resto & Cafe,,Jennie-Rose Schultz,keren bukan resto tarik senang kolam ikan jembatan yg sambung ruang ruang makan main anak anak,5,05/10/2024 09:14:36,ChIJ7z-BbDMBhzIRdAwmBVpp8ag
Triple Sari Resto & Cafe,,A______ Seoul,dingin gubuk kurang,1,02/15/2024 23:21:11,ChIJ7z-BbDMBhzIRdAwmBVpp8ag
Triple Sari Resto & Cafe,,Iyan CA,luas makan enak pesan,4,10/08/2023 00:35:47,ChIJ7z-BbDMBhzIRdAwmBVpp8ag
Triple Sari Resto & Cafe,,Yohana Setyoningtyas,makan enak bitung mampir makan rekomendasi suka suasana,5,09/19/2023 13:40:02,ChIJ7z-BbDMBhzIRdAwmBVpp8ag
