place_name,address,review_author,review_text,review_rating,review_date,google_id
Ragey Von Von,,Jerry D,Sup brenebon makan terakhir awal nov. Penampilan dapa Lia so bujang sup brenebon jadi so nda makan,4,11/15/2025 02:37:38,ChIJU6vnbhFthzIRj7_7m-LW7fA
Ragey Von Von,,KKH,Visited here due to its “legendary” attribute but left with a dissapointment. Brenebon was not offered. Askes the guy and he didn’t even say a word. The guy in the cashier should never take that role. The pork was nice but it wasn’t complete without the soup.,4,11/14/2025 09:15:32,ChIJU6vnbhFthzIRj7_7m-LW7fA
Ragey Von Von,,Go Dive Indonesia,"Legendary place to have ragey/ pork satay in manado, avoid lunch and dinner hours finding parking spot could be tricky. Food are great, brenebon, tumis kangkung and the star ragey but they also have sweet pork satay as well",5,11/11/2025 06:35:49,ChIJU6vnbhFthzIRj7_7m-LW7fA
Ragey Von Von,,Djohanes Sitompul123,Lezat sekali ragey lumer di lidah,5,10/31/2025 02:52:05,ChIJU6vnbhFthzIRj7_7m-LW7fA
Ragey Von Von,,Maureen Mandagie,"Ragey nya sdaaaap. Sate manis nya juga enyaaaak. Harga sesuai kok dengan rasa. Satu lagi...ada nasi bungkus n sop brenebon🥰 Untuk yang so lama nda pulang kampung,ngobatin banget nih ragey atas kangen kuliner mdo non halal yang jarang mo dapa di jakarta. Pelayanan ramah dan cepat.",5,10/19/2025 03:02:06,ChIJU6vnbhFthzIRj7_7m-LW7fA
Ragey Von Von,,Verenica Mangundap,"hrga kintal cma basar di pncucu ragey + kangkong so itang, pliss nd worthit skli pe skli",1,09/23/2025 10:21:26,ChIJU6vnbhFthzIRj7_7m-LW7fA
Ragey Von Von,,Joel Abednego,"Best ragey in Tomohon! Smoky, savory, tender. Marinated overnight and charred over real charcoal, served with steaming rice, garlicky kangkung, and a homemade sambal that’s got just the right kick. The portion’s huge, the flavor’s deep, and you’ll be dreaming about it later. The place aint fancy, plastic stools, open grill, local chatter, but that’s the point. You’re here for honest, bold, unforgettable food, not decor. Price? Not the cheapest, but every bite screams worth it. You’re not paying for plating or ambiance. You’re paying for flavor that sticks with you. If you’re in Tomohon and skip this? You messed up. 5-stars. No notes. Just go. ⭐️⭐️⭐️⭐️⭐️",5,09/20/2025 16:21:57,ChIJU6vnbhFthzIRj7_7m-LW7fA
Ragey Von Von,,Farensi Venrica,"pertama kali coba di tmpt ini kcwa si ddtg masih sore , masih fruk blum tengah malam bru penyajian buruk skli bgtu 50rb 1 porsi bru dpe sayor so asam, nasi dingin.. begitukah mmg pesanannya atau bgmna kah? tllu besar ekspektasi mkg disini... Bukang nyd mampu mo bli mar lenkali klo kualitas produk so nda layak jangan di jual... ini manusiaaa bukan hewan, hewan saja di kasih makan yang bagus masa mo sajikan ke customer kse yg jelek bgni... Tolong tim resto evaluasi lagi org dapur trkait service excellent nya jgn cma perhatikan penjualan bru nda perhatikan kepuasan pelanggan aplgi ini restoran bkn toko sembako...",1,09/16/2025 17:23:49,ChIJU6vnbhFthzIRj7_7m-LW7fA
Ragey Von Von,,Junaidy Weken,"Buruk .... dluan order & sdh di bayar, kemudian byk yg baru datang dilayani ... kurang lebih 1 jam menunggu dan tiba2 dibilang habis",1,09/05/2025 11:13:57,ChIJU6vnbhFthzIRj7_7m-LW7fA
Ragey Von Von,,lily pijoh,"Cita rasa rageynya tdk berubah, masih enak seperti yg lalu2, makin praktis krn mkn di mobil😁",5,07/13/2025 23:43:44,ChIJU6vnbhFthzIRj7_7m-LW7fA
Ragey Von Von,,Alfredo Hrv,Rageynya enak tapi lumayan mahal 😄,5,07/06/2025 14:15:41,ChIJU6vnbhFthzIRj7_7m-LW7fA
Ragey Von Von,,Puput Loong,"Rasa rageynya masih tetap sama, daging babinya sangat lembut, kulitnya bisa digigit dan dikunyah dengan mudah 🤩 opsi makan menu babi yg sangat sulit ditolak kalau pergi ke Tomohon dan sekitarnya.",5,07/04/2025 02:23:13,ChIJU6vnbhFthzIRj7_7m-LW7fA
Ragey Von Von,,harianto wardoyo,"Bisa di coba ragey nya , enak",5,06/23/2025 02:17:33,ChIJU6vnbhFthzIRj7_7m-LW7fA
Ragey Von Von,,Daniel Judah,Undoubtedly the best place to eat ragey around Tomohon area. The ragey is crispy and delicious. The ragey is simply excellent and wonderful. The place also opens up well into the night so you can satiate your hunger here in the night. The ragey is excellent. The place have a parking lot. The place is not too crowded at night.,5,06/03/2025 09:23:01,ChIJU6vnbhFthzIRj7_7m-LW7fA
Ragey Von Von,,Mike S,"The legend is true—this is indeed the best ragey spot in the Tomohon area! While there are many similar ragey stalls nearby, Von Von offers the most meat and the most tender cuts around. We came in late, and they’re already out of brenebon soup that’s usually included in the set, but we’ve tried all the other items, and I can tell you that their ragey is the best; it was juicy, plump and flavorful - even their meat satay is tender and flavorful. Their kangkung plate also includes papaya flower that elevates the flavor. It was a fantastic meal! The service is good from the older folks, but one of the waiter who’s supposed to serve us just sit on the cashier chair and play games all day, half-ignoring our requests and questions.",5,05/20/2025 03:45:57,ChIJU6vnbhFthzIRj7_7m-LW7fA
Ragey Von Von,,Eko Hindarijanto,"Waktu pembayaran dikasir tidak diberi perincian harga per porsinya dan struk pembayarannya. Ini yg perlu diperbaiki, jadi tamu yg habis makan bisa tahu persis berapa harga2 makanan yg dipesannya. Kasir kurang supel.",5,05/17/2025 12:43:12,ChIJU6vnbhFthzIRj7_7m-LW7fA
Ragey Von Von,,Rizky,"Nd ka dua kalo bale sini , dpe service apalagi KASIR beking org pe gula nae.. Cuma da bingo main ML kong Perlakukan Customer sama dgn da menumpang makan.. So harga langit leh service sama dgn ini.. langsung ilang rasa makang… klo nd ujang nd mungkin leh mo ba singgah..",1,05/01/2025 12:55:44,ChIJU6vnbhFthzIRj7_7m-LW7fA
Ragey Von Von,,Fer sam,"Tempat makanan yang enak dengan harga yang cukup lumayan mahal. Tapi selama rasanya enak, tidak masalah.",4,04/17/2025 08:54:19,ChIJU6vnbhFthzIRj7_7m-LW7fA
Ragey Von Von,,Rizaldy Diamanis,"7 ragey 3 nasi bungkus Total Rp190.000,- Makang siang jam 1 tanggal 23 feb 2025",1,02/23/2025 17:10:51,ChIJU6vnbhFthzIRj7_7m-LW7fA
Ragey Von Von,,Sky Phoa,"Ragey Vonvon menyajikan sate babi khas Minahasa dengan rasa otentik dan tekstur daging yang juicy. Bumbunya meresap sempurna, namun harga tergolong mahal untuk porsi yang diberikan. Cocok untuk pecinta kuliner tradisional",4,01/26/2025 13:14:45,ChIJU6vnbhFthzIRj7_7m-LW7fA
Ragey Von Von,,Arinda Pramesti,"Ragey nya enak, sate manis nya juga enak..",5,01/16/2025 00:43:52,ChIJU6vnbhFthzIRj7_7m-LW7fA
Ragey Von Von,,Ale Vlog,"Rumah makan NON HALAL. Menu utama ragey dan sate manis. Rageynya enak. Dagingnya empuk dan gurih. Sambal/ricanya juga pas. Sate manisnya lumayan. Dagingnya empuk cuman bumbunya (ketumbar) kurang terasa. Tapi overall satenya enak. Paketnya sata/ragey, sayur kangkung/brenebon, nasi bungkus 2 biji. Hrg per paket 55rb. Cukup mahal sih. Suasana restonya cukup bersih dan rame dan kalo lagi byk org susah parkir. Klo mau mkn ragey sy rekom di sini. Krn sy sudah coba di tpt lain tapi di von von punya cita rasa tersendiri. 👌👍😘",4,12/30/2024 13:09:07,ChIJU6vnbhFthzIRj7_7m-LW7fA
Ragey Von Von,,Joell Tapilatu,Sediakan obat Magh. Harus menunggu pesanan 2-3 jam . Pelayanan tidak ramah,1,12/27/2024 08:05:21,ChIJU6vnbhFthzIRj7_7m-LW7fA
Ragey Von Von,,Qyu 16,"banyak sekali makanannya, aneka daging babi di olah menjadi berbagai menu, ayam juga, ikan dan berbagai macam sayuran , pkknya enak",5,12/17/2024 14:25:58,ChIJU6vnbhFthzIRj7_7m-LW7fA
Ragey Von Von,,vhalent aja,Semoga bisa kesana lagi ya,5,12/12/2024 10:09:21,ChIJU6vnbhFthzIRj7_7m-LW7fA
Ragey Von Von,,Gabriel Mactavish,"Enak, cuma sering tutup. Waktu buka tidak menentu. Menurut saya Ragey paling enak di Tomohon.",4,11/19/2024 05:53:26,ChIJU6vnbhFthzIRj7_7m-LW7fA
Ragey Von Von,,Meisy Kamalaheng,Enak rasa makanannya Terima kasih ☺️☺️☺️,5,11/02/2024 10:59:45,ChIJU6vnbhFthzIRj7_7m-LW7fA
Mie Gacoan Bitung - W. Maramis,,Bora Yoto,Enak dan ramah pelayanan nya serta nyaman,5,01/30/2026 06:53:15,ChIJpZ51GwABhzIRrF_RET7YuRY
Mie Gacoan Bitung - W. Maramis,,Joyne Joyne,Sangat nyaman dan enak,5,01/30/2026 06:53:05,ChIJpZ51GwABhzIRrF_RET7YuRY
Mie Gacoan Bitung - W. Maramis,,Mohamad Rafly,Pelayanan yg Bagus,5,01/29/2026 12:49:07,ChIJpZ51GwABhzIRrF_RET7YuRY
Mie Gacoan Bitung - W. Maramis,,Maryam muhammad,sangat rama dan baik,5,01/29/2026 03:57:57,ChIJpZ51GwABhzIRrF_RET7YuRY
Mie Gacoan Bitung - W. Maramis,,Anisa Thalib,"Lebih tingkatkan lagi apa² yg di pesan, KRNA pernah pesan Ice Tea nda manis serta komplain cmn blng dari awal nda ksih tau.. seharusnya kan sdh tau takarannya..",2,01/29/2026 00:01:26,ChIJpZ51GwABhzIRrF_RET7YuRY
Mie Gacoan Bitung - W. Maramis,,Aiman Syafii,tape es teh dorang nyanda taru gula nohh👎,1,01/28/2026 15:24:29,ChIJpZ51GwABhzIRrF_RET7YuRY
Mie Gacoan Bitung - W. Maramis,,Efar Geys,Pelayanan baik mksih ebi husain,5,01/28/2026 13:15:43,ChIJpZ51GwABhzIRrF_RET7YuRY
Mie Gacoan Bitung - W. Maramis,,Heri Darkk,Baik dan enak,5,01/28/2026 13:13:57,ChIJpZ51GwABhzIRrF_RET7YuRY
Mie Gacoan Bitung - W. Maramis,,Virginia Lengkey,Enak dan tempat nyaman,5,01/28/2026 06:56:00,ChIJpZ51GwABhzIRrF_RET7YuRY
Mie Gacoan Bitung - W. Maramis,,Afika Nuryansyah,pelayananya ramah dan baik,5,01/28/2026 06:23:04,ChIJpZ51GwABhzIRrF_RET7YuRY
Mie Gacoan Bitung - W. Maramis,,Kartika Puri montu,"Pelayanan yang ramah, makanan enak dan cepat",5,01/27/2026 13:15:52,ChIJpZ51GwABhzIRrF_RET7YuRY
Mie Gacoan Bitung - W. Maramis,,Julia Noviati R. Dako,"Makanannya enak, cepat dan praktis",5,01/27/2026 13:05:08,ChIJpZ51GwABhzIRrF_RET7YuRY
Mie Gacoan Bitung - W. Maramis,,Nabila Hasan,Pelayanan nya ramah,5,01/27/2026 12:56:44,ChIJpZ51GwABhzIRrF_RET7YuRY
tuna house Paniki,,Jitro Behuku,"Restoran paling buruk! Pelayanan lama, 1 jam lebih baru di antar makanannya, rahang tuna nya gatal dimulut, karyawannya pelan dan tidak profesional",1,12/24/2025 06:01:57,ChIJo7XwroeghzIRzna5F6f4DPg
tuna house Paniki,,Winda Purnomo Puteri,"Layanan sangat buruk, sudah nunggu lama satu jam lewat makannya ga dateng2, malahan orang yg baru datang di layani duluan, dan perna pesan rahang tuna ternyata busuk dan udah gatal pas kita bilang bukannya di ganti malah di bakar lagi dan disajiin lagi sangat kecewa",1,12/24/2025 05:57:57,ChIJo7XwroeghzIRzna5F6f4DPg
tuna house Paniki,,sony cheristanto,Mencoba makan tuna woku.. sedap.. bumbu rempahnya pas... mantap,5,12/16/2025 13:02:43,ChIJo7XwroeghzIRzna5F6f4DPg
tuna house Paniki,,kayla alexandra and mochi,"Ada pesan ubi rebus karena mo diet nda makan nasi, kiapa ngoni p ubi rebus kong pi taruh gula putih dnk?so nda rasa ubi manis ini so rasa gula putih ini!ato ngoni bekeng 2 versi jo pake gula deng ori!!",1,12/14/2025 05:29:52,ChIJo7XwroeghzIRzna5F6f4DPg
tuna house Paniki,,Ervina Ahyudanari,I ordered nasi goreng tuna,4,11/29/2025 11:55:17,ChIJo7XwroeghzIRzna5F6f4DPg
tuna house Paniki,,May Bee,Bener2 tunaaaaa.. Perfact. Delicious so,5,11/01/2025 06:46:04,ChIJo7XwroeghzIRzna5F6f4DPg
tuna house Paniki,,Diio Diio,Pelayanan yg sangat istimewa makasi🫶🏻,5,10/22/2025 14:33:04,ChIJo7XwroeghzIRzna5F6f4DPg
tuna house Paniki,,Jeremy Rondonuwu,"The place is such a vibe. I do have a couple of thoughts about the side dishes, though. The Kangkung Cah was alright, but I think the flavor could be better. Also, for the price, they could definitely serve a bit more rice.",4,10/20/2025 13:31:06,ChIJo7XwroeghzIRzna5F6f4DPg
tuna house Paniki,,fajar ramadhan,Tuna nya gak pernah mengecewakan..termasuk tuna sashimi,4,10/14/2025 11:34:05,ChIJo7XwroeghzIRzna5F6f4DPg
tuna house Paniki,,Sultan Alrumaithi,Makanannya tidak segar dan ikannya bau. The food is not fresh and the fish smells rotten. Very bad experience...,1,10/09/2025 05:25:39,ChIJo7XwroeghzIRzna5F6f4DPg
tuna house Paniki,,Arianto Afgan,"Tuna House Paniki di Manado menawarkan pengalaman kuliner yang unik dengan menu-menu tuna yang lezat. Restoran ini memiliki beberapa cabang di Manado, termasuk di Paniki, Mapanget, Boulevard 2 Karangria, Tuminting, Kawasan Mega Mas, dan Tikala.",5,09/30/2025 07:53:02,ChIJo7XwroeghzIRzna5F6f4DPg
tuna house Paniki,,Hirohito Stevie Punuh (Itho),"lumayan, mohon perbaikan dalam hal kerjasama GO-FOOD.. kena membingungkan.. Trims🙏",5,09/13/2025 11:17:38,ChIJo7XwroeghzIRzna5F6f4DPg
tuna house Paniki,,Andi Siti Fatimah,"Suasananya nyaman, layanannya juga lumayan, sayang ikan tunanya kurang segar dg pilihan sangat terbatas sayang sama judulnya ""tuna house""",4,09/09/2025 14:39:14,ChIJo7XwroeghzIRzna5F6f4DPg
tuna house Paniki,,Lucy Eni,"if you don't stop by this place in Manado city, it would be a shame, the typical Manadonese food which is very delicious and unique really makes us unable to forget, Tuna jaw, very well seasoned tuna tendon served with very delicious chili sauce, a comfortable and clean place",5,08/27/2025 02:37:31,ChIJo7XwroeghzIRzna5F6f4DPg
tuna house Paniki,,Feria Masnduli,"Tunanya enak sekali, bakwan jagungnya jg gurih, harga terjangkau",5,08/08/2025 05:41:29,ChIJo7XwroeghzIRzna5F6f4DPg
tuna house Paniki,,Firdausi Samudro,"Tempat nyaman, rasa enak dan cukup puas makan di tempat ini. Sambal rica, dabu-dabu dan sayur kangkungnya sangat cocok dan segar. Cocok untuk makan bersama keluarga / rekan kerja. Thanks",5,07/06/2025 13:05:38,ChIJo7XwroeghzIRzna5F6f4DPg
tuna house Paniki,,Budi Inayatno,"Enak semua makanannya, woku, rahang tuna, semua fresh. Pelayanan cepat",5,06/25/2025 08:20:07,ChIJo7XwroeghzIRzna5F6f4DPg
tuna house Paniki,,mithajuly rosenberg,"maaf banget nih, weekdays byk makanan kosong 😣 (paket mujair,nasgor ckalang,ayam goreng mentega<saos mentega ny 0> 😅 ) tolong yaa stock makanan ny di perbyk",2,06/16/2025 06:25:54,ChIJo7XwroeghzIRzna5F6f4DPg
tuna house Paniki,,Tony Lie,"Baru pertama makan di sini, kakaknya ramah"", tempatnya nyaman, cocok juga bawa anak"". Trus gk lama udh keluar makanannya (15 menit). Rasanya saya suka, bakar manisnya cakep. Mirip"" tunas house yg di jakarta. Harganya lbh murah disini.",5,05/28/2025 00:58:08,ChIJo7XwroeghzIRzna5F6f4DPg
tuna house Paniki,,Arthur Mawuntu,Good food with selections of healthy meal. The taste of the roasted tuna and tendon should be re-improved to meet the previous taste. The price of the shasimi could be cheaper.,4,05/20/2025 15:45:44,ChIJo7XwroeghzIRzna5F6f4DPg
tuna house Paniki,,Sidney Chua,Good fresh tuna. Basic service makan and go. But will be back for the tuna. Good place for locals and non locals for its cleanliness,4,05/11/2025 10:33:58,ChIJo7XwroeghzIRzna5F6f4DPg
tuna house Paniki,,Yudi Soesanto,The quality of the food were inconsistent. The tuna fish in mutiple occasions were not fresh.,2,04/27/2025 18:58:43,ChIJo7XwroeghzIRzna5F6f4DPg
tuna house Paniki,,GR F,"Kesini April 2025 1. Pesen rahang tuna bakar rica rica, perkedel nike dan perkedel milu 2. Rasa makanan enak, porsi makanan besar",5,04/23/2025 07:52:31,ChIJo7XwroeghzIRzna5F6f4DPg
tuna house Paniki,,Femi Hertanti,"Rahang tuna,dada tuna,ikan nike..semua enak hanya agak lama..",5,02/11/2025 14:14:16,ChIJo7XwroeghzIRzna5F6f4DPg
tuna house Paniki,,Abie Ariyo Dandoro,"A good place to eat Tuna. I've tried the Sate Tuna, and it's very good! However, the nasi goreng was even better! Definitely will come back for more",5,01/21/2025 06:10:55,ChIJo7XwroeghzIRzna5F6f4DPg
tuna house Paniki,,Chan Kia,"Ini tampa makan bagus 👍👍 Kalah di staff, banya nongkrong di dapur. Konsumen musti ke area kasir tuk membutuhkan sesuatu.",4,01/20/2025 00:02:50,ChIJo7XwroeghzIRzna5F6f4DPg
tuna house Paniki,,Dicky Agus Setiyawan,"Makanan enak banget, cuman porsinya cukup oke. Layanan ok, suasana ok",5,01/19/2025 07:55:15,ChIJo7XwroeghzIRzna5F6f4DPg
tuna house Paniki,,Erick Bawelle,Layanan dan suasana oke. Tetapi rasa tunanya tidak seprti dulu lagi. Dan setiap mau pesan paket 35 selalu kosong tpi mungkin kebetulan,4,01/16/2025 08:52:16,ChIJo7XwroeghzIRzna5F6f4DPg
Rm. Heng Mien,,Cherryl Gonibala,"Minahasa food, Makan di tempat sepuasnya. Mantul",5,01/22/2026 17:08:24,ChIJTy9LIpFyhzIRHTAUDr0uUi0
Rm. Heng Mien,,edwinpll,"Makanan sampe puas, makanannya cukup enak dengan harga yabg terjangkau.",4,12/03/2025 13:09:30,ChIJTy9LIpFyhzIRHTAUDr0uUi0
Rm. Heng Mien,,Zzz,"Harga 38rb ambe sepuasnya, dpa sate 1, ada menu babi ayam lagi enak pkknya blh tamba tamba",5,11/23/2025 23:19:57,ChIJTy9LIpFyhzIRHTAUDr0uUi0
Rm. Heng Mien,,Jerry D,"Mungkin kalu mo makan waktu siang, karna kalu so malam lewat jam makan, kayaknya so kurang Depe menu",4,11/15/2025 02:39:10,ChIJTy9LIpFyhzIRHTAUDr0uUi0
Rm. Heng Mien,,Priska Tuparia,Makanan enak2 meskipun mostly menu-nya itu-itu aja. Tempat luas dan sejuk. Cocok untuk yg mau makan terjangkau tapi bebas nambah dan pilih byk menu.,5,10/25/2025 12:26:39,ChIJTy9LIpFyhzIRHTAUDr0uUi0
Rm. Heng Mien,,Drew,Lokasi strategis. Pelayanan baik. All you can eat makanan minahasa. Pilihan menunya cukup bervariasi.,5,10/12/2025 16:16:52,ChIJTy9LIpFyhzIRHTAUDr0uUi0
Rm. Heng Mien,,Immanuel Tungka,"Makan.siang bersama isteri, suasananya bagus, menunya enak",4,10/08/2025 22:06:31,ChIJTy9LIpFyhzIRHTAUDr0uUi0
Rm. Heng Mien,,Henrix Kaunang,Menu makanannya sudah agak beda dan nggak sebanyak dlu tapi soal rasa makanan masi cukup enak dengan harga yang terjangkau..,5,09/11/2025 15:06:27,ChIJTy9LIpFyhzIRHTAUDr0uUi0
Rm. Heng Mien,,nadjlk ndz,"membahayakan lalu lintas kendaraan,",1,08/26/2025 12:36:48,ChIJTy9LIpFyhzIRHTAUDr0uUi0
Rm. Heng Mien,,marphon wowiling,"Menu cukup, tinggal ditambah varian ya",4,08/23/2025 20:28:17,ChIJTy9LIpFyhzIRHTAUDr0uUi0
Rm. Heng Mien,,lily pijoh,"Makanan khas minahasa,makan sepuasnya, anak umur 4 tahun keatas, di hitung seperti orang dewasa, di hitung satu orang. Anak umur 2 tahun sampai 4 tahun di hitung setengah. Harga perorang 38 ribu.",4,07/20/2025 21:21:51,ChIJTy9LIpFyhzIRHTAUDr0uUi0
Rm. Heng Mien,,Frangky Sveizen Tjiang,"Makan puas hanya 38.500, makanan enak, terutama sate babi enak walaupun harga 7rb pertusuk 👍🏻👍🏻👍🏻👍🏻👍🏻",5,07/11/2025 05:19:28,ChIJTy9LIpFyhzIRHTAUDr0uUi0
Rm. Heng Mien,,Jajan Nyok,"Salah satu rumah makan dengan konsep all you can eat versi masakan minahasa. Menunya cukup banyak, kalo mau makan daftar dlu supaya dikasi piring. Semua ambil sendiri ya mulai dari nasi, sayur, daging dan sop2. Menu nya banyak yang nonhalal. Makan berdua bayar 70ribuan termasuk 2 botol air mineral.",4,07/07/2025 06:51:52,ChIJTy9LIpFyhzIRHTAUDr0uUi0
Rm. Heng Mien,,Albert Tambariki,Tempat yang nyaman untuk makan,5,06/24/2025 13:00:11,ChIJTy9LIpFyhzIRHTAUDr0uUi0
Rm. Heng Mien,,Winston D,"Found dead flies in the red bean soup. We informed this tho the cashier but we didnt even receive a ""sorry"" and still pay full.",1,06/07/2025 11:17:22,ChIJTy9LIpFyhzIRHTAUDr0uUi0
Rm. Heng Mien,,Johan Myway,Masakan minahasa... Makan sepuasnya..,4,05/29/2025 08:45:40,ChIJTy9LIpFyhzIRHTAUDr0uUi0
Rm. Heng Mien,,Bravo Vermeulen,It's a good place to dine but sadly the building was burned down today :(,5,01/30/2025 15:16:00,ChIJTy9LIpFyhzIRHTAUDr0uUi0
Rm. Heng Mien,,j budianto surya,Makanan enak dan tempat nyaman,4,01/17/2025 07:49:24,ChIJTy9LIpFyhzIRHTAUDr0uUi0
Rm. Heng Mien,,Roy Kupo,"Rumah makan dengan konsep all you can it versi Minahasa. Menu hari ini terong saus telur, telur saus, jantung pisang, ayam kari, ayam rica, mujair woku, sayur tumis, laksa sup, sup brenebon, ikan asam manis, sambal goreng, renga, perkedel jagung,pangi, loba, pepaya bulu, babi rica. 50% menunya enak, 50% menunya biasa saja. Rp.35.000/orang+ppn.",4,01/16/2025 04:18:04,ChIJTy9LIpFyhzIRHTAUDr0uUi0
Rm. Heng Mien,,Daniel Van Gulla,Nice Resting Area,5,01/14/2025 11:09:29,ChIJTy9LIpFyhzIRHTAUDr0uUi0
Rm. Heng Mien,,firgina eklesia,Akhirnya bisa kembali datang dan makan lagi setelah terakhir datang di tahun 2017. Suka sekali dengan system yang baru jadinya bisa coba semua jenis makanan yang ditawarkan. Harganya juga masih tergolong affordable. Makanannya 10/10! Sayur jantung pisang selalu jadi favorite! Pelayanannya juga cepat dan ramah. Semoga bisa berkunjung lagi!,5,01/12/2025 05:47:59,ChIJTy9LIpFyhzIRHTAUDr0uUi0
Rm. Heng Mien,,Petrus J Yaenuri,"Khusus Non Muslim ya, karena makanan khas minahasa disini",5,10/11/2024 12:39:32,ChIJTy9LIpFyhzIRHTAUDr0uUi0
Rm. Heng Mien,,Sir David,"Tempat makan legendaris, sekarang sudah sistem all you can eat. Ber5 kemarin sekitaran 200rb untuk makan + teh dapat sate ayam juga. renga mantap 👍",4,10/02/2024 02:56:57,ChIJTy9LIpFyhzIRHTAUDr0uUi0
Rm. Heng Mien,,Alfred Kompudu,"The best restaurant in this area, with all you can eat program and economist price. All of their foods is delicious and happy to be there. Need to improve service and hospitality.",5,08/16/2024 07:13:14,ChIJTy9LIpFyhzIRHTAUDr0uUi0
Rm. Heng Mien,,Seyes Orain,Tidak terlalu berkesan,3,08/12/2024 04:39:48,ChIJTy9LIpFyhzIRHTAUDr0uUi0
favehotel Bitung,,Rio Alvyrani,"Hotelnya cukup bagus dengan view kota bitung, dan kamar mandi bersih serta pelayanan cukup bagus",5,01/30/2026 22:45:20,ChIJo_5eBjMBhzIROr56-XGuoLI
favehotel Bitung,,Maria Chandra,nyaman dech pokokx pelayanan ramah,5,01/29/2026 00:53:36,ChIJo_5eBjMBhzIROr56-XGuoLI
favehotel Bitung,,Aldo Integrale,Good service and strategic location,5,01/28/2026 23:48:06,ChIJo_5eBjMBhzIROr56-XGuoLI
favehotel Bitung,,Rahmad Sigit,Sekitar hotel terasa sepi,5,01/27/2026 23:58:59,ChIJo_5eBjMBhzIROr56-XGuoLI
favehotel Bitung,,Satrio Musyaffa,Nyaman tempat tidur,5,01/27/2026 23:56:18,ChIJo_5eBjMBhzIROr56-XGuoLI
favehotel Bitung,,Patria Utama,"Mantap, pelayanannya bagus",5,01/27/2026 00:00:30,ChIJo_5eBjMBhzIROr56-XGuoLI
favehotel Bitung,,Emma Batty,"From checkin to check out the service was great! Lovely room, clean and has a hot shower. Exactly what I booked online.",5,01/25/2026 23:12:44,ChIJo_5eBjMBhzIROr56-XGuoLI
favehotel Bitung,,Hayrini Gailea,"Favehotel merupakan hotel di pusat kota bitung, yang sangat mudah diakses. Pelayanan, kebersihan dan fasilitasnya sangat mendukung🫶🏻 ada kolamnya juga jgn takut bosan klo nginap disinii😁",5,01/24/2026 02:30:46,ChIJo_5eBjMBhzIROr56-XGuoLI
favehotel Bitung,,wanda andriwiz,"Kami menginap disini 1 malam saja. Booking hotel via traveloka. Overall bagus, amenities cukup lengkap. Kalo ditambah shower cap lebih mantap lagi. Kami menginap di kamar 520 lantai 5. Kamar oke, cuman selang semprotan airnya tekanannya msh kurang kencang.",4,01/24/2026 00:45:16,ChIJo_5eBjMBhzIROr56-XGuoLI
favehotel Bitung,,marcmilya kezia roring,"baik, staff ramah kamar bersih, recomended",5,01/24/2026 00:10:41,ChIJo_5eBjMBhzIROr56-XGuoLI
favehotel Bitung,,Bao,"Confortable, propre. Rapport qualite prix imbattable.",5,01/23/2026 01:25:27,ChIJo_5eBjMBhzIROr56-XGuoLI
favehotel Bitung,,Salim Murdi,"Tempat strategis,pelayannan juga memuaskan utk sarapan sdh ada kemajuan juga",5,01/23/2026 00:48:41,ChIJo_5eBjMBhzIROr56-XGuoLI
favehotel Bitung,,Sarah Diana Yulianti,"Wifi nya oke, kamar bersih setiap hari, makanannya termasuk enak dan selalu ada menu lokalnya, seperti ayam tinorangsak, garo, dll",5,01/22/2026 00:18:19,ChIJo_5eBjMBhzIROr56-XGuoLI
favehotel Bitung,,Ferdinand Rumangu,Harus deposit 200 ribu utk check in sedangkan di voucher yg diterbitkan tidak ada pemberitahuan mengenai perihal ini dan akhirnya yg rugi konsumen karena tidak bisa check in,1,01/21/2026 11:09:39,ChIJo_5eBjMBhzIROr56-XGuoLI
favehotel Bitung,,Yosua Wenas,Hotel yang berusaha yang terbaik untuk memberikan pelayanan terbaik,5,01/21/2026 00:00:29,ChIJo_5eBjMBhzIROr56-XGuoLI
favehotel Bitung,,RICKY MUROS,room service enough good,3,01/20/2026 23:46:12,ChIJo_5eBjMBhzIROr56-XGuoLI
favehotel Bitung,,Devi Papia,Selama mengikuti kegiatan & menginap di hotel ini fasilitas & pelayanannya sangat baik,5,01/19/2026 23:08:18,ChIJo_5eBjMBhzIROr56-XGuoLI
favehotel Bitung,,Choiril Mahmudi Mahmudi,"Lokasi, bagus, ke manapun mudah",5,01/19/2026 04:17:48,ChIJo_5eBjMBhzIROr56-XGuoLI
favehotel Bitung,,Gee Ramdhann,"Menginap di hotel nyaman,dan ok",3,01/16/2026 00:44:10,ChIJo_5eBjMBhzIROr56-XGuoLI
favehotel Bitung,,Fahmi Schu,"sudah berapa kali ikut kegiatan kantor di hotel ini pelayanan baik, ruangan kegiatan bersih rapih, dengan staff rama.",5,01/14/2026 00:23:50,ChIJo_5eBjMBhzIROr56-XGuoLI
favehotel Bitung,,Slametto Slametto,Pelayanan sangat baik dan nyaman,5,01/13/2026 23:37:19,ChIJo_5eBjMBhzIROr56-XGuoLI
favehotel Bitung,,romi zulkarnain,Pelayanan nya mantep dan makanannya sangat worth it best 💯,5,01/12/2026 23:31:35,ChIJo_5eBjMBhzIROr56-XGuoLI
favehotel Bitung,,Sinta Ussu,Pelayanan nya bagus,5,01/12/2026 01:32:13,ChIJo_5eBjMBhzIROr56-XGuoLI
favehotel Bitung,,Elzio Putra,Pelayanan sangat baik dan respon cepat,5,01/10/2026 01:55:30,ChIJo_5eBjMBhzIROr56-XGuoLI
Raja Sate BBQ dan Restoran Asia,,Laurent Girault,"Nous avons goûté de nombreux satay en Indonésie,celui-ci beaucoup de peau de poulet et vraiment pas exceptionnel.le prix est cher avec 8 brochettes par personnes",3,01/24/2026 23:58:23,ChIJQy8-NBd1hzIRKo4_7aV6BEo
Raja Sate BBQ dan Restoran Asia,,Sujin,현지인 추천으로 갔는데... 인도네시아 에서 먹어본 사테 중에 최고였어요,5,01/20/2026 12:59:47,ChIJQy8-NBd1hzIRKo4_7aV6BEo
Raja Sate BBQ dan Restoran Asia,,hermanto mahmud,"lama skali no, laeng kali kase capat tuu mba bekeng parah nasi goreng kg lama skali ja bekeng,masi laju mas2 grobak layani curiga kompor cuma satu ad ba masa akang,kalo apa tambah kariawan pemar so karam kuntui batunggu asam lambung so di toto,by torang jo no",1,12/06/2025 13:48:37,ChIJQy8-NBd1hzIRKo4_7aV6BEo
Raja Sate BBQ dan Restoran Asia,,yogaswara diera,"tempatnya klasik, ada ruangan AC dan Non AC, harus cobain 'Kolombi Woku Santang' surprisingly enak.",4,11/14/2025 11:18:09,ChIJQy8-NBd1hzIRKo4_7aV6BEo
Raja Sate BBQ dan Restoran Asia,,agus hermanto,"Sate Sapi Bakar Rica (8,5/10) Asparagus (8/10)",5,10/28/2025 08:37:36,ChIJQy8-NBd1hzIRKo4_7aV6BEo
Raja Sate BBQ dan Restoran Asia,,Remon Klok,"Volgens de locals dé satétent van Manado, dus vol verwachting naar binnen. Eenvoudige inrichting, maar vriendelijke ontvangst en het eten zag er top uit… tot Ratatouille zelf aan het raam verscheen om te kijken of we het lekker vonden 🐀😅 Eetlust weg, netjes gemeld, betaald en vertrokken. Jammer, want de saté zag er echt goed uit, maar een rat naast je bord is net iets te veel beleving. 😉",1,10/08/2025 11:25:36,ChIJQy8-NBd1hzIRKo4_7aV6BEo
Raja Sate BBQ dan Restoran Asia,,Majed Turk,"The beef BBQ was the best. Chicken sate not as good I would recommend skipping it. Service super fast. The peanut sauce and hot chilli sauce are both very good. Place is very clean. I guess if you come when super busy the situation is different, but you would be stupid to expect same service when place is full of clients as it is a very large restaurant. Service 5 stars. Very friendly and super fast with a smile.",4,10/07/2025 11:33:10,ChIJQy8-NBd1hzIRKo4_7aV6BEo
Raja Sate BBQ dan Restoran Asia,,Frederik J.,"Seehr leckere Sate. Ich hätte nie gedacht, dass ich Thunfisch mögen könnte, aber ich wurde eines anderen belehrt. Sehr zum Empfehlen!",5,09/20/2025 08:06:48,ChIJQy8-NBd1hzIRKo4_7aV6BEo
Raja Sate BBQ dan Restoran Asia,,Tri Noormuliyaningsih,"Kami pesan Sate Sapi & Sop Makaroni ayam Penyajian satenya unik, dg tempat panggangan. Tekstur sate sapinya empuk & tidak alot. Rasanya juga enak. Dimakan tanpa bumbu kacang juga sudah enak. Sop makaroni ayamnya juga enak, 1 porsi cukup untuk 3-4 orang. Rasa gurihnya pas. Pesanan makanan cepat datangnya, suasana tempat juga enak.",5,04/29/2025 23:52:24,ChIJQy8-NBd1hzIRKo4_7aV6BEo
Raja Sate BBQ dan Restoran Asia,,Ellavester Xuanyi See,SO MANY RATS AND RAT DROPPINGS! Honestly very disgusting. I wouldnt come back regardless the food taste. It's not worth it.,1,04/26/2025 14:50:56,ChIJQy8-NBd1hzIRKo4_7aV6BEo
Raja Sate BBQ dan Restoran Asia,,Drew,"Sate ayam disini selalu jadi favorit saya. Nasi goreng spesialnya juga porsi jumbo dan banyak isiannya. Edited (Maret 2025): Salah satu tempat langganan grabfood. Tempat yang paling sering dipesan makanan tahun 2024 menurut year in review Grab. Sate ayam saos raja 9/10 Nasi goreng spesial 8,5/10 Ayam garo rica 8,5/10 Ayam bumbu manado 8,5/10 Sangat rekomendasi.",5,03/30/2025 10:40:50,ChIJQy8-NBd1hzIRKo4_7aV6BEo
Raja Sate BBQ dan Restoran Asia,,jaap jansen,"Lekkere saté, groentes en mie. Je moet wel lang wachten op het eten. Na een halfuur wachten kwam de serveerster terug om te vertellen dat er een aantal gerechten die wij besteld hadden op waren, dat kan gebeuren maar het is wel raar dat dat pas na zo’n lange tijd wachten gecommuniceerd word.",3,03/28/2025 05:44:31,ChIJQy8-NBd1hzIRKo4_7aV6BEo
Raja Sate BBQ dan Restoran Asia,,PRISCA,"Bnyak tikus brkliaran, 1 mnu mkanan tdk ssuai pesan lain yg dtg lain, sruh bngkus mala bwa di meja, udang tdk di brsihkan isi dlmnya, 😒😒",1,03/22/2025 06:25:57,ChIJQy8-NBd1hzIRKo4_7aV6BEo
Raja Sate BBQ dan Restoran Asia,,Teddy Julius,Sebaiknya pesanan dipercepat masaknya..🙏,5,03/01/2025 05:50:11,ChIJQy8-NBd1hzIRKo4_7aV6BEo
Raja Sate BBQ dan Restoran Asia,,OCTA DANDY SAIYAR,"Pertama kali diajak ksini, Ramai pengunjung foreign, mungkin kmi kemalaman sebelum timnas tanding (15/10) jadi paket seafood pesanan habis dan kasih kabar kelamaan, hanya keluar beberapa sate dan nasi goreng, selamat makan.",5,10/17/2024 12:01:09,ChIJQy8-NBd1hzIRKo4_7aV6BEo
Raja Sate BBQ dan Restoran Asia,,Bramanto Wijaya,"this place looks good outside, but inside it has an old vibe. the place is quite empty. the waitress seems clueless about the food, and its availability. she doesn't know much about the menu every time we ask her. many menus are indeed unavailable. it takes a while for the food to be ready. we need to keep asking the waitress. the restaurant name might suggest this is a satay joint, but they sell fish satay only. they also have other dishes like fish woku which is fish cooked in yellow soup, stir fried kangkong, and stir fried eggplant. the fish woku is good but the fish has too many bones, and less meat. the fish satay is better. other than that, the food is okay.",4,10/11/2024 05:44:07,ChIJQy8-NBd1hzIRKo4_7aV6BEo
Raja Sate BBQ dan Restoran Asia,,Feliks Arrung,"Het eten duurde heel lang, wij krijgen het eten een bij een, heel slecht.",1,09/27/2024 12:53:31,ChIJQy8-NBd1hzIRKo4_7aV6BEo
Raja Sate BBQ dan Restoran Asia,,Burhan Bahar,"Restorannya luas dengan kedudukan kerusi dan meja yang menarik. Makanannya jugak sedap. Sambal ladanya sedap dan seperti tipikal sambal manado,rasanya cukup pedas. Di sini boleh membayar menggunakan aplikasi bank Malaysia jadi sangat memudahkan.",4,09/14/2024 15:15:49,ChIJQy8-NBd1hzIRKo4_7aV6BEo
Raja Sate BBQ dan Restoran Asia,,Paul IJsendoorn,"Disappointing in many ways, no sate kambing, cumi, sapi. why is is this a sate retaurant if all is finished? No orange juice, coca-cola or other drinks available as well…nice smiling waitress but other tables were served before us. We left for another restaurant….",1,09/10/2024 06:27:55,ChIJQy8-NBd1hzIRKo4_7aV6BEo
Raja Sate BBQ dan Restoran Asia,,Ratu Suoth,"Pelayanan bagus,baik dan ramah makanannya yummy, rekomended sihh raja sate, kalo kmdo jgn lpa mampir yaa gayss 😍😍🥳🥳",5,06/04/2024 12:46:07,ChIJQy8-NBd1hzIRKo4_7aV6BEo
Raja Sate BBQ dan Restoran Asia,,Elvira Madonsa,Wow makanannya endul skeles rekomended buanget Klo mdo makan disini yaaaa,5,06/04/2024 12:44:29,ChIJQy8-NBd1hzIRKo4_7aV6BEo
Raja Sate BBQ dan Restoran Asia,,Rex Orah,Food is just o.k. i ate kuah asam / fish soup. It could be better,3,05/30/2024 13:03:34,ChIJQy8-NBd1hzIRKo4_7aV6BEo
Raja Sate BBQ dan Restoran Asia,,Quirijn van den pol,"Sadly the moest disappointing meal we have eaten in Indonesia thus far. The gado gado was tasteless, the eggplant was tasteless, the sweet & sour sauce was tasteless... The only good tasting food was the saté ayam (which has to be expected from a sate restaurant) but that took more than 45 minutes to come out of the kitchen. A lot of menu options but a lot is sold out... 2 stars because the waitress was nice to us",2,04/13/2024 02:14:45,ChIJQy8-NBd1hzIRKo4_7aV6BEo
Raja Sate BBQ dan Restoran Asia,,Serba Ada,InsyaAlloh Halal Kakaknya cantik ramah full senyum Sate ayam rica nya enak daging semua tanpa lemak,5,04/06/2024 11:57:49,ChIJQy8-NBd1hzIRKo4_7aV6BEo
Raja Sate BBQ dan Restoran Asia,,Ridwan Andriansyah,"Tpt makannya cukup luas, ada yg ruangan AC ada yg tdk ( smoking area ) Utk makanannya banyak variasinya. Tp yg rekomen memang sate ikannya dgn sambal rica2.",5,02/29/2024 08:23:47,ChIJQy8-NBd1hzIRKo4_7aV6BEo
Raja Sate BBQ dan Restoran Asia,,Esobel Jaen,"Best sate in town. I ate here twice when I was in Manado. They also have snails in the menu. You can just walk from here to Manado town center, so it's a good place to eat and drink beer after malling.",5,01/24/2024 01:51:44,ChIJQy8-NBd1hzIRKo4_7aV6BEo
Raja Sate BBQ dan Restoran Asia,,Andrew Tjipto,"Tidak bakal datang lagi ke raja sate, Orang lagi sakit parah lagi puasa daging sapi, pesan sate ayam malah dikasih sapi . Semua makanan terpaksa harus saya muntahkan lg di toilet raja sate. Sebagai pelanggan lama saya benar2 kecewa.",1,01/06/2024 06:41:20,ChIJQy8-NBd1hzIRKo4_7aV6BEo
Raja Sate BBQ dan Restoran Asia,,Rizky Ramdhani,"Satenya empuk juicy. Disajikan dengan grill arang mini, jadi tetap panas. Sambalnya jg nendang. Untuk mie cakalang dan asparagusnya jg enak. Pas bgt dimakan saat hujan.",5,11/29/2023 07:41:09,ChIJQy8-NBd1hzIRKo4_7aV6BEo
Tuur Ma'asering Kumelembuai Tomohon,,Graceys,"Kalo kesana jangan sekali pake baju seksi,pasti breezeee.. dinginn poll walopun siang hari,enak bangeeeeeeeeeet.. kereeeen",5,01/30/2026 11:35:16,ChIJjeMAfCwThzIRp7ygIFauE4o
Tuur Ma'asering Kumelembuai Tomohon,,susan hiedayat,"Tpt nya bagus, adem dan indah pemandangan nya",4,01/27/2026 22:24:19,ChIJjeMAfCwThzIRp7ygIFauE4o
Tuur Ma'asering Kumelembuai Tomohon,,Hansye Mokalu,Tempat terbaik untuk melihat proses pembuatan tradisional alkohol orang Minahasa.serta tempat melihat proses pembuatan gula aren. Jika beruntung kita bisa melihat proses pengambilan air aren dari pohon secara tradisional.. rekomendasi untuk di kunjungi 🙏,5,01/27/2026 17:20:04,ChIJjeMAfCwThzIRp7ygIFauE4o
Tuur Ma'asering Kumelembuai Tomohon,,faridmultianty multianty,Salah satu tempat yang wajib dikunjungi untuk mendapatkan pengetahuan terkait gula merah(*dari nira) pluus bakal dapat ilmu terkait penyulingan nira menjadi minuman khusus buat pecinta minuman yang lain Dan bisa melihat danau tondano dari ketinggian🤩🤩,5,01/22/2026 12:08:05,ChIJjeMAfCwThzIRp7ygIFauE4o
Tuur Ma'asering Kumelembuai Tomohon,,IRV,Good establishment. Nice view. Good for short stops.,5,01/18/2026 09:42:04,ChIJjeMAfCwThzIRp7ygIFauE4o
Tuur Ma'asering Kumelembuai Tomohon,,stephy s,Tempat wisata penyulingan cap tikus tiket masuk 15.000 per orang nanti bisa dituker sama cap tikus atau saguer. Suka sih tempatnya sejuk tempat untuk santai sejenak,5,01/17/2026 08:18:46,ChIJjeMAfCwThzIRp7ygIFauE4o
Tuur Ma'asering Kumelembuai Tomohon,,D Korn,Schöne Anlage mitten im Dschungel. Essen gibt es auch. Keine große Auswahl. Als Tourist kann man es sich mal anschauen.,4,01/13/2026 16:41:33,ChIJjeMAfCwThzIRp7ygIFauE4o
Tuur Ma'asering Kumelembuai Tomohon,,Petrus Lasut,Woooaauw.. Nice and fresh nature experience.. Like it.. If the meal serve faster.. It will be perfect,4,01/04/2026 04:22:58,ChIJjeMAfCwThzIRp7ygIFauE4o
Tuur Ma'asering Kumelembuai Tomohon,,Erica,"A beautiful nature spot surrounded by lush palm trees and a peaceful forest atmosphere. The air is cool and refreshing, perfect for relaxing and escaping the city noise. The place is built mostly with bamboo and wood, creating a traditional and cozy vibe, especially with the warm hanging lights. Entrance fee is IDR 15,000 per person, and it already includes a free traditional drink (choose between saguer or cap tikus), which is a great bonus. Local snacks like fried bananas are also available and taste great while enjoying the natural surroundings. Plenty of seating areas and photo spots. Calm, comfortable, and highly recommended if you visit Tomohon 🌿✨",5,12/27/2025 06:37:17,ChIJjeMAfCwThzIRp7ygIFauE4o
Tuur Ma'asering Kumelembuai Tomohon,,Agung Nugroho,"Tempat yang Luar biasa, hanya saja saya datang sdh menjelang sore. Kurang lama kunjungannya. Parkiran, ok. Tiket 15 k, tiket bisa tukar minuman lokal pride Minahasa. Bisa melihat proses penyulingan minuman lokal Minahasa. Recommended.",5,12/26/2025 10:12:59,ChIJjeMAfCwThzIRp7ygIFauE4o
Tuur Ma'asering Kumelembuai Tomohon,,LexAlex,Jangan lupa jaga alam ya,5,12/21/2025 06:24:01,ChIJjeMAfCwThzIRp7ygIFauE4o
Tuur Ma'asering Kumelembuai Tomohon,,Themmy Lee,Tjap Tikus Arak Manado Edo do eeeee,5,11/29/2025 09:23:51,ChIJjeMAfCwThzIRp7ygIFauE4o
Tuur Ma'asering Kumelembuai Tomohon,,Mergo Tresna Abdela,Tempat penyulingan air nira tradisional. Air nira yang dipanen oleh petani dimasak menggunakan tungku sederhana. Kemudian dialirkan melalui buluh besar ke dalam tempat pemrosesan. Teknologi yang sangat konvensional. Tapi tempatnya sangat unik. Suasana di sini tenang terutama pada saat habis hujan. Ada tempat untuk melihat pemandangan danau.,4,11/26/2025 12:26:02,ChIJjeMAfCwThzIRp7ygIFauE4o
Tuur Ma'asering Kumelembuai Tomohon,,Muhammad Ridwan,"Untuk bersantai, cukup ok👍",4,11/25/2025 12:54:30,ChIJjeMAfCwThzIRp7ygIFauE4o
Tuur Ma'asering Kumelembuai Tomohon,,himawan d' mbambesh,"Suasana asri, belajar tentang penyulingan minuman asli Minahasa (cap tikus)",5,11/15/2025 08:03:58,ChIJjeMAfCwThzIRp7ygIFauE4o
Tuur Ma'asering Kumelembuai Tomohon,,Chan Kia,"Tempatnya asik sekali, menu enak dan murah, pegawainya ramah, informatif dan jago bahasa inggris. Welcome drink nya luarbiasa... 🔥🔥🔥",5,11/06/2025 03:24:32,ChIJjeMAfCwThzIRp7ygIFauE4o
Tuur Ma'asering Kumelembuai Tomohon,,Claudia Andrea,"Sehr schöne Stimmung mit den Bambushäuschen, den Lichtern und der tollen Aussicht. Degustation hat Spass gemacht. Terima Kasih!",5,10/28/2025 12:01:26,ChIJjeMAfCwThzIRp7ygIFauE4o
Tuur Ma'asering Kumelembuai Tomohon,,Lin,"Wunderschön, wenn man in der Region ist muss man sich das unbefingt anschauen und hier was Essen/Trinken! Ganz besonders das Gebäck Cucur und Onde Onde 🫶🏼",5,09/17/2025 05:04:16,ChIJjeMAfCwThzIRp7ygIFauE4o
Tuur Ma'asering Kumelembuai Tomohon,,Marcel Cybon,"Fantastically built up place. Very instagramable, but we recommend coming early before the crowds are coming. We were first alone and the friendly lady running the place had time to show us around and made sampling with us, before then the crowds arrived.",5,09/07/2025 08:18:11,ChIJjeMAfCwThzIRp7ygIFauE4o
Tuur Ma'asering Kumelembuai Tomohon,,Daniel Taroreh,"Pelayanannya lambat banget sudah pesan makan lebih dulu tapi lebih mementingkan orang yg baru memesan makanan, dan pengantaran makanan lebih dari 1 jam, mohon di koreksi untuk pelayan ibu' berkacamata.",1,09/06/2025 12:34:52,ChIJjeMAfCwThzIRp7ygIFauE4o
Tuur Ma'asering Kumelembuai Tomohon,,Ekaput,"Caffe dengan nuansa tradisional, masih alami, begitu masuk langsung disambut dengan edukasi mengenai penyulingan minuman khas masyarakat lokal Saguer dan cap tikus (alkohol), bisa nyantai sambil menikmati alam, mantaplah",5,09/03/2025 10:47:28,ChIJjeMAfCwThzIRp7ygIFauE4o
Tuur Ma'asering Kumelembuai Tomohon,,Penjelajah Pemula,Tempat wisata penyulingan wine tradisional minahasa (cap tikus).,5,08/23/2025 04:38:42,ChIJjeMAfCwThzIRp7ygIFauE4o
Tuur Ma'asering Kumelembuai Tomohon,,Frederick Wijaya,There’s a short hike from the entrance to the actual restaurant area. Entry ticket is cheap for unlimited Cap Tikus & Saguer. The eco friendly coconut bowl is a plus point. Also provides heavy meals (which I didn’t order) and decent snacks. The view is amazing surrounded by nature. Music choice is okay. Pretty lights in the evening. Cold refreshing air since it’s outdoor,5,08/22/2025 16:35:12,ChIJjeMAfCwThzIRp7ygIFauE4o
Tuur Ma'asering Kumelembuai Tomohon,,Ronaldo Sirait,"Pelayanan ny ramah""",5,08/05/2025 10:45:23,ChIJjeMAfCwThzIRp7ygIFauE4o
Tuur Ma'asering Kumelembuai Tomohon,,Haposan Alessandro,"Cafe bernuansa tradisional dengan bangunan kayu dan bambu dengan atap ijuk yang tertata rapi. Lokasi cafe yang berada di tengah hutan pohon aren dan dataran tinggi semakin menambah kesan alami & sejuk. HTM 15k per orang yang bisa di tukar dengan welcome drink Saguer / Cap Tikus yang di suguhkan menggunakan tempurung (batok) kelapa. Kita juga bisa melihat langsung proses penyulingan cap tikus. Selain itu di cafe ini ada berbagai pilihan menu makanan dengan hrga yg terjangkau. Di sni tidak banyak pilihan spot foto. Toilet ckp bersih. Kondisi jalan cukup sempit untuk dilewati 2 mobil. Parkiran mobil tidak cukup luas. Pelayanan ramah namun kurang cekatan, dan jumlah pelayan tidak banyak. Jd ketika cafe ramai pengunjung orderan kita agak lama. Have a nice day",4,07/08/2025 15:31:12,ChIJjeMAfCwThzIRp7ygIFauE4o
Tuur Ma'asering Kumelembuai Tomohon,,Jajan Nyok,"Salah satu destinasi nongkrong di daerah Tomohon yang berjarak sekitar 1 jam-an dari pusat kota Manado. Tempatnya asyik, tenang dan sejuk. Waktu ke sini pas lagi hujan sehingga tidak banyak pengunjung. Ada tiket masuk @15k/orang free minum cap tikus dan Saguer yang dibuat langsung di sini mulai dari panen, penyulingan sampai dengan penyajian. Terdapat menu lain juga yang dijual baik nasi ataupun snack2. Puding gula merah nya juga enak ya…asyik buat nongkrong beramai2",5,07/07/2025 06:48:01,ChIJjeMAfCwThzIRp7ygIFauE4o
Tuur Ma'asering Kumelembuai Tomohon,,Pratik K,New drinks to try and nice view on lake lonow,5,07/02/2025 02:21:13,ChIJjeMAfCwThzIRp7ygIFauE4o
King Fish Bitung,,Cendana Oktiladha,"Pilihan ikan segar banyak, dan enak. Cepat pelayanannya, namun tiada mushola.",5,11/13/2025 02:35:00,ChIJxea05tIBhzIRs4qeuMvjYsQ
King Fish Bitung,,Fenty.M Duduong,"T4 strategis, tenang, menu oke. Pelayanan mantap",4,11/12/2025 01:53:18,ChIJxea05tIBhzIRs4qeuMvjYsQ
King Fish Bitung,,Dina Batunan,Mkanan enak dan lumayan cepat penyajian nya,5,09/05/2025 06:24:01,ChIJxea05tIBhzIRs4qeuMvjYsQ
King Fish Bitung,,Martha Zacharias,"Makan ikan bumbu woku disini enak, tapi suasananya kurang nyaman ruangan terbuka tidak tersedia ruangan ber AC panaaas, tapi ada kipas angin. Pelayan kurang bersahabat.",3,06/12/2025 22:46:06,ChIJxea05tIBhzIRs4qeuMvjYsQ
King Fish Bitung,,danu pras,"Makanan nya enak, menu rahang tuna mantap",4,06/01/2025 18:59:25,ChIJxea05tIBhzIRs4qeuMvjYsQ
King Fish Bitung,,Ahmad Junaidi,Rahang tuna nya mantap...recomended,5,05/31/2025 12:13:07,ChIJxea05tIBhzIRs4qeuMvjYsQ
King Fish Bitung,,Effendy Usman,Suara speaker yg terlalu besar mengurangi suasana santai,5,04/11/2025 23:04:27,ChIJxea05tIBhzIRs4qeuMvjYsQ
King Fish Bitung,,alexander marthin,Makan bisa pilih jenis ikannya segar2 lagi Layanan baik dan cepat Suasana menarik hati Krn lokasinya yg lapang/luas,5,03/07/2025 23:56:08,ChIJxea05tIBhzIRs4qeuMvjYsQ
King Fish Bitung,,Yeonsu Oh,"오렌지 주스 시켰는데 주스라기 보다는 얼음과 함께 갈아낸 슬러쉬에 가까워요. 근데 오히려 좋아서 한 잔 더 시켰어요. 원래 생선구이를 그렇게 좋아하는 편이 아닌데 첫 입 먹어보고 너무 맛있어서 깜짝 놀랐어요. 살이 쫀득하고 엄청 고소한데 부드러워요. 사진의 왼쪽에 있는 소스는 매콤해서 한국 사람들이 좋아할 것 같아요. 완전 추천합니다!! 빨간 생선이 특히나 맛있었고, 공심채 볶음도 주십니다. 가격은 60K 예요 ,, 오늘 비퉁 떠나기 전에 한 번 더 들릴까 고민중이에요! 10 out of 10 😋",5,01/20/2025 20:29:54,ChIJxea05tIBhzIRs4qeuMvjYsQ
King Fish Bitung,,Adi Muhammad,"Makanannya enak, khusus nya ikan bakar ya,jus² nya",5,11/20/2024 01:31:02,ChIJxea05tIBhzIRs4qeuMvjYsQ
King Fish Bitung,,Aisha Pradipta,"Tempat luas, bisa untuk rame2. Tipikal ikan yg dibakar kering.",4,11/14/2024 01:24:04,ChIJxea05tIBhzIRs4qeuMvjYsQ
King Fish Bitung,,Deddy Taufik Hidayat,"Resto yg menyajikan Seafood, dan banyak pilihan berbagai jenis ikan Tuna dll.",5,10/14/2024 12:36:57,ChIJxea05tIBhzIRs4qeuMvjYsQ
King Fish Bitung,,Hundrey Mewoh,Tempat makanya luas cuma bising banyak kendaraan konteiner lewat,4,09/21/2024 05:25:21,ChIJxea05tIBhzIRs4qeuMvjYsQ
King Fish Bitung,,Sutan Mudo,Makanan disini Enak Otentik Harga juga relatif,5,08/09/2024 15:03:45,ChIJxea05tIBhzIRs4qeuMvjYsQ
King Fish Bitung,,Feadri Justy Aulia,Makanannya enak enak,5,08/08/2024 07:46:46,ChIJxea05tIBhzIRs4qeuMvjYsQ
King Fish Bitung,,Santy Rahayu,Masakannya lumayan sayangnya rahang tunanya kurang banyak daging ..mungkin karena saya datang jam 2siang,4,08/05/2024 05:15:19,ChIJxea05tIBhzIRs4qeuMvjYsQ
King Fish Bitung,,nur zakiah febriyani,Tuna is good.,3,07/08/2024 17:10:15,ChIJxea05tIBhzIRs4qeuMvjYsQ
King Fish Bitung,,Deivie Salindeho,"Saya pesan rahang Tuna, rasanya biasa aja, sambalnya biasa aja dan sedikit. untuk harga segitu biasanya sih sudah dapat dengan suasana dan rasa yang lebih mantap.",3,07/02/2024 03:28:03,ChIJxea05tIBhzIRs4qeuMvjYsQ
King Fish Bitung,,Rena Kyaa,"Ruangan luas, rekomen untuk banyak orang. Pilihan ikan lumayan. Ikan sudah sepaket dengan nasi dan sayur kangkung. Parkir luas. Waktu masak tidak terlalu lama.",5,06/18/2024 04:58:22,ChIJxea05tIBhzIRs4qeuMvjYsQ
King Fish Bitung,,Jeje WalTa,"Pelayanan buruk, ikan hamis, makanan lama sekali datangnya",1,06/12/2024 06:45:26,ChIJxea05tIBhzIRs4qeuMvjYsQ
King Fish Bitung,,vini wantalangi,Mohon lebih diperhatikan pesanan ikan goropa hitam yang DTG goropa merah Dengan alasan kena kunyit jadi berubah warna merah😭😄😄😄,1,05/15/2024 08:07:26,ChIJxea05tIBhzIRs4qeuMvjYsQ
King Fish Bitung,,Lenora M Liuw,"Rica bakar enak skali, pake minyak kelapa momasa sandiri, jadi dpe rasa khas skali. Pelayanan Oke, bakar ikan cepat, nda pake tunggu lama. Cuma ada lumayan banyak lalat yang beking pengunjung yg makan kurang nyaman. Terima kasih.",4,05/13/2024 14:07:34,ChIJxea05tIBhzIRs4qeuMvjYsQ
New Regal's Cafe and Resto,,Titie Kirana,Live music tengah malam,5,01/31/2026 19:31:09,ChIJJYR0mxN1hzIRGLc8IqvYDbM
New Regal's Cafe and Resto,,Andrea Mait,enak enak sekaliiiii,5,01/19/2026 18:00:31,ChIJJYR0mxN1hzIRGLc8IqvYDbM
New Regal's Cafe and Resto,,Nabilla Habsyi,"Restoran dengan pilihan makanan lokal manado yang cukup variatif dan harga terjangkau.. resto ini bagus skali kalau bawa tamu dari luar daerah buat cobain makanan khas manado.. rasanya yang enak, pilihan makanan juga banyak serta harga yang terjangkau menjadi pertimbangan untuk jadi pilihan.. selain itu lokasinya yang sangat strategis karena berada di pusat kota manado jadi memudahkan orang buat kesini.. nice.. Menu wajib kalau kesini.. cobain bubur manado, milu siram, nasi kuning dan pisang goroho goreng yang dipadukan dengan sambal roanya..",5,07/05/2025 18:09:46,ChIJJYR0mxN1hzIRGLc8IqvYDbM
New Regal's Cafe and Resto,,Yves Vincent,Kopi hitam gula arennya mantap. Ada live music juga.,5,05/21/2025 23:06:48,ChIJJYR0mxN1hzIRGLc8IqvYDbM
New Regal's Cafe and Resto,,Jecksen Takasihaeng,Kasir tidak jujur,1,03/16/2025 16:47:53,ChIJJYR0mxN1hzIRGLc8IqvYDbM
New Regal's Cafe and Resto,,Fitri Apriyadi Jalan & Jajan,"Regal's Cafe and Resto yang terletak di Megamas Manado memang menjadi tempat favorit banyak orang, termasuk Anda, untuk berkumpul dan menikmati hidangan lezat. Suasana yang nyaman dan santai menjadikannya pilihan yang tepat untuk makan bersama teman-teman atau keluarga. Salah satu menu yang Anda sukai, nasi kuning, disajikan dengan cita rasa yang kaya, gurih, dan pas di lidah. Nasi kuning di Regal's sering dipadukan dengan lauk-pauk yang menggugah selera, menjadikannya hidangan yang tidak bisa dilewatkan. Kuah kaldu yang disajikan juga menjadi favorit, dengan rasa yang segar dan kaya rempah, menambah kenikmatan pada setiap suapan. Tak ketinggalan, jus alpukat yang segar dan kental menjadi pilihan sempurna untuk menambah kesegaran saat menikmati hidangan. Kombinasi rasa manis dan gurih dari jus alpukat ini cocok untuk melengkapi hidangan Anda di Regal's Cafe. Dengan suasana yang nyaman dan pelayanan yang ramah, Regal's Cafe & Resto benar-benar menjadi tempat yang pas untuk menikmati hidangan yang lezat sembari bercengkerama dengan teman-teman.",5,01/02/2025 05:05:22,ChIJJYR0mxN1hzIRGLc8IqvYDbM
New Regal's Cafe and Resto,,Novillia Bansaleng,"Live music bagus, tempat nongkrong yg asik tapi sayang pelayanannya sangat lama, order makanan jam 22.30 tapi sampai jam 00.30 makanan belum ada.",2,04/27/2024 16:52:35,ChIJJYR0mxN1hzIRGLc8IqvYDbM
New Regal's Cafe and Resto,,Fabian Dendeng,"Food is great, service is good and atmosphere is nice to be hamg out with friends. Buy sometimes it feels crowded and noisy when it comes to having an appointment with group, teams or collegues. Overal, its fun place to hangout and especially to entertain.",4,11/02/2023 23:57:49,ChIJJYR0mxN1hzIRGLc8IqvYDbM
New Regal's Cafe and Resto,,Cindy Lanovia,"Murah, banyak pilihan makanan dan rasa makanan cukup enak..gak yang enak banget sih tapi oklah.. Cuma sayang, alas mejanya kurang estetik. Coba di ganti sama warna hitam polos, pasti jadi lebih menarik apalagi buat foto2..",4,09/26/2023 12:10:37,ChIJJYR0mxN1hzIRGLc8IqvYDbM
New Regal's Cafe and Resto,,ORREBOSS,"Recommended ⭐️⭐️⭐️⭐️⭐️ •Tempat makan dengan menu khas makanan manado dan sejenisnya. •Makanan dan minuman yang di jual disini dari segi rasa dan bumbu cukup ok. •Disini tidak menerima quiris tapi bisa kredit card minimum 100k untuk pembelanjaan. •Harga bersahabat tidak terlalu mahal. •Makan kesini cocok berameh, bergroup dengan teman2. •Ada washtafel, toilet dan juga wifi dengan kecepatan yang sangat cukup untuk bermain medsos. •Staff baik, ramah dan service bagus •Kebersihanya cukup dan juga tempat parkir minimalis untuk motor dan mobil. ⚠️Saran: Kasir lebih murah senyum aja.ya",5,04/29/2023 06:53:21,ChIJJYR0mxN1hzIRGLc8IqvYDbM
New Regal's Cafe and Resto,,Tony Sigit,"Banyak menu pilihan makanan dan makanan ringan , live musik , cocok untuk bersantai",5,04/21/2023 21:31:36,ChIJJYR0mxN1hzIRGLc8IqvYDbM
New Regal's Cafe and Resto,,JOE,"Makanan Sambel Enak.. Apalagi Sambel Buat Pisang Goreng Rica Roa Rekom banget.. Pilihan makanan Juga banyak yang Low sampai high jga ada tpi menurutku tidak terlalu mahal jga masih kategori wajar... Rasa makanan Okeleh.. Kalo mau makan malam dan tidak suka berisik aq ngak saranin makan disini.. Karna kalo malam ada live musiknya... Atau bisa juga makan di lantai bawah biar tidak terlalu berisik... Pelayanan juga cepat dan Ramah menurutku yaa... Layanan pembayaran cash, debit, emoney jga bisa... Cukup rekom tmpat ini 😎😎😎",4,04/11/2023 11:55:33,ChIJJYR0mxN1hzIRGLc8IqvYDbM
New Regal's Cafe and Resto,,Ahmad Farhan,Enak buat nongkrong,5,03/16/2023 01:21:06,ChIJJYR0mxN1hzIRGLc8IqvYDbM
New Regal's Cafe and Resto,,Heriyanto Sugandi,"Harganya terjangkau, tempat nya rnak mungkin karena di kawasann.. Mayan buat nongki2",4,03/05/2023 11:33:24,ChIJJYR0mxN1hzIRGLc8IqvYDbM
New Regal's Cafe and Resto,,Aru Rangga Raenaldy,"Pilihan cafe untuk makan siang yang sangat pas, karena banyak menu yang tersedia dengan harga yang cukup terjangkau. Menu yang menjadi favorit adalah sup kaldu, bubur manado sampai nasi gorengnya, tersedia juga mie goreng atau mie kuah bagi pecinta mie, aneka minuman maupun snack. Harga mulai dari 10 - 60 ribuan, bagi yang ingin menikmati Beer disini juga tersedia. Untuk yang ingin makan siang disini, sebaiknya melakukan pemesanan terlebih dahulu, karena cukup lumayan lama menunggu sebelum disajikan. Lokasi yang cukup strategis karena berada di kawasan megamas, lebih tepatnya bersebelahan dengan mega mall. Cafe untuk cukup ramai di siang maupun malam hari untuk orang-orang yang hobi kumpul bersama teman maupun keluarga.",4,02/15/2023 01:38:14,ChIJJYR0mxN1hzIRGLc8IqvYDbM
New Regal's Cafe and Resto,,Reinhard Komansilan,Great Live Music 🎶💞,5,02/02/2023 16:10:21,ChIJJYR0mxN1hzIRGLc8IqvYDbM
New Regal's Cafe and Resto,,TB S,Tempatnya lumayan live music jg ada cm kurang pas meja bertaplak plastik,2,02/01/2023 09:06:41,ChIJJYR0mxN1hzIRGLc8IqvYDbM
New Regal's Cafe and Resto,,Fadly Punuh,Rekomendasi tempat santai 🤗,4,01/13/2023 16:28:06,ChIJJYR0mxN1hzIRGLc8IqvYDbM
Gardenia Restaurant,,Ivan Telwe,One of recommended place to visit while in tomohon. The place a good view dorect to mt Lokon. It has homestay also a good restaurant that serve local and western food. Downside is they only have 1-2 waiters and sometimes it took them a while to respond or take the orther. I believe something that they can improve in the future,5,01/14/2026 05:03:39,ChIJP8lDsY1shzIRDEdszca-KCQ
Gardenia Restaurant,,Debby Sondakh,"Makanan dan suasana top deh. Sayang penyajian lama, padahal tamunya saat kami datang tidak banyak",5,12/27/2025 00:06:27,ChIJP8lDsY1shzIRDEdszca-KCQ
Gardenia Restaurant,,Koni Kaliyani,"Paling suka onde ondenya. Langsung masuk mulut. Jadi kalo makan, tdk belepotan. Kalau dapat kepala lebih mengkal lagi, tambah enak rasanya.",5,11/21/2025 01:26:08,ChIJP8lDsY1shzIRDEdszca-KCQ
Gardenia Restaurant,,The Kwa Family,"Resort bintang 5,sekaligus restoran berkelas di kota Tomohon",5,11/02/2025 12:38:00,ChIJP8lDsY1shzIRDEdszca-KCQ
Gardenia Restaurant,,Renggo Tawan,tempat makan terbaik yang pernah ada saya sangat suka makan disini bersama dengan suami dan teman teman saya. saya juga sering mengajak keluarga dan anak anak saya untuk makan disini jika saya tidak sibuk makanan yang ada disini di tambah dengan suasananya yang begitu bagus sangat sempurnah.,5,10/18/2025 05:40:06,ChIJP8lDsY1shzIRDEdszca-KCQ
Gardenia Restaurant,,Josephine Satyono,"Gardenia Country Inn Restaurant in Tomohon is such a beuatiful place to visit with family and friends. It's nicely and well managed, though some parts needed more focus for maitenance. The view of Mt. Lokon is a fantastic view. Many rare tropical plants and flowers can be found surrounding the place. Food was good, international menu, though I had expected more of Minahasa traditional menu. I recommend this place.",5,10/15/2025 00:48:51,ChIJP8lDsY1shzIRDEdszca-KCQ
Gardenia Restaurant,,Chita Sidharto,"We were here for lunch.. The place is nice..but the food, not so much.. i tried beef Patty steak, it was cold,n bit salty.. although the condiments was nice.. My husband tried beef japanese curry, it's just okay.. But the atmosphere is really nice..",4,10/12/2025 21:58:58,ChIJP8lDsY1shzIRDEdszca-KCQ
Gardenia Restaurant,,adryan sasahang,"Jauh2 dari manado untuk makan dengan pemandangan yg indah, saat sedang duduk dan mau order tiba2 pelayan datang menyuruh pindah kepojok karena tempat di prioritaskan untuk tamu menginap. Mohon maaf saya harus kasih bintang 1 untuk pelayanan yg sperti ini. Saran saya jika untuk di taruh sign/acrilic reservasi shngga tdk ad tmu lain yg mnggunakan meja tsb.",1,10/12/2025 03:42:52,ChIJP8lDsY1shzIRDEdszca-KCQ
Gardenia Restaurant,,Marjut Langefeld,"Gardenia Country Inn Restaurant in Tomohon is simply breathtaking! The views are absolutely amazing - like dining in paradise surrounded by flowers and lush nature, with Volcano Lokon view. The design is elegant and full of charm. The food was incredibly delicious, served by caring personal. Hard to find enough words to praise this wonderful place. Thank you so much for such a perfect experience! 💐✨",5,10/10/2025 10:58:54,ChIJP8lDsY1shzIRDEdszca-KCQ
Gardenia Restaurant,,Martina Glaus,Die Zimmer sind sehr schön und der Garten und die Parkanlage wunderschön. Das Personal ist sehr hilfsbereit.,4,09/29/2025 09:55:11,ChIJP8lDsY1shzIRDEdszca-KCQ
Gardenia Restaurant,,Thomas Müller,Noch nie so viele Blumen gesehen. Traumhaft.,5,09/25/2025 20:07:53,ChIJP8lDsY1shzIRDEdszca-KCQ
Gardenia Restaurant,,Jeffrey Claudius,"🌿✨ Gardenia Restaurant – Surga Kuliner di Tengah Taman! 🌸🕊️ Kalau kamu suka suasana alam yang asri dan penuh warna, Gardenia Restaurant wajib masuk bucket list kamu! 💚🍃 Tempat ini bertemakan taman yang dipenuhi berbagai jenis bunga cantik 🌺🌼🌻 dan sering banget terlihat burung-burung langka beterbangan bebas di sekitar 🌈🕊️ – bikin serasa makan di surga kecil! Banyak fotografer datang ke sini hanya untuk mengabadikan momen 🧡📸✨ 📌 Pilihan menu di sini lengkap banget – dari masakan lokal sampai internasional 🍛🍝🥩. Salah satu yang wajib dicoba: 🍲 Sop Buntut – rasanya seperti masakan rumahan 🏡. Bumbunya ringan, nggak terlalu kuat, cocok buat yang suka rasa sederhana 👌. Potongan kentang dan wortelnya besar-besar 🥕🥔, pas banget buat sharing berdua ❤️👫 🍚 Nasi Goreng – mantap! 🔥 Ada banyak varian: ayam 🐔, seafood 🦐, bahkan babi 🐖. Tinggal pilih sesuai selera 😋 🍝 Pasta dan Steak juga tersedia buat kamu yang ingin menu western 😍 🍌 Pisang Goreng – luar crunchy, dalam lembut! 💛 Enak banget buat camilan sore 🍽️ 🍟 Kentang Goreng – potongannya gede-gede karena dari kentang utuh! Real potato vibes! 🥔✨ 🍹 Untuk minuman, kamu bisa pilih mulai dari Lemon Tea 🍋☕, Juice 🧃, hingga Coffee ☕ – segar dan pas banget nemenin makanan. ⚠️ Catatan penting! Karena semua makanan dimasak fresh dari awal, waktu tunggu bisa sekitar 45 menit hingga 1 jam ⏳. Jadi kalau kamu nggak mau kelamaan nunggu, baiknya pesan 1 jam sebelum waktu makan 🕐 atau langsung pesan semua di awal biar nggak nambah-nambah lagi nanti 🙏🍽️ dan tidak menunggu lama 📸🌷🐦 Jadi kalau kamu cari tempat makan yang enak, suasana damai, dan instagramable, Gardenia Restaurant adalah pilihan yang sangat tepat! 🧡✨ Enjoy 😋",5,09/10/2025 06:56:16,ChIJP8lDsY1shzIRDEdszca-KCQ
Gardenia Restaurant,,Erma Irawati,"Restonya cantik dikelilingi kebun bunga warna warni yg cantik dengan background gunung lokon Tempat ini sangat cocok buat menikmati pemandangan dengan sajian kue2 khas manado Sayang untuk pelayanan lumayan lama.Mungk8n se jam baru makanan yg kami pesan di sajikan. Rasa makanan yg kami pilih biasa aja, nothing special.Brenebon dan perkedel jagungnya mengecewakan. Tapi utk view dan suasananya juara 👍",4,09/02/2025 02:11:14,ChIJP8lDsY1shzIRDEdszca-KCQ
Gardenia Restaurant,,Nicolas Barrault,Très beau cadre. Cependant une attente interminable (1h30) pour des plats de qualité mediocre,2,08/15/2025 13:15:42,ChIJP8lDsY1shzIRDEdszca-KCQ
Gardenia Restaurant,,Guido van der Giessen,"De omgeving is heel mooi, alleen was het eten en vooral de tijd dat je ervoor moest wachten niet goed. Wij zaten uiteindelijk meer dan 1.5 uur te wachten voordat iedereen eten had gekregen. Vervolgens was dit ook nog eens koud.",2,07/22/2025 11:29:24,ChIJP8lDsY1shzIRDEdszca-KCQ
Gardenia Restaurant,,Anastasia M,Service can be slow as everything is made from scratch. But then why rush when the view and atmosphere are as nice as they are in Gardenia. They are meant to be enjoyed slowly 😍,5,07/21/2025 07:08:44,ChIJP8lDsY1shzIRDEdszca-KCQ
Gardenia Restaurant,,Siska Wiratandi,"View bagus, udara sejuk, makanan lmyn tapi menunggunya lama (45+ menit). Sebaiknya order sebelumnya",4,07/10/2025 13:39:41,ChIJP8lDsY1shzIRDEdszca-KCQ
Gardenia Restaurant,,Wendy dan Ita,Rumah makan di daerah tomohon ini memiliki view yang sangat bagus dengan background gunung goa. Banyak dikunjungi turis asing dari macanegara,5,07/04/2025 02:06:41,ChIJP8lDsY1shzIRDEdszca-KCQ
Gardenia Restaurant,,Antonius Suharmono,Makanan enak tapi pelayanan jelek banget minta minum saja pake lama banget keluarnya,2,06/27/2025 06:21:11,ChIJP8lDsY1shzIRDEdszca-KCQ
Gardenia Restaurant,,Bayu Sindrianata,"Pemandangan dan suasananya nyaris sempurna, dikelilingi taman bunga n view perbukitan. Tp kalau soal rasa makanan dan minuman msh average lah. Saya pesan kopi, sandwich, ayam bakar, lemon tea, satai Ba, dll. Smg bisa ditingkatkan lg soal rasa bahkan walaupun dari secangkir kopi",5,06/02/2025 07:33:34,ChIJP8lDsY1shzIRDEdszca-KCQ
Gardenia Restaurant,,Ale Vlog,"Pemamdangan di tpt ini aangat indah lrn dikelilingi oleh aneka macam bunga lokal. Udara sejuk, asri dan tempatnya bersih. Terdapat ratusan spesies bunga lokal. Tempat ini selain reatoran ada juga hotel/resort. Pemandangan gunung lokon sangat terlihat jelas dari tpt ini. Restorannya menyediakan aneka macam mknan nasional dan aneka macam kue tradisonal minahasa. Gardenia lokasinya cukup dekat dari jln poros, dan jalan masuknya bagus. Tempat parkir luas.",4,05/11/2025 15:50:37,ChIJP8lDsY1shzIRDEdszca-KCQ
Gardenia Restaurant,,James Wewengkang,Salah satu restoran terbaik di kota Tomohon…. Kwalitas makanan dan pelayanan baik…suasana taman yang indah,5,05/06/2025 04:16:30,ChIJP8lDsY1shzIRDEdszca-KCQ
Gardenia Restaurant,,Astria Santa Natalia Mantiri,Viewnya lokon bagus. tapi pelayanannya di resto amt sgt bad.. kurang responsive dan org dapurnya tukang gosip dan jutek. makanannya b aja. totally selling the view only with bad service n food quality. wont go back here twice,2,05/04/2025 06:33:28,ChIJP8lDsY1shzIRDEdszca-KCQ
Gardenia Restaurant,,Arlin Cicilia,"Love the atmosphere here, amazing view but the food takes quite long time to prepare so I dont recommend it for someone who wants to quickly eat and go.",4,04/24/2025 08:08:54,ChIJP8lDsY1shzIRDEdszca-KCQ
Gardenia Restaurant,,Johan Myway,"Cocok buat bersantai, makanannya enak, udaranya sejuk, taman bunga yang indah dengan view gunung lokon....",5,04/21/2025 10:35:15,ChIJP8lDsY1shzIRDEdszca-KCQ
Gardenia Restaurant,,Charisma Christy,"Pelayanannya lamaa banget, makanannya datang sudah dingin",1,04/05/2025 07:38:39,ChIJP8lDsY1shzIRDEdszca-KCQ
Gardenia Restaurant,,Jaqualine Kainama,"Minumannya gak ada gulanya sama sekali, nunggu makanan 1 jam lebih, yang bikin bagus yah cuma tempatnya karena banyak bunganya.",2,04/05/2025 03:32:55,ChIJP8lDsY1shzIRDEdszca-KCQ
Pasar Tua Kuliner Bitung,,Deny Anyer,"RM Bu Sri bagi saya masakan nya cocok di lidah orang jawa,",4,10/09/2025 13:34:40,ChIJj8wEPZIBhzIRweNVpzF4bWk
Pasar Tua Kuliner Bitung,,Aulia Margaretha Ginting,"So many choices for breakfast, lunch, or dinner. Located in the business center of Bitung.",5,08/03/2025 00:58:00,ChIJj8wEPZIBhzIRweNVpzF4bWk
Pasar Tua Kuliner Bitung,,Lovell Michael Tombokan,Kua asam Tuna + Tude Goreng 👍🏼,3,07/19/2025 00:13:39,ChIJj8wEPZIBhzIRweNVpzF4bWk
Pasar Tua Kuliner Bitung,,Adi Muhammad,"Jika mencari Nasi Padang atau Soto,.mie ayam dsb, area pasar tua bitung emang pas bagi anda, khususnya bagi yg muslim, ini tempat yg recomended",5,05/18/2025 05:54:36,ChIJj8wEPZIBhzIRweNVpzF4bWk
Pasar Tua Kuliner Bitung,,Voyska Eranda Daleru,Banyak yg jualan kuliner yang paling saya suka disitu ada yang jualan martabak...,4,04/26/2025 22:59:59,ChIJj8wEPZIBhzIRweNVpzF4bWk
Pasar Tua Kuliner Bitung,,Erozz Candra Alfatih,Ini kompleks saya,5,03/09/2025 14:15:11,ChIJj8wEPZIBhzIRweNVpzF4bWk
Pasar Tua Kuliner Bitung,,erfan erfan,"Makan soto daging. Enak. Tapi tempatnya tidak besar, kalau makan siang harus nunggu dulu",5,01/01/2025 21:45:53,ChIJj8wEPZIBhzIRweNVpzF4bWk
Pasar Tua Kuliner Bitung,,Tri Sumaryo,24 jam buka,3,12/15/2024 05:43:52,ChIJj8wEPZIBhzIRweNVpzF4bWk
Pasar Tua Kuliner Bitung,,Mad Bumburo,Tempat makan terutama ikan laut yg sangat baik,5,02/26/2024 01:18:45,ChIJj8wEPZIBhzIRweNVpzF4bWk
Pasar Tua Kuliner Bitung,,Wahyu Gofar Effendi,Makanan bervariasi sesuai selera Harga terjangkau,5,01/08/2024 15:11:05,ChIJj8wEPZIBhzIRweNVpzF4bWk
Pasar Tua Kuliner Bitung,,Arnia Rental Gorontalo,Sangat bagus dan tidak banyak mengocek kantong,5,01/03/2024 23:54:42,ChIJj8wEPZIBhzIRweNVpzF4bWk
Pasar Tua Kuliner Bitung,,Becool,"Suasana sepeeti di tempat lain seperti biasanya, makaman lumayan pedas😄",4,11/03/2023 00:37:11,ChIJj8wEPZIBhzIRweNVpzF4bWk
Pasar Tua Kuliner Bitung,,Marenda Pandu Rizqi,"Traditional food, grilled seafood",5,04/08/2023 06:21:29,ChIJj8wEPZIBhzIRweNVpzF4bWk
Pasar Tua Kuliner Bitung,,Putut Supriyanto,"Tempat untuk nongkrong. Makan """,5,03/27/2023 23:21:38,ChIJj8wEPZIBhzIRweNVpzF4bWk
Pasar Tua Kuliner Bitung,,Hartono,"Sore,banyak yang nga buka",3,03/24/2023 08:08:15,ChIJj8wEPZIBhzIRweNVpzF4bWk
Nasi Kuning Selamat Pagi Kampung Kodo,,Nurman Riyadi Rahman,"Waktu pertama kali landing di Manado langsung menuju ke sini buat sarapan. Udah lama juga ga makan nasi kuning selama hidup di Jakarta. Rasanya enak, lauknya ada abon ikan, telur rebus sama kentang goreng kering. Yaa seperti nasi kuning di Sulawesi pada umumnya lahhh.",4,01/04/2026 03:08:56,ChIJQcPWfWp1hzIRsQzImvGZTII
Nasi Kuning Selamat Pagi Kampung Kodo,,kartika sari,"Lokasi rumah makannya seharusnya di sebelah warung tegal, sebrang Aston hotel.",4,12/24/2025 01:05:28,ChIJQcPWfWp1hzIRsQzImvGZTII
Nasi Kuning Selamat Pagi Kampung Kodo,,frederika pricilya,"Pembayaran harus Cash. Ga terima via Qris, atau Transfer",4,12/21/2025 00:35:26,ChIJQcPWfWp1hzIRsQzImvGZTII
Nasi Kuning Selamat Pagi Kampung Kodo,,Eni Eni,"Tempatnya memang bersih, tapi nasi kuningnya B aja. Trusss lamaaaaaa, ibu nya jadi kasir, jadi server. Butuh waktu 30 menit lebih untuk order makan dan bayar",3,12/19/2025 01:02:42,ChIJQcPWfWp1hzIRsQzImvGZTII
Nasi Kuning Selamat Pagi Kampung Kodo,,boedhy yanto,Nasi kuning legend di kota manado Top rasanya,5,12/14/2025 15:16:26,ChIJQcPWfWp1hzIRsQzImvGZTII
Nasi Kuning Selamat Pagi Kampung Kodo,,Bramanto Wijaya,"they sell yellow rice. the color is from turmeric. it comes with meat floss, and tuna floss. it also has diced potatoes, striped potato chips, and hard boiled egg. the food is delicious. be careful of the chili sambal. it starts off nice and spicy, but it gets hotter. somehow the spiciness won't go away after a while. if you can't handle the spice, you better put aside the sambal. this place is open everyday for 24 hours. they don't have enough parking space though.",5,11/28/2025 00:48:43,ChIJQcPWfWp1hzIRsQzImvGZTII
Nasi Kuning Selamat Pagi Kampung Kodo,,Bondan Kerap,Salah satu rumah makan nasi kuning terbaik di manado... hanya lokasinya agak tersembunyi...,5,11/18/2025 05:58:31,ChIJQcPWfWp1hzIRsQzImvGZTII
Nasi Kuning Selamat Pagi Kampung Kodo,,Mulyadi,Nasi kuning enak 24 jam di Manado,5,11/16/2025 23:04:31,ChIJQcPWfWp1hzIRsQzImvGZTII
Nasi Kuning Selamat Pagi Kampung Kodo,,Rony Mamoru,Ke Manado tidak lengkap kalau belum mencicipi Nasi Kuning Selamat Pagi. Benar-benar menu sarapan yang memuaskan.,5,11/12/2025 13:55:07,ChIJQcPWfWp1hzIRsQzImvGZTII
Nasi Kuning Selamat Pagi Kampung Kodo,,Pramita Sari,"Nasi Kuning Selamat Pagi Manado is a legendary breakfast spot that truly represents the taste of Manado. The nasi kuning is fragrant, flavorful, and served with delicious side dishes like sambal, cakalang, and beef stew. The place is clean and welcoming — perfect for a hearty breakfast with family, friends, or colleagues. A must-try local favorite when visiting Manado city!",5,11/03/2025 11:55:48,ChIJQcPWfWp1hzIRsQzImvGZTII
Nasi Kuning Selamat Pagi Kampung Kodo,,faisal pahlevy,Nasi kuning yang enak di seputar kota manado,5,10/10/2025 14:55:42,ChIJQcPWfWp1hzIRsQzImvGZTII
Nasi Kuning Selamat Pagi Kampung Kodo,,Jony Rahardja,Tadi naik kapal ke bunaken dibawain temen nasi kuning katanya dari sini. Uniq dibungkus daun woka. Asli enak banget sedep gurih pol. 9/10,5,09/27/2025 10:40:19,ChIJQcPWfWp1hzIRsQzImvGZTII
Nasi Kuning Selamat Pagi Kampung Kodo,,Ernest Laoh,Ba singgah makan,5,09/24/2025 05:38:13,ChIJQcPWfWp1hzIRsQzImvGZTII
Nasi Kuning Selamat Pagi Kampung Kodo,,Agas Koncoro,"Saya pesan special abon ikan, harga 39.500 di grabfood... Kenapa cma datng isi abon saya... Mending saya pesan nasi kuning abon yg biasa... Gk jelas ini",1,09/06/2025 18:06:43,ChIJQcPWfWp1hzIRsQzImvGZTII
Nasi Kuning Selamat Pagi Kampung Kodo,,Habibi maulana ahmad,"Luarbiasa baik, saya makan saat sahur dan waktu mau bayar diberikan gratis. Rasa dan pelayanannya mantab",5,09/05/2025 15:14:20,ChIJQcPWfWp1hzIRsQzImvGZTII
Nasi Kuning Selamat Pagi Kampung Kodo,,Pelz TV,Pelayanan/Pelayan tidak ramah pricy,1,08/23/2025 16:49:25,ChIJQcPWfWp1hzIRsQzImvGZTII
Nasi Kuning Selamat Pagi Kampung Kodo,,Juniver Parentah,Pelayanan tidak ramah,2,08/23/2025 16:49:21,ChIJQcPWfWp1hzIRsQzImvGZTII
Nasi Kuning Selamat Pagi Kampung Kodo,,Agus IF,"Rice with shredded tuna, meat, and egg with spicy rica/sambal. Delicious.",5,07/24/2025 05:13:08,ChIJQcPWfWp1hzIRsQzImvGZTII
Nasi Kuning Selamat Pagi Kampung Kodo,,Taufik Masruri,25k naskus istimewa katanya.tp enak juga dibungkus daun manado bukan papua.🤭,4,07/13/2025 23:01:32,ChIJQcPWfWp1hzIRsQzImvGZTII
Nasi Kuning Selamat Pagi Kampung Kodo,,Diki (Dik),Abon nya lagi abis atau belum ada,3,07/07/2025 03:03:50,ChIJQcPWfWp1hzIRsQzImvGZTII
Nasi Kuning Selamat Pagi Kampung Kodo,,Gabriel Garry Kasenda,Never fails! Nasi Kuning so delicious and really recommended!,5,04/15/2025 12:03:42,ChIJQcPWfWp1hzIRsQzImvGZTII
Nasi Kuning Selamat Pagi Kampung Kodo,,HobiJalan2,"Naskunnya enak, sambelnya gak terlalu pedas tp enak. Cuma tempatnya aja yg sederhana banget. Meski makan di tempat, jangan lupa minta dikemas daun woku biar nasinya wangi dan sedep.",5,03/15/2025 07:34:39,ChIJQcPWfWp1hzIRsQzImvGZTII
Nasi Kuning Selamat Pagi Kampung Kodo,,agus hermanto,Memang seenak itu nasi kuningnya. Sambalnya pedes mantap.,5,03/06/2025 13:13:20,ChIJQcPWfWp1hzIRsQzImvGZTII
Nasi Kuning Selamat Pagi Kampung Kodo,,Ivan Pots,qt driver ojol ad mo ambe orderan qt dluan datang dri pembeli lain mar qt punya drg nd bking2 mungkin drg lupa karna faktor usia wkwk,3,02/08/2025 23:27:14,ChIJQcPWfWp1hzIRsQzImvGZTII
Nasi Kuning Selamat Pagi Kampung Kodo,,drniken 09,"Went there outside of meal time so it was only my friend and I. The seller was very attentive, courteous and kind. The food was WOW 😄 delicious with generous toppings, and if you like spicy sambal, the sambal was superb. A must visit whenever you went to Manado. Oh, and if you're concerned about halal, this one is halal.",5,02/08/2025 01:28:22,ChIJQcPWfWp1hzIRsQzImvGZTII
Nasi Kuning Selamat Pagi Kampung Kodo,,Mamamialezatos,"Saya ga tau sepeetinya ada 2 tempat berbeda dengan nama yang sama.. Yg saya datangi di dalam gang. Nasi kuningnya keras, tidak enak dan sedikit sekali abon dan dagingnya. Pelayanan lama dan tempat tidak nyaman. Semoga yg tempat 1 lagi tidak dirugikan dengan review jelek dari rumah makan lain dengan nama yg sama.",1,12/22/2024 07:01:37,ChIJQcPWfWp1hzIRsQzImvGZTII
Kopi Janji Jiwa Tomohon,,Theofilus Ponamon,Suasana yg baik bersama keluarga,5,01/04/2026 01:28:54,ChIJQfrxTCNthzIRUJJfHhgmJPA
Kopi Janji Jiwa Tomohon,,Aloysius Langitan,"Lokasi suasana ok.. Tapi mengecewakan pelayanan.. Kita pesan bayar kasir.. Udh selesai makan, wajar nanya tuh minuman ga sampe, (sisa teh manisnya) yg lain sdh... Di tanya tuh minum.. Oh bukan kita.. Ok ga masalah.. Tp jawab nada nya ketus ngegas...mana torang tau tuh minuman kaluar dr mana.. Jd tanya donk yg bawa makanan di meja.. Kita jg byr dikasir kan cm tau biasa semua kluar dr dapur bukan di meja kasir 🙏🙏 teh datang teh basi.. 😵‍💫😵‍💫",1,12/31/2025 07:23:55,ChIJQfrxTCNthzIRUJJfHhgmJPA
Kopi Janji Jiwa Tomohon,,Andi Baso Agung,"Tempat nongki nongki jika lg di Tomohon yah disini, suasana enak sejuuuuuuuk banget sambil nikmati pemandangan gunung lokon di sore hari, harga makanan n minuman terjangkau",5,12/13/2025 09:14:48,ChIJQfrxTCNthzIRUJJfHhgmJPA
Kopi Janji Jiwa Tomohon,,Prisa Amanda,"Such a cozy spot! The food is good, the coffee is great, and everything is affordable. Perfect for relaxing or hanging out.",5,12/09/2025 09:52:16,ChIJQfrxTCNthzIRUJJfHhgmJPA
Kopi Janji Jiwa Tomohon,,Sahat Parlindungan Hutapea,Enak sekali lokasi dan pelayanan serta kopinya mantap,5,11/27/2025 05:41:46,ChIJQfrxTCNthzIRUJJfHhgmJPA
Kopi Janji Jiwa Tomohon,,zanzan Baziad,"WONDERFULL✨ the staff very helpful the places,vibe,food are so cozy matching the weather here❤️",5,11/15/2025 11:58:21,ChIJQfrxTCNthzIRUJJfHhgmJPA
Kopi Janji Jiwa Tomohon,,Farhan,"Tempatnya nyaman, Barista & pelayan 100% ramah, makanan enak",5,10/25/2025 08:34:45,ChIJQfrxTCNthzIRUJJfHhgmJPA
Kopi Janji Jiwa Tomohon,,Jemmy Palempung,Tempat sangat bagus,5,09/28/2025 15:21:30,ChIJQfrxTCNthzIRUJJfHhgmJPA
Kopi Janji Jiwa Tomohon,,Asa Dilaga,"Minuman lama jadi, pdhl cuma kopi 1 item, banyaknya org ditempat buat kopi tp kerja lama, tlg perhatikan lagi soal pelayanan!",1,09/14/2025 10:32:45,ChIJQfrxTCNthzIRUJJfHhgmJPA
Kopi Janji Jiwa Tomohon,,Marselino Maleke,"Tempat nya cozy dan bagus untuk kumpul kumpul bersama teman serta pelayanan dan fasilitas nya bagus, recommended banget 🌟",5,09/05/2025 07:03:22,ChIJQfrxTCNthzIRUJJfHhgmJPA
Kopi Janji Jiwa Tomohon,,Daniel Judah,"An excellent place to have some coffee while viewing the Lokon mountain. The views from this place are excellent. The open spaces on this coffee shop is excellent as well. The air is fresh, the scene is natural and quiet, the place is perfect to have a relaxing meeting with your friends. The drinks and the foods are quite good, but that isn’t the main draw of this place. The place is clean and well maintained. The place didn’t have any dedicated parking space, the parking is road parking outside the area. The place seems closed from outside but just walk inside. The place opens from the morning, so it’s good for you who wanted to have some early coffee.",5,09/03/2025 07:49:07,ChIJQfrxTCNthzIRUJJfHhgmJPA
Kopi Janji Jiwa Tomohon,,Lytha Pijoh,"Ordered Sapo Tahu, came about more than 40 minutes, the baby corn tasted sour dan Hazelnut Choco, but the hazelnuts weren't hazelnut flavor. No amenities available on the table.",4,08/21/2025 01:28:00,ChIJQfrxTCNthzIRUJJfHhgmJPA
Kopi Janji Jiwa Tomohon,,Edo B,"Tempat yang nyaman, saya datang untuk makan siang. Suasana yang teduh dan nyaman, makanan tersedia banyak pilihan dari ringan sampai berat. Mantap",5,08/13/2025 07:12:15,ChIJQfrxTCNthzIRUJJfHhgmJPA
Kopi Janji Jiwa Tomohon,,Irene Z,"Kereeen banget tempatnya, di alam. Pemandangan bagus, udara sejuk. Tempat yang pas untuk bersantai sambil ngopi",5,07/18/2025 01:40:52,ChIJQfrxTCNthzIRUJJfHhgmJPA
Kopi Janji Jiwa Tomohon,,zenith,"Banyak spot bagus untuk foto-foto, cocok untuk kumpul-kumpul. Tempatnya nyaman dan luas, bisa melihat pemandangan indah dengan udara segar.",5,07/08/2025 10:38:12,ChIJQfrxTCNthzIRUJJfHhgmJPA
Kopi Janji Jiwa Tomohon,,bocil gaming,"enakk,suasana yang sejuk dan pemandangan yang indah",4,07/07/2025 09:25:17,ChIJQfrxTCNthzIRUJJfHhgmJPA
Kopi Janji Jiwa Tomohon,,Ray Leonardo Ransulangi,"Tempat sejuk, nyaman, cocok utk org2 introvert",5,07/03/2025 07:23:15,ChIJQfrxTCNthzIRUJJfHhgmJPA
Kopi Janji Jiwa Tomohon,,Aprilia April,Tempat asyikk mnum kopi di tomohon,5,07/01/2025 12:41:13,ChIJQfrxTCNthzIRUJJfHhgmJPA
Kopi Janji Jiwa Tomohon,,Natalia Adriana,tempat ngopi terbaik ditomohon,5,06/24/2025 23:55:10,ChIJQfrxTCNthzIRUJJfHhgmJPA
Kopi Janji Jiwa Tomohon,,Taufiq Putra,ini sih the real ngopi with view,5,06/13/2025 06:46:54,ChIJQfrxTCNthzIRUJJfHhgmJPA
Kopi Janji Jiwa Tomohon,,lily pijoh,"Pemandangan indah, latar gunung lokon, karyawannya ramah, kopinya enak and murah.",5,05/27/2025 02:53:58,ChIJQfrxTCNthzIRUJJfHhgmJPA
Kopi Janji Jiwa Tomohon,,Andy Rezki Juliarno,Pemandangan gunung Lokon yang menakjubkan,5,05/24/2025 23:59:01,ChIJQfrxTCNthzIRUJJfHhgmJPA
Kopi Janji Jiwa Tomohon,,Julita Bernadeth,"Makanan LAMA SEKALI diantar, Pesan Tinutuan, 1 jam 20 menit baru ready, dengan kondisi pengunjung yang hanya sekitar 12 orang",4,05/12/2025 05:26:43,ChIJQfrxTCNthzIRUJJfHhgmJPA
Kopi Janji Jiwa Tomohon,,Gabriel,pesan spagghetti bolognese 28k yg dtg spagghetti 3k an di warong😂,1,05/12/2025 02:51:51,ChIJQfrxTCNthzIRUJJfHhgmJPA
Kopi Janji Jiwa Tomohon,,TONNY NANGKA,"Banyak.pilihan menu lokal mapun international, pelayanan ramah, bisa coba spagheti ok",5,05/08/2025 12:08:56,ChIJQfrxTCNthzIRUJJfHhgmJPA
Kopi Janji Jiwa Tomohon,,mariana kilis,Tempat ngopi yang nyaman menyatu dengan alam tapi klo sore sudah dingin karena memang kondisi kota tomohon yg memang dingin.. makanan juga banyak pilihan menu..,4,04/07/2025 08:05:11,ChIJQfrxTCNthzIRUJJfHhgmJPA
Kopi Janji Jiwa Tomohon,,Snap Fire,"Tempatnya nyaman dan nggak terlalu ramai, cocok buat nongkrong atau sekadar istirahat sebentar. Pelayanannya juga ramah dan cepat",5,03/31/2025 09:38:00,ChIJQfrxTCNthzIRUJJfHhgmJPA
Kopi Janji Jiwa Tomohon,,Rivaldo Ruaw,Pelayanan sangat baik,5,03/31/2025 09:20:58,ChIJQfrxTCNthzIRUJJfHhgmJPA
Kopi Janji Jiwa Tomohon,,Oktafio Mamangkey,"Udah beberapa kali ke sini dan selalu nyaman. Tempatnya enak buat kerja atau sekadar ngobrol, pelayanannya juga nggak pernah mengecewakan.",5,03/31/2025 09:09:39,ChIJQfrxTCNthzIRUJJfHhgmJPA
GARAGE COFFE LAB,,Mawar Rauf,Percuma banyak karyawan layanan kurang mantap masa menu pisang goreng aja hampir 1 jam perbaiki lagi dong pelayanan nyaaa,1,12/29/2025 11:17:14,ChIJ-YAlrZ0BhzIRNt2dJrX4aO8
GARAGE COFFE LAB,,Donz Palar,Pelayanannya lambat sekali,1,11/05/2025 07:32:50,ChIJ-YAlrZ0BhzIRNt2dJrX4aO8
GARAGE COFFE LAB,,Sha Zam,"Sangat kecewa ,Pesanan lama , sudah tunggu berjam jam baru di infokan makanan habis.",1,11/03/2025 06:00:13,ChIJ-YAlrZ0BhzIRNt2dJrX4aO8
GARAGE COFFE LAB,,Emily Chan71,Untuk ayam gepreknya ayamnya kecil sambalnya pakai tomat kyk dabu2 dan tidak masuk di lidah saya.,2,09/28/2025 06:58:11,ChIJ-YAlrZ0BhzIRNt2dJrX4aO8
GARAGE COFFE LAB,,GR F,"Kesini April 2025 1. Rasa kopi dan makanan enak, pesen kopi aren, pisang goreng sambal roa, fetucini carbonara 2. Sangat recommended",5,04/23/2025 13:45:01,ChIJ-YAlrZ0BhzIRNt2dJrX4aO8
GARAGE COFFE LAB,,Anna Ko,"Nice coffee shop/restaurant with a great vibe. A good choice when you’re craving a bit of western food (sandwiches, etc.) and very good coffee and drinks. Bitung is not very international/touristy, so that’s exactly what we needed after 1 week of local food.",4,04/04/2025 02:43:23,ChIJ-YAlrZ0BhzIRNt2dJrX4aO8
GARAGE COFFE LAB,,Iyan Mulyadi,"Cafe Garage adalah tempat yang sempurna untuk bersantai dan menikmati suasana yang unik. Dengan konsep industrial yang keren dan dekorasi ala garasi, cafe ini memberikan nuansa yang berbeda dari kebanyakan tempat nongkrong lainnya. Makanan dan minumannya juga tidak kalah menarik! Menu yang variatif, mulai dari kopi berkualitas hingga hidangan lezat, membuat setiap kunjungan terasa istimewa. Barista dan stafnya ramah serta selalu siap melayani dengan profesionalisme. Selain itu, Cafe Garage sering menghadirkan live music atau event menarik yang menambah keseruan. Cocok untuk nongkrong bersama teman atau sekadar menikmati waktu sendiri dengan suasana yang nyaman. Sangat direkomendasikan!",5,02/28/2025 12:49:02,ChIJ-YAlrZ0BhzIRNt2dJrX4aO8
GARAGE COFFE LAB,,patrick tenda,Enak Dan seru tempatnya,5,01/17/2025 02:41:56,ChIJ-YAlrZ0BhzIRNt2dJrX4aO8
GARAGE COFFE LAB,,Smoothy Aiko,menunggu makanan sangat lama 1 jam +++,2,12/28/2024 12:32:18,ChIJ-YAlrZ0BhzIRNt2dJrX4aO8
GARAGE COFFE LAB,,Voyska Eranda Daleru,"Adem... Biar so abis makan, torang masih boleh duduk lama kg bakarlota... Cocok for tampa reuni teman masa kecil 😍😍😍",5,11/27/2024 23:16:50,ChIJ-YAlrZ0BhzIRNt2dJrX4aO8
GARAGE COFFE LAB,,Lavenia Kawet,"nice place, expert cafe and very good service 🙏",5,11/15/2024 13:41:04,ChIJ-YAlrZ0BhzIRNt2dJrX4aO8
GARAGE COFFE LAB,,Memey Angkouw,Makanan nya sampai 2jam gak nyampe nyampe,1,10/19/2024 12:55:29,ChIJ-YAlrZ0BhzIRNt2dJrX4aO8
GARAGE COFFE LAB,,Jolly Manoppo,Tempat yg cocok buat santai sambil menunggu mobil yg sementara di cuci,5,09/13/2024 02:48:07,ChIJ-YAlrZ0BhzIRNt2dJrX4aO8
GARAGE COFFE LAB,,Indri Kembi,"TIDAK PROFESIONAL, MAKANAN SAMPAI 3 JAM",1,07/13/2024 13:38:27,ChIJ-YAlrZ0BhzIRNt2dJrX4aO8
GARAGE COFFE LAB,,ARRON JACOBUS,Enak buat nongkrong sambil kerja,4,05/30/2024 14:25:50,ChIJ-YAlrZ0BhzIRNt2dJrX4aO8
GARAGE COFFE LAB,,Ratna Rahim,Sangat bagus pelayanannya,5,05/25/2024 01:18:25,ChIJ-YAlrZ0BhzIRNt2dJrX4aO8
GARAGE COFFE LAB,,Selly Puspa,Makanannya enak! Terima kasih,4,04/27/2024 13:47:54,ChIJ-YAlrZ0BhzIRNt2dJrX4aO8
GARAGE COFFE LAB,,Mern,"soo recommended place to go. anyway this place one of favorite place for delicious food, comfortable, and safe. you can have some snacks or having lunch while your car being washed. standard price.",5,03/30/2024 06:31:42,ChIJ-YAlrZ0BhzIRNt2dJrX4aO8
GARAGE COFFE LAB,,Deirus Rizki Khair,Panggungnya berada di dalam ruangan,5,03/04/2024 06:48:03,ChIJ-YAlrZ0BhzIRNt2dJrX4aO8
GARAGE COFFE LAB,,basrin tunaloin,"Maaf, saya berikan rating satu agar owner menegur cara pelayanan para karyawan, satu pesanan bisa makan wkt 1.17 jam adalah hal yg disengaja, saya jg bayar seperti lainya, yg pastinya jk saya diminta bukti akan saya berikan, trm ksh🙏",1,02/15/2024 11:07:14,ChIJ-YAlrZ0BhzIRNt2dJrX4aO8
GARAGE COFFE LAB,,monalisa Tatoda,"Came here for the car wash, but the food kinda yum-yum. So many choices, the AC was so cold perfect for hot, dry and humid bitung weather. 🥵",5,02/01/2024 14:08:48,ChIJ-YAlrZ0BhzIRNt2dJrX4aO8
GARAGE COFFE LAB,,yanas prabuana,"Untuk steak wagyu, kurang begitu enak, mohon perbaiki cita rasanya, saos gak sepadan, garnish gak sesuai, tapi untuk makanan lain overall it's okay, layanan cukup, suasana cozzy feel banget buat nongkrong",4,01/05/2024 06:44:10,ChIJ-YAlrZ0BhzIRNt2dJrX4aO8
GARAGE COFFE LAB,,Susana Theys,tempat hang out di bitung yang paling cozy,5,12/04/2023 11:44:39,ChIJ-YAlrZ0BhzIRNt2dJrX4aO8
GARAGE COFFE LAB,,Alvin Oktavianus,"Ok, sambil nggu mobil dicuci, bisa duduk santai di ruangan ber AC & sambil makan minum",4,11/25/2023 09:08:08,ChIJ-YAlrZ0BhzIRNt2dJrX4aO8
GARAGE COFFE LAB,,ChefKingdom27,"Saya kesana bareng teman dari Amerika, menunya bagus",5,10/25/2023 07:14:10,ChIJ-YAlrZ0BhzIRNt2dJrX4aO8
GARAGE COFFE LAB,,Yanto Caddy,T4 favorit untuk ngopi. Es kopi brown sugar verry recommended,5,10/08/2023 14:16:18,ChIJ-YAlrZ0BhzIRNt2dJrX4aO8
Wisata Bahari Kawasan Megamas,,Jajan Nyok,"Salah satu tempat makan di kota Manado yang letaknya di pinggir laut jadi bisa menikmati view nya. Banyak varian menu mulai dari seafood, ayam, juga daging. Rasanya cukup enak. Juga ada minuman2 seperti kelapa batok, lemon tea, kopi, teh dan lain-lain. Kalo mau menikmati view bagusnya datang ke sini sore hari sampai ke malam menikmati sunset. Ada indoor maupun outdoor yaaa",4,05/26/2025 08:07:19,ChIJ_wmqbxF1hzIRbJQd11yHsVA
Wisata Bahari Kawasan Megamas,,Stanley Supit,Restaurant sea food paling lengkap di manado Berada di atas laut kawsan bahu mall pantai manado... Menu makanan lengakp utk sea food & chinese food ( halal ) Pkknya The Best lah,5,08/11/2024 02:31:44,ChIJ_wmqbxF1hzIRbJQd11yHsVA
Wisata Bahari Kawasan Megamas,,Yvets _To,Makanannya eunak .. bisa buat acara HUT atau reunian,5,08/06/2024 22:00:30,ChIJ_wmqbxF1hzIRbJQd11yHsVA
Wisata Bahari Kawasan Megamas,,Noly Legi,"Walaupun Hanya Singgah Utk Mengantar Customer (Indrive),Menurut Saya Ramai Pengunjungnya.",5,07/08/2024 16:00:31,ChIJ_wmqbxF1hzIRbJQd11yHsVA
Wisata Bahari Kawasan Megamas,,Hesni Theo,Suitable for family dine in because the portion of food is quite big. Food is nice and delicious.,5,06/01/2024 14:13:26,ChIJ_wmqbxF1hzIRbJQd11yHsVA
Wisata Bahari Kawasan Megamas,,Hart Shu,Tempat layanan antar jempu,5,03/20/2024 08:01:25,ChIJ_wmqbxF1hzIRbJQd11yHsVA
Wisata Bahari Kawasan Megamas,,Enggelin Mainti,Suasana pantai yg romantis,5,03/07/2024 01:37:26,ChIJ_wmqbxF1hzIRbJQd11yHsVA
Wisata Bahari Kawasan Megamas,,Hanna Pramandari,"Best place to eat and enjoying sunset in Manado city area, we ordered bobara grilled fish serve with sambal dabu - dabu & rica, sautéed kangkung and lime juice their best recommendation is lobster 😀, the fish price start from 60K/ounce, and the vegetable sautéed start from 30K from this location, we can enjoy the Manado sea and the horizon",5,07/30/2023 11:46:44,ChIJ_wmqbxF1hzIRbJQd11yHsVA
Wisata Bahari Kawasan Megamas,,Ferdinand Lendo,delicious food 👍,5,07/06/2023 09:06:38,ChIJ_wmqbxF1hzIRbJQd11yHsVA
Wisata Bahari Kawasan Megamas,,Estelita Mangare,"Makanannya enak-enak, pelayanan juga ramah.",5,05/27/2023 14:29:57,ChIJ_wmqbxF1hzIRbJQd11yHsVA
Wisata Bahari Kawasan Megamas,,Rudswie Yone,"Wide parking area, delicious food and friendly staff",5,05/20/2023 05:04:22,ChIJ_wmqbxF1hzIRbJQd11yHsVA
Wisata Bahari Kawasan Megamas,,Raflin Uno,Tempat yang tepat bersama keluarga dengan suasana dan pemandangan kota manado yang indah,5,04/21/2023 06:19:55,ChIJ_wmqbxF1hzIRbJQd11yHsVA
Wisata Bahari Kawasan Megamas,,Indrajid N,"Pesan goropu bakar dan udang garam. Ikannya segar, tp tidak istimewa, biasa saja.",3,03/30/2023 13:58:55,ChIJ_wmqbxF1hzIRbJQd11yHsVA
Wisata Bahari Kawasan Megamas,,Stenley,"Bagi saya pribadi,datang di wisata bahari satu moment tak terlupakan.🙏",5,02/13/2023 22:56:43,ChIJ_wmqbxF1hzIRbJQd11yHsVA
Wisata Bahari Kawasan Megamas,,kamdi akang,"Tempatmya nyaman.. Makanannya enak, Pelayanan baik",4,01/22/2023 08:02:38,ChIJ_wmqbxF1hzIRbJQd11yHsVA
Alang Alang Cafe & Resto,,Marianne R,"Kesini krna anak2 suka steak. Sayang beef steaknya kosong. Tp chicken steak jg gak mngecewakan. Anak2 suka bgt. Mereka memuji makanan yg premium. Harga sesuai dgn kualitas. Sedikit masukan utk minuman, yg kurang menurut lidah kami. Anak2 order chocolate ice blend yg mnurut kami rasa coklatnya sangat kurang,dominan rasa susu. Dan ice lemon tea jg, tea dan lemonnya gak berasa 🙏🙏",5,01/25/2026 10:46:45,ChIJo_zDMxdthzIReefrJXyDoSU
Alang Alang Cafe & Resto,,JEVI FERDINAN MONINTJA,"Lama skalii depe pesanan jadi, pesan jam 5 datang jam 6.47 . Pesanan yg di pesan juga salah. So saki maag dulu, baru mo makan",1,01/18/2026 11:18:30,ChIJo_zDMxdthzIReefrJXyDoSU
Alang Alang Cafe & Resto,,Zhenin,"suasana bagus, rasa makanan dibawah standard cuma pesan nasi goreng menunngu super lama.!",1,01/18/2026 06:18:42,ChIJo_zDMxdthzIReefrJXyDoSU
Alang Alang Cafe & Resto,,Yonanta Asa dilaga,"Itu pegawainya gada senyum2nya, kong minta tusuk gigi gak dikasi, Pandang enteng. Rokok ketinggalan bilang hilang. Kalo gak niat kerja gausa kerja.",1,01/08/2026 06:34:31,ChIJo_zDMxdthzIReefrJXyDoSU
Alang Alang Cafe & Resto,,Drew,"Lokasi strategis. Pelayanan baik. Kami datang saat ramai dan pelayannya memberitahu mengenai lama pembuatan makanan. Kami memutuskan untuk menunggu dengan estimasi yg disampaikan. Makanan datang sesuai dgn estimasi yg di sampaikan. Well done. Nasi Goreng Hot Plate: 8/10 Wagyu Steak (BBQ Sauce): 8,5/10 Mie Kuah Cakalang: 8,5/10 Sop Buntut: 9/10 Pancake Choco Ice Cream: 8.5/10 Pisang Goroho Ori: 8/10",5,12/30/2025 04:38:33,ChIJo_zDMxdthzIReefrJXyDoSU
Alang Alang Cafe & Resto,,Vinsmoke,Penyajian makanannya sangat lama & pelayannya BAD ATTITUDE.,1,12/28/2025 14:18:52,ChIJo_zDMxdthzIReefrJXyDoSU
Alang Alang Cafe & Resto,,Rafifa Bunga Jashinta,"Lamaa sekali, cuma pesen jeruk dn steak nunggu 1,5 jam",1,12/27/2025 12:10:30,ChIJo_zDMxdthzIReefrJXyDoSU
Alang Alang Cafe & Resto,,elang yudha,lama bngt dan yng mencatat orderan salah semua,1,12/27/2025 12:08:50,ChIJo_zDMxdthzIReefrJXyDoSU
Alang Alang Cafe & Resto,,Arthur Wongkar,Yg hobi beef steak nda perlu jauh2 ke Manado lagi,5,12/16/2025 08:45:03,ChIJo_zDMxdthzIReefrJXyDoSU
Alang Alang Cafe & Resto,,Bonita Sumaga,Klo sudah kelas resto harusnya ga nunggu smpe sejam lebih.,2,12/14/2025 07:09:38,ChIJo_zDMxdthzIReefrJXyDoSU
Alang Alang Cafe & Resto,,Jennifer Towert,"We were the only people there and asked if it was open. They said yes but maybe they didn't understand. We sat down and they took our order and brought drinks and then disappeared for 50 minutes. 5 staff hanging around doing nothing and we finally got our nasi goreng. Worst we've had in Indonesia and perplexed how it took so long. Bad service, bad food, bad attitude, nice setting and building.",2,11/06/2025 07:06:42,ChIJo_zDMxdthzIReefrJXyDoSU
Alang Alang Cafe & Resto,,Chita Sidharto,The food is delicious..,5,10/12/2025 22:03:26,ChIJo_zDMxdthzIReefrJXyDoSU
Alang Alang Cafe & Resto,,Immanuel Tungka,Makan siang di kota Tomohon dengan keluarga dari Tondano,4,10/08/2025 22:12:11,ChIJo_zDMxdthzIReefrJXyDoSU
Alang Alang Cafe & Resto,,Jimmy Auw,"We had tenderloin and sirloin beef steak at Alang Alang Resto in Tomohon. Perfectly cooked, juicy, and flavorful. The iced tea was refreshing, and the cozy atmosphere with beautiful views while waiting for the food (approximately 15 minutes) made the lunch experience even better. Highly recommended.",5,09/22/2025 11:31:36,ChIJo_zDMxdthzIReefrJXyDoSU
Alang Alang Cafe & Resto,,Jeffrey Claudius,"Tempatnya asri, makanannya juga nikmat Enjoy 😊✨️",5,09/09/2025 05:51:16,ChIJo_zDMxdthzIReefrJXyDoSU
Alang Alang Cafe & Resto,,Oktaviani Jonas,"pelayanan lama.. sdh sejam nunggu pdhl lg gak rame, plus hrga di buku menu sama dikasir berbeda katanya di buku menu belum update. hrsnya hal sprti ini tdk blh trjd dirmh makan.!!",1,09/06/2025 10:09:51,ChIJo_zDMxdthzIReefrJXyDoSU
Alang Alang Cafe & Resto,,Marco Untu,"many colokan listrik gk jadi, pdhl tempatnya very WFC/WFR support",4,08/30/2025 00:46:15,ChIJo_zDMxdthzIReefrJXyDoSU
Alang Alang Cafe & Resto,,François Morin,J'ai l'habitude chez moi (France) de manger de bons bbq et autres viandes et bien je peux vous dire que les ribs de boeuf sont excellentes ! Alors oui ya pas mal de gras mais si vous voulez vous régaler et que vous avez faim prennez 2 assiettes Vraiment savoureux je recommande,5,08/16/2025 12:55:57,ChIJo_zDMxdthzIReefrJXyDoSU
Alang Alang Cafe & Resto,,Surya Wicaksana (surgum),"Berangkat dari Manado yg pas lagi hangat2nya menuju panas ke Tomohon yg menyejuk kan. Lokasinya ga susah di temukan, homy udara sejuk banyak pohon. Wajib cobain sop buntut deh",5,08/02/2025 13:35:59,ChIJo_zDMxdthzIReefrJXyDoSU
Alang Alang Cafe & Resto,,Viani Mewo,"Enak sekali , apalagi sop buntutnya top😍",5,07/31/2025 09:25:55,ChIJo_zDMxdthzIReefrJXyDoSU
Alang Alang Cafe & Resto,,Filly Kalalo,"Sangat bersih, nyaman ,pelayanan sangat2 memuaskan . Makananya enak semua 😇 komplit joszzz",5,07/31/2025 09:22:16,ChIJo_zDMxdthzIReefrJXyDoSU
Alang Alang Cafe & Resto,,Mashudi Adi Nugroho,Tempat makannya cozy... cocok untuk romatic dinner,5,07/18/2025 12:48:56,ChIJo_zDMxdthzIReefrJXyDoSU
Alang Alang Cafe & Resto,,mr wayong wayong,The best western food.,5,06/13/2025 10:49:21,ChIJo_zDMxdthzIReefrJXyDoSU
Alang Alang Cafe & Resto,,elvaretta agustin,Tenderloin steaknya enak,4,05/12/2025 13:19:24,ChIJo_zDMxdthzIReefrJXyDoSU
Alang Alang Cafe & Resto,,Johan Myway,Lumayan buat bersantai... tapi koq sepi ya... mungkin karena lagi hujan..,4,03/24/2025 03:36:17,ChIJo_zDMxdthzIReefrJXyDoSU
Alang Alang Cafe & Resto,,De Xpl0r3r,"Lokasi strategis. Parkiran free. Dekat dgn objek wisata gunung Lokon dan bukit doa gunung mahawu, dan dekat vihara Ekayana. Dari pusat Kota Tomohon berjarak 7 KM. Udara adem dan sehat banyak pepohonan. Minus waktu pesan makanan, kurang lebih 40 menit baru tersedia makanan yang dipesan.",4,02/15/2025 14:09:40,ChIJo_zDMxdthzIReefrJXyDoSU
Alang Alang Cafe & Resto,,Evi Tombeng Galilea,The best 🥰🥰🥰,5,02/01/2025 16:21:25,ChIJo_zDMxdthzIReefrJXyDoSU
Dapur Desa,,Laudya Aneke,"Dapur Desa makanan yang ada di tempat ini begitu sempurnah dan sangat enak saya sangat suka dengan tempat terbaik ini saya juga sering sekali makan makanan yang ada disini bersama dengan keluarga saya, teman, anak anak, dan suami saya untuk makan bersama di sini.",5,10/25/2025 07:15:03,ChIJGdE9klABhzIRDMu9QqnUO8A
Dapur Desa,,Syalom Smeilan,"tempat makan terbaik yang pernah ada, saya sering sekali membawa anak anak dan suami saya untuk makan bersama di sini saya sangatlah senang dengan makanan yang ada di sini karena begitu enak dengan pelayanannyajuga yang begitu luar biasa. anak anak dan suami saya sangat suka dengan tempat ini.",5,10/17/2025 07:02:51,ChIJGdE9klABhzIRDMu9QqnUO8A
Dapur Desa,,Warrick Lightfellow,"One of the delicious food at Bitung, especially if you looking for the Tuna",5,08/13/2025 15:43:06,ChIJGdE9klABhzIRDMu9QqnUO8A
Dapur Desa,,Dave Angkouw,"Pelayanan Terlalu Lama,",1,03/20/2025 12:35:26,ChIJGdE9klABhzIRDMu9QqnUO8A
Dapur Desa,,River Song,"Coba rahang tuna bakarnya dan ndak nyesel. Dagingnya tebal dan dimasak ndak terlalu kering atas rekomendasi pemilik. Sambelnya untuk yg ndak bisa makan pedes, hati-hati. Rating harganya sesuai lah dengan makanannya. Pelayanan ramah. Kurangnya, sayang krn agak lama menyiapkan pesanan.",5,08/11/2024 10:17:15,ChIJGdE9klABhzIRDMu9QqnUO8A
Dapur Desa,,Adi Surya (ADIS),Rumah makan Ikan Bakar.. Lumayan lah,4,08/06/2024 03:39:12,ChIJGdE9klABhzIRDMu9QqnUO8A
Dapur Desa,,Tribrata Putra Rianto,Ikan mujair dagingnya sangat lembut dan pelayananya sangat cepat untuk harganya terjangkau murah,5,07/17/2024 01:20:40,ChIJGdE9klABhzIRDMu9QqnUO8A
Dapur Desa,,Julandy Bandu,"Seni adalah ledakan, menarik",5,07/17/2024 01:03:05,ChIJGdE9klABhzIRDMu9QqnUO8A
Dapur Desa,,Elly Samuel,Kalau ke Kota Bitung jangan sampai tidak mampir di tempat ini. Rahang tuna dan Oci bakar mantul sekali,5,05/14/2024 07:31:50,ChIJGdE9klABhzIRDMu9QqnUO8A
Dapur Desa,,Lovell Michael Tombokan,Makan ikan bakar. Ada Dada Tuna dan Rahang Tuna. Fovorit. Juga ada ikan-ikan lainnya.,1,04/03/2024 00:10:54,ChIJGdE9klABhzIRDMu9QqnUO8A
Dapur Desa,,Amelia Pardi,Enak sih cm lama banget...,5,11/10/2023 10:46:54,ChIJGdE9klABhzIRDMu9QqnUO8A
Dapur Desa,,Siswanto 86,"Makan Siang ,pengunjung masih sedikit. Semua Menunya sangat Recommended. Tuna bakarnya sangat enak.",4,04/28/2023 09:31:36,ChIJGdE9klABhzIRDMu9QqnUO8A
Dapur Desa,,Indra Kusuma,Terbaik.. Enak Jika ada yang butuh pembelian Mobil daihatsu bisa Hub 085240293735,5,02/26/2023 12:48:10,ChIJGdE9klABhzIRDMu9QqnUO8A
"Kelapa 17 Megamas - Kepala, Rusuk, Kaki Babi",,Berlin septenus Zalukhu,"Makanan enak, pelayanan cepat..",5,01/23/2026 08:28:36,ChIJ5ylDPxp1hzIRPNpK2eUXKPE
"Kelapa 17 Megamas - Kepala, Rusuk, Kaki Babi",,Harlis Harefa,"Baru pertama kesini, diajak teman,, gacor,👍👍",5,01/14/2026 15:40:42,ChIJ5ylDPxp1hzIRPNpK2eUXKPE
"Kelapa 17 Megamas - Kepala, Rusuk, Kaki Babi",,arif tel,da best 🔥🔥,5,01/14/2026 15:30:17,ChIJ5ylDPxp1hzIRPNpK2eUXKPE
"Kelapa 17 Megamas - Kepala, Rusuk, Kaki Babi",,Krisman Daniel Waruwu,"Sangat puas dengan pengalaman makan malam di sini! Menu variatif, harga juga terjangkau sesuai dengan kualitas yang diberikan. Tempatnya juga cocok untuk berkumpul dengan keluarga atau teman-teman. Ini sudah menjadi rumah makan favorit saya, setiap kali datang selalu puas makanan selalu konsisten rasanya, pelayan profesional dan ramah, serta tempatnya selalu terawat bersih. Terutama masakan khas lokalnya yang sangat autentik.",5,01/06/2026 12:36:23,ChIJ5ylDPxp1hzIRPNpK2eUXKPE
"Kelapa 17 Megamas - Kepala, Rusuk, Kaki Babi",,Finca Lestina Nazara,"Makanannya enak² semua, pelayanannya cepat, karyawan ramah²🥰😇",5,01/06/2026 12:28:42,ChIJ5ylDPxp1hzIRPNpK2eUXKPE
"Kelapa 17 Megamas - Kepala, Rusuk, Kaki Babi",,Kezia gloryadachi,"Makanannya enak', pelayannya juga ramah-ramah👌",5,01/06/2026 12:18:10,ChIJ5ylDPxp1hzIRPNpK2eUXKPE
"Kelapa 17 Megamas - Kepala, Rusuk, Kaki Babi",,Jhonly Michael Rogi,"Makan Ragey 1/2 meter sangat puas, pokoknya makanannya enak semua. Cuma kalau berbeda² dipesan, jadinya makan masing² takut dingin makanannya. Paling lama capcay jadinya tinggal bungkus.",5,01/05/2026 15:57:56,ChIJ5ylDPxp1hzIRPNpK2eUXKPE
"Kelapa 17 Megamas - Kepala, Rusuk, Kaki Babi",,Safri dawolo,"Tempat, suasana dan rasa makanannya the best 👍.",5,01/04/2026 15:20:56,ChIJ5ylDPxp1hzIRPNpK2eUXKPE
"Kelapa 17 Megamas - Kepala, Rusuk, Kaki Babi",,mayu sugimoto,看板メニューのbabi bakarとbabi gorengとKangkungを注文。gorengの提供が少し後だったのですが、bakarを出す時に「今用意している」と声かけていただけました。スタッフの動きが良くて驚き。甘い味付けのbakar美味しくいただきました。元旦に開いてるお店が少ないのでありがたかったです。,5,01/01/2026 14:09:22,ChIJ5ylDPxp1hzIRPNpK2eUXKPE
"Kelapa 17 Megamas - Kepala, Rusuk, Kaki Babi",,Yarusu Lahagu,Tempat andalan Keluarga,5,12/26/2025 10:24:16,ChIJ5ylDPxp1hzIRPNpK2eUXKPE
"Kelapa 17 Megamas - Kepala, Rusuk, Kaki Babi",,Andi kriswan Mendrofa,Lidah Tak bisa Bohong,5,12/26/2025 10:09:32,ChIJ5ylDPxp1hzIRPNpK2eUXKPE
"Kelapa 17 Megamas - Kepala, Rusuk, Kaki Babi",,Nengah Suantara,"Pelayan tidak menguasai menu makanan yg di jual, pesan makan paket tapi tidak dapat sayur, tanya di kasir saat bayar harusnya dapat, tapi pelayan saat dipanggil tidak ada rasa bersalah nama pelayan Zuvi, Pesan babi tore malah yg datang babi goreng warna coklat gelap, sangat mengecewakan",1,12/26/2025 04:54:51,ChIJ5ylDPxp1hzIRPNpK2eUXKPE
"Kelapa 17 Megamas - Kepala, Rusuk, Kaki Babi",,Zaman Zega,Keluarga babi 😅😁🤣,5,12/20/2025 16:22:26,ChIJ5ylDPxp1hzIRPNpK2eUXKPE
"Kelapa 17 Megamas - Kepala, Rusuk, Kaki Babi",,Meikarianis Zega,Kelapa 17 yg d ruko lantai 2... Rame poll 🔥🔥💯,5,12/20/2025 16:19:40,ChIJ5ylDPxp1hzIRPNpK2eUXKPE
"Kelapa 17 Megamas - Kepala, Rusuk, Kaki Babi",,glen pateh,"pesen makanan 1jam 10 menit baru sampe, tolong di perbaiki cara manage pesanan nya berurutan, jangan sampai konsumen asam lambung dulu baru makanan sampe",1,12/20/2025 09:51:32,ChIJ5ylDPxp1hzIRPNpK2eUXKPE
"Kelapa 17 Megamas - Kepala, Rusuk, Kaki Babi",,Muhammad Raihan Assagaf,butuh tambahan orang?,5,12/13/2025 12:03:53,ChIJ5ylDPxp1hzIRPNpK2eUXKPE
"Kelapa 17 Megamas - Kepala, Rusuk, Kaki Babi",,melisa gledis Watung,"Duluan pesan orang lain yg dapat, trus bilang habis. Setelah itu kariawan nyinyir. Parah ini tempat makan. 👎🏻",1,12/12/2025 12:18:31,ChIJ5ylDPxp1hzIRPNpK2eUXKPE
"Kelapa 17 Megamas - Kepala, Rusuk, Kaki Babi",,BI HANA,2인에서 돼지머리는 양이 너무 많아요. 반찬들은 전부 맛있습니다. 경험상 가볼만 할듯,4,12/08/2025 05:45:25,ChIJ5ylDPxp1hzIRPNpK2eUXKPE
"Kelapa 17 Megamas - Kepala, Rusuk, Kaki Babi",,KKH,"Yummy and well-priced, wide variety of pork dishes were served here. Chose the indoor AC spot, but it was even warmer than the outdoor bay area. The brenebon ice is a must!",5,11/14/2025 09:19:04,ChIJ5ylDPxp1hzIRPNpK2eUXKPE
"Kelapa 17 Megamas - Kepala, Rusuk, Kaki Babi",,이주희,일부메뉴는 맞지 않았지만 폭립은 대체적으로 맛있었습니다. 직원들은 친절하고 좋았지만 조금 깨끗하지 못한점이 아쉬웠습니다 다,4,11/12/2025 08:20:11,ChIJ5ylDPxp1hzIRPNpK2eUXKPE
"Kelapa 17 Megamas - Kepala, Rusuk, Kaki Babi",,Yohanes Legimin,"Ragey yg panjang sepertinya ada yg kurang, tapi apa yah..... Sulit dibilang.",5,11/10/2025 04:58:56,ChIJ5ylDPxp1hzIRPNpK2eUXKPE
"Kelapa 17 Megamas - Kepala, Rusuk, Kaki Babi",,kurlev Vy,"Lokasi pinggir pantai, bisa lihat orang mancing mania mangstab. Tempat makan bisa yang di ruko bisa juga yang di pondok diseberang jalan. Kepala babi is good digoreng original terasa daging babinya, 1 porsi bisa buat 3 org atau lebih. Sambal dabu-dabu also is good.",5,10/29/2025 10:45:33,ChIJ5ylDPxp1hzIRPNpK2eUXKPE
"Kelapa 17 Megamas - Kepala, Rusuk, Kaki Babi",,Rafael Rudolf Wenur,Pertama kali ke sini karena rekomendasi temen.. semua enak iga bakar knckle sama kepala madu. MANTAP,5,10/19/2025 13:48:33,ChIJ5ylDPxp1hzIRPNpK2eUXKPE
"Kelapa 17 Megamas - Kepala, Rusuk, Kaki Babi",,Giovanny Daely,Selalu dengan kepala babi di sini... So coba tempat lain.. Tapi Masi kelapa 17 terbaik...,5,10/19/2025 08:58:17,ChIJ5ylDPxp1hzIRPNpK2eUXKPE
"Kelapa 17 Megamas - Kepala, Rusuk, Kaki Babi",,Marvel Ndruma,Makanan cepat.. pas so lapar.. enak semua..,5,10/19/2025 08:44:43,ChIJ5ylDPxp1hzIRPNpK2eUXKPE
"Kelapa 17 Megamas - Kepala, Rusuk, Kaki Babi",,xtinct77able,마나도 여행중 난 여기가 제일 맛있었다. 돼지고기~~~,5,10/17/2025 06:08:10,ChIJ5ylDPxp1hzIRPNpK2eUXKPE
"Kelapa 17 Megamas - Kepala, Rusuk, Kaki Babi",,Roby Stevi Lumbu,Makanan enak. Tapi menu tidak semua selalu tersedia,3,10/13/2025 01:54:34,ChIJ5ylDPxp1hzIRPNpK2eUXKPE
"Kelapa 17 Megamas - Kepala, Rusuk, Kaki Babi",,Mike S,"Great pork selection! Kelapa 17 really lives up to its reputation. Everything is delicious and similar to what I’ve had in Tomohon. Almost everything from their menu is a must try. The pork knuckle is fantastic but they sold out really fast! The price is quite hefty for Manado, but it’s still very enjoyable. The staffs works fast by Manado’s standard.",5,10/09/2025 07:00:29,ChIJ5ylDPxp1hzIRPNpK2eUXKPE
"Kelapa 17 Megamas - Kepala, Rusuk, Kaki Babi",,Carina Tuwaidan,"Rasa mantap. Pelayanan maksimal. Pesanan pertama hangus, pelayan meminta maaf dan di ganti baru. Ini tempat makan ba' terbaik di manado",5,10/03/2025 19:39:41,ChIJ5ylDPxp1hzIRPNpK2eUXKPE
Taman Kelong Cafe dan Resto,,EKO PRIHARTONO,"Tempat rekreasi keluar di area manado, resto juga ada, tempatnya asri, luas, ada mushola",5,01/27/2026 06:59:16,ChIJWUBg-YlthzIRAzQCK6RuK94
Taman Kelong Cafe dan Resto,,sissyanti Kaluwulang,"Kalo nyari tempat makan; Bfast, brunch, lunch, dinner kesini aja !! Salah satu resto estetik di Tomohon ! Bisa foto foto cantikk 🧚🏼‍♀️📸 ---- Ada biaya masuknya per otang. ---- Tapi base on Experience beberapa kali kesini : pesanannya makanan dan minumannya LAMA banget datang kemejaa🙈🥺 ---- Jadi kalo mau kesini harus sebelum lapar. Biar pas udah lapar makanannya udah adaa 😫🤯",4,01/27/2026 06:27:30,ChIJWUBg-YlthzIRAzQCK6RuK94
Taman Kelong Cafe dan Resto,,Firdaus,"Makanan sebenarnya enak, cuma pas saya datang dengan istri di hari minggu siang, makanan dihidangkan terlalu lama. Hampir 1,5 jam menunggu. Manajemen waktu di dapur perlu diperbaiki lagi.",3,01/26/2026 04:35:52,ChIJWUBg-YlthzIRAzQCK6RuK94
Taman Kelong Cafe dan Resto,,ficellia maria,"tempat nya bagus, makanan nya oke tapi pelayan nya aneh , awalnya foto pakai kamera ditegur trus saya lanjut foto pakai hp malah dilihatin terus sama orang kasir bikin nggak nyaman, aneh banget kayak baru liat manusia aja",2,01/21/2026 06:40:37,ChIJWUBg-YlthzIRAzQCK6RuK94
Taman Kelong Cafe dan Resto,,Kadek Anggi Krisnawan,"I drove around 50 minutes from Manado Town Square and arrived at a restaurant surrounded by so much greenery. Hills, a lake, and even mountain views, the scenery is absolutely beautiful. Taman Kelong has instantly become my favorite spot in Tomohon. I did not try the food since I came right after lunch, but the vibe alone is already amazing. The atmosphere is very cool, calm, and refreshing, perfect for relaxing and enjoying nature. The entrance ticket is 25k, and it can be exchanged for food or drinks at the cafe, which is a nice deal. The area is huge! Plenty of space to walk around and enjoy the view. Definitely worth the visit.",5,01/17/2026 04:43:34,ChIJWUBg-YlthzIRAzQCK6RuK94
Taman Kelong Cafe dan Resto,,Spydi,"A natural tourist attraction surrounded by flower gardens and lakes, with an entrance fee of Rp. 25,000 per person, which can be exchanged for a 330ml bottle of mineral water and a bangket cake. There is also a restaurant here that offers a variety of food and drinks. The last time I visited, I ordered black pepper beef and carbonara spaghetti, but for some reason, the dishes tasted overly salty. However, the scenery here is absolutely stunning, making it perfect for visits with friends, family, or a partner.",5,01/16/2026 05:39:53,ChIJWUBg-YlthzIRAzQCK6RuK94
Taman Kelong Cafe dan Resto,,Rian Manus,Tempat yang nyaman untuk liburan dan banyak spot foto,5,01/15/2026 03:00:04,ChIJWUBg-YlthzIRAzQCK6RuK94
Taman Kelong Cafe dan Resto,,Princessa Tundo,"Tempatnya sangat bagus,makananya sangatlah enak, tersedia berbagai banyak makanan,memiliki banyak tempat untuk berfoto dan pelayananya sangat ramah",5,01/13/2026 03:16:44,ChIJWUBg-YlthzIRAzQCK6RuK94
Taman Kelong Cafe dan Resto,,Agata Tundo,"Tepatnya sangat bangus ,indah,sejuk, dan nyaman. Pelayanannya ramah dan sopan. Makanannya enak dan tempatnya bersih. Juga memiliki banyak spot foto yang bagus.",5,01/13/2026 02:58:22,ChIJWUBg-YlthzIRAzQCK6RuK94
Taman Kelong Cafe dan Resto,,Lestary Tindas,"Tempatt ini sangatt indahhh dan nyamannn juga sejukkkk, makanannya sangatt enakkk, cepat sampaiii dan layanan juga sangat baikkk.",5,01/13/2026 02:06:02,ChIJWUBg-YlthzIRAzQCK6RuK94
Taman Kelong Cafe dan Resto,,Mii Mine,"Tempatnya bagus, suasana alam yang natural. Biaya masuk Rp. 25rb px bisa ditukar ke air mineral atau kue tradisional. Tapi ketika ingin menukarkan tix seperti dipersulit kami sudah sampai di kasir yang di atas tidak diperkenankan menukar tix harus ditukar dibawah, katanya kalau mau tukar tix disitu harus dikonsumsi disitu padahal hal anehnya kami hanya ingin menukarkan ke air mineral saja tapi tetap diperkenakan kalau mau tukar tix jadi air mineral harus diminum disitu. *notes there is pig barn nearby",1,01/10/2026 08:50:43,ChIJWUBg-YlthzIRAzQCK6RuK94
Taman Kelong Cafe dan Resto,,Gagah Triambodo,Tempat yang nyaman dan santai,5,01/10/2026 00:43:38,ChIJWUBg-YlthzIRAzQCK6RuK94
Taman Kelong Cafe dan Resto,,borneo Div5,Nda rekomendasi pelayananya lama,1,01/09/2026 04:02:08,ChIJWUBg-YlthzIRAzQCK6RuK94
Taman Kelong Cafe dan Resto,,Salakory Christin,Tolong diupdate jam bukanya ya… kalau belum ready terima orderan makanan di jam 10. Kami nunggu 2 jam loh untuk bisa order makanan. Perbaiki komunikasi antar petugas. Yang satu bilang jam 11 udah bisa order. Yang satu bilangnya setengah jam lagi.,2,01/06/2026 04:26:45,ChIJWUBg-YlthzIRAzQCK6RuK94
Taman Kelong Cafe dan Resto,,Thekensh guy,Tempatnya dan makanannya bagus tapi kenapa pesanannya lama banget??? Sudah hampir 1 jam saya menunggu tapi tidak datang.,2,01/04/2026 11:43:12,ChIJWUBg-YlthzIRAzQCK6RuK94
Taman Kelong Cafe dan Resto,,Quincey xilia,ba tunggu makanan sama dengan ba antri sembako..lma sx,2,01/04/2026 05:25:03,ChIJWUBg-YlthzIRAzQCK6RuK94
Taman Kelong Cafe dan Resto,,Quensa Lumintang,"Pelayanan nya kurang dan menunggu makanan nya sampe 1 jam lebih pdhl hanya nasi goreng,sudah pesan lebih dulu tapi orang lain yg lebih dahulu kan",1,01/03/2026 10:44:48,ChIJWUBg-YlthzIRAzQCK6RuK94
Taman Kelong Cafe dan Resto,,Didit Pratiwi,𝐒𝐮𝐚𝐬𝐚𝐧𝐚 𝐩𝐞𝐠𝐮𝐧𝐮𝐧𝐠𝐚𝐧 𝐝𝐠𝐧 𝐯𝐢𝐞𝐰 𝐤𝐨𝐥𝐚𝐦 𝐢𝐤𝐚𝐧 𝐦𝐮𝐣𝐚𝐢𝐫 𝐝𝐚𝐧 𝐢𝐤𝐚𝐧 𝐦𝐚𝐬 𝐤𝐨𝐤𝐢 𝐛𝐞𝐫𝐰𝐚𝐫𝐧𝐚 𝐰𝐚𝐫𝐧𝐢,5,01/03/2026 08:18:27,ChIJWUBg-YlthzIRAzQCK6RuK94
Taman Kelong Cafe dan Resto,,Hans Bachtiar,"Suasana, view, nyaris bintang 5. Sayang, alam yg sejuk terkontaminasi dengan bau (peternakan?) yg menyengat.",4,01/03/2026 08:12:28,ChIJWUBg-YlthzIRAzQCK6RuK94
Taman Kelong Cafe dan Resto,,Debby Sondakh,"Suasana, pemandangan, udara wow the best. Makanan ok, kebersihan juga ok.",5,12/27/2025 00:08:57,ChIJWUBg-YlthzIRAzQCK6RuK94
Taman Kelong Cafe dan Resto,,Caemae tida,Tempat oke bgs buat santai2 foto foto tapi makanannya lama banget nyampe masalahnya 2 meja yang nyampe belajangan makananya masa duluan sampai makanannya kita udah mau sejam udah bilang sampe 2x ke pelayannya tapi tetep msdh belum keluar juga parah orang jadi bad mood dari jam 3 an order skrng udah jam 16.41 sore blm nyampe juga 2 jam sdh menunggunya haduhh,3,12/26/2025 08:42:15,ChIJWUBg-YlthzIRAzQCK6RuK94
Taman Kelong Cafe dan Resto,,Bayu Sindrianata,"Makanannya enak, viewnya bagus walaupun kurang tinggi, tp ada tanaman2 n danau buatan yg bikin keliatan adem.",5,11/29/2025 08:54:47,ChIJWUBg-YlthzIRAzQCK6RuK94
Taman Kelong Cafe dan Resto,,Ranggi Achdiat,"Good place , a landscape is so amazing, various type of plantation. For the food ayam kungpow and cakalang rica is a good choice",5,11/27/2025 12:05:13,ChIJWUBg-YlthzIRAzQCK6RuK94
Taman Kelong Cafe dan Resto,,Melody Mamonto,Tempat mantap Kurangnya di kopi sih 25ribu dpa kopi bgtu. 😔 suasana deng pemandangan yg bagus sx lansung dpa rasa ta iko deng kopi p rasa 🥺 Selebihnya untuk pemandangan dll mantap,5,11/25/2025 22:53:33,ChIJWUBg-YlthzIRAzQCK6RuK94
Taman Kelong Cafe dan Resto,,elly sugiarta,"Tempat sejuk, makanan lezat dan lengkap",5,11/24/2025 12:14:41,ChIJWUBg-YlthzIRAzQCK6RuK94
Taman Kelong Cafe dan Resto,,Bayu Wibisana,"Makanan enak, minuman juga enak, tempatnya nyaman",5,11/18/2025 16:00:18,ChIJWUBg-YlthzIRAzQCK6RuK94
Taman Kelong Cafe dan Resto,,Christa Widjaja,"Nice food, worth to try!",5,11/17/2025 13:44:14,ChIJWUBg-YlthzIRAzQCK6RuK94
Taman Kelong Cafe dan Resto,,KKH,"Came here due to a friend’s recommendation. Not a perfect weather, but still a good plac to stop by when around. We didn’t order the food as we were full when we arrived. From the look, they looked good and well-presented.",5,11/16/2025 04:31:58,ChIJWUBg-YlthzIRAzQCK6RuK94
Taman Kelong Cafe dan Resto,,Jonathan Karwur,"Pelayanan yg sopan dan ramahh,makan cepat saji,mantull banget,spv cantik",5,11/15/2025 11:21:27,ChIJWUBg-YlthzIRAzQCK6RuK94
Pizza Hut Restoran,,RATNA PALLE,Pelayanan sangat memuaskan,5,01/14/2026 11:09:25,ChIJY3jxz28BhzIRvznpDxq_ZKY
Pizza Hut Restoran,,Gabriella Ezra Putri Prasetyo,sangat baik pelayanannya saya suka,5,01/13/2026 10:33:15,ChIJY3jxz28BhzIRvznpDxq_ZKY
Pizza Hut Restoran,,Chika Najoan,Pizza Hut Bitung ok banget pelayanannya,5,01/11/2026 11:36:40,ChIJY3jxz28BhzIRvznpDxq_ZKY
Pizza Hut Restoran,,Olivia renti,"cocok untuk kumpul keluargaaa,mantapp pizza masi dingin ..",5,01/11/2026 11:31:13,ChIJY3jxz28BhzIRvznpDxq_ZKY
Pizza Hut Restoran,,Gian Me,Mantap terimakasih banyak kak,5,01/11/2026 09:56:45,ChIJY3jxz28BhzIRvznpDxq_ZKY
Pizza Hut Restoran,,Maya Tevillahginsu,"Staffnya saangat ramah, tempatnya bersih, dan cepat pelayanan nya",5,01/11/2026 09:54:40,ChIJY3jxz28BhzIRvznpDxq_ZKY
Pizza Hut Restoran,,Fatir Djafar,Tempat bersih pelayanan ramai polll makanannya enaak,5,01/10/2026 07:16:23,ChIJY3jxz28BhzIRvznpDxq_ZKY
Pizza Hut Restoran,,Keepflyy,sangatt puas karna pelayanannya yang ramah dan pesanan saya cepat siapnya.. saya akan sering datang kesini daripada dominos,5,01/08/2026 11:27:00,ChIJY3jxz28BhzIRvznpDxq_ZKY
Pizza Hut Restoran,,Steven Husain,"Mantappp saya driver gojekk sllu ambilorderan di pizza HUT bitungg selalu cepattttt,dan karyawannya gercepp .. mantap",5,01/08/2026 11:14:36,ChIJY3jxz28BhzIRvznpDxq_ZKY
Pizza Hut Restoran,,Dniell,mantappp piza hut bitunggg,5,01/08/2026 09:19:18,ChIJY3jxz28BhzIRvznpDxq_ZKY
Pizza Hut Restoran,,Josef Wattimury,"Semuanya baik, hanya saja sewaktu² tidak tersedia minuman hangat !",3,12/28/2025 00:43:54,ChIJY3jxz28BhzIRvznpDxq_ZKY
Pizza Hut Restoran,,FrisquellaRegina Sanjaya,"kalo sudah bingung mau cari cemilan yg disukai anggota keluarga, maka pilihannya jatuh ke pizza. gampang, semua suka dan cocok.",4,12/27/2025 14:37:19,ChIJY3jxz28BhzIRvznpDxq_ZKY
Pizza Hut Restoran,,Reza Mokodompit,Pelayanan yang ramah,5,12/22/2025 10:09:11,ChIJY3jxz28BhzIRvznpDxq_ZKY
Pizza Hut Restoran,,Febrian Yehezkiel Daniel,BAIK DAN TIDAK MENGECEWAKAN,5,11/18/2025 10:28:43,ChIJY3jxz28BhzIRvznpDxq_ZKY
Pizza Hut Restoran,,Mark Lanongbuka,Kasirnya sangat cantik,5,11/18/2025 08:38:39,ChIJY3jxz28BhzIRvznpDxq_ZKY
Pizza Hut Restoran,,Abdurr Suma,"Tempatnya nyaman, ada smoking area jadi enak buat para perokok, makanannya enak apalagi untuk pizza durian nya",5,11/18/2025 08:32:11,ChIJY3jxz28BhzIRvznpDxq_ZKY
Pizza Hut Restoran,,SUNNY HEO,반반피자는 정해진 구성으로만 가능하고 과일샐러드는 후르츠칵테일 느낌이라 비추 피자는 담백하고 맛있었다 다만 홀매니져 혼자 홀서빙을 담당해서 피자가 나온후 한참뒤에 서빙이 되어 도우가 식은채 받았다.,4,10/01/2025 05:30:16,ChIJY3jxz28BhzIRvznpDxq_ZKY
Pizza Hut Restoran,,Jennifer Aprily,Cocok for makan bareng keluarga karna kalau sendiri nda mampu bakal take away dibesokin masih enakkk 😂,5,06/07/2025 19:23:44,ChIJY3jxz28BhzIRvznpDxq_ZKY
Pizza Hut Restoran,,Dzikrul Fikri,Idola skli ni pizza no. Ramah dan ceria ahhhhhhai,5,04/21/2025 11:18:42,ChIJY3jxz28BhzIRvznpDxq_ZKY
Pizza Hut Restoran,,Gwain's World,menu tidak lengkap,4,04/17/2025 10:18:45,ChIJY3jxz28BhzIRvznpDxq_ZKY
Pizza Hut Restoran,,Philippe Solages,"A default d'une autre pizzeria sur la ville nous sommes venu ici. Mon dieu, est ce que cette chaine sais au moins à quoi ressemble une vrai pizza ? Vraiment nul et en plus c'est cher. Dernier fois chez cet américain promis et vice le Mexique et le canada",1,04/04/2025 05:19:12,ChIJY3jxz28BhzIRvznpDxq_ZKY
Coto Makassar Phoenix Manado,,Gladies Theresia,"Cotonya enak,kurangnya hnya menunya tidak ada harganya,ada baiknya di taruh harga makanan dan minumanya 😊",5,10/20/2025 12:15:33,ChIJDQk1EBl1hzIRY4GNJdUVUfo
Coto Makassar Phoenix Manado,,Yohanis Larungkondo,suasana yg nyaman,5,09/24/2025 17:12:40,ChIJDQk1EBl1hzIRY4GNJdUVUfo
Coto Makassar Phoenix Manado,,Grip Grip,Pesan go food coto tidak di kasih tauco.. sangat mengecewakan,1,07/13/2025 05:22:12,ChIJDQk1EBl1hzIRY4GNJdUVUfo
Coto Makassar Phoenix Manado,,heidy Sisilia,Nasi goreng asin sx Pas kompalin ke pelayan.. Jawabannya ' bukang kita yang masak' Pelayanan kurang baik',1,07/11/2025 05:25:39,ChIJDQk1EBl1hzIRY4GNJdUVUfo
Coto Makassar Phoenix Manado,,Regina Beret,"Pesan ayam lalapan minta yg paha, yg dtg dada. Pelayan so respon mar nd di tulis, dpe pelayan pake headset. Pas komplain nda sesuai pesanan, dpe pelayan sempat bawa makanan ke blakang kong bcrita dg kasir nd lama bale bawa makanan yg sama cuma dpa blg paha abis yg ini jo ? Tnpa konfirmasi lebe dulu sblm bkg pesanan. TERPAKSA MAKAN KARNA SO KELAPARAN. Kase masukan di kasir ""lain kali klo nda ada konfirmasi dulu, trus pesanan org kalo boleh ditulis"" dpe kasir org papua cuma tatawa akang, pandang enteng. LALAPAN NDA ENAK, NASI KERING, KERAS. AYAM KERING, ASIN. COTO MAKKASAR 6/10 LAH HARGA MAHAL KONG NDA ENAK. SEKALI LAGI TERPAKSA MAKAN KRNA SO NAE ASAM LAMBUNG. TERIMAKASIH",1,06/23/2025 14:13:35,ChIJDQk1EBl1hzIRY4GNJdUVUfo
Coto Makassar Phoenix Manado,,Nur Deifi Datuela,"Harga mahal, rasa biasa saja. Payah banget nyesel makan disni 🥲 JANGAN DATANG LAGI",1,05/14/2025 14:13:44,ChIJDQk1EBl1hzIRY4GNJdUVUfo
Coto Makassar Phoenix Manado,,Marchelline Fratama,"Mahal tp porsi seeutik kalo orang sunda bilang, krn pernah nemu coto makassar yg daging nya besar2 tp cuma 25rb seporsi tp sayang pindah lokasi.",4,04/10/2025 05:00:22,ChIJDQk1EBl1hzIRY4GNJdUVUfo
Coto Makassar Phoenix Manado,,Yulia Widyasari,"Quite tasty, boleh untuk dicoba Meat was so small like for kids bites No AC inside, free smoking",5,12/22/2024 07:48:37,ChIJDQk1EBl1hzIRY4GNJdUVUfo
Coto Makassar Phoenix Manado,,Aldin Aldin,Lebih cocok dibilang sup dibanding Coto.,1,11/28/2024 04:43:36,ChIJDQk1EBl1hzIRY4GNJdUVUfo
Coto Makassar Phoenix Manado,,Val Cute,Coto legend in Manado,5,11/22/2024 10:00:33,ChIJDQk1EBl1hzIRY4GNJdUVUfo
Coto Makassar Phoenix Manado,,Cody Windy,"Buat 1 bintang, toko tidak wujud lagi d ditu... Kosong,tutup",1,11/05/2024 11:42:56,ChIJDQk1EBl1hzIRY4GNJdUVUfo
Coto Makassar Phoenix Manado,,Joel Anderson,"This place has the best Coto in manado, the service is prompt and the food delicious. Well done to Pak Robby and his staff!",5,10/23/2024 14:48:43,ChIJDQk1EBl1hzIRY4GNJdUVUfo
Coto Makassar Phoenix Manado,,J.R Jeffry BOELOERAN,Not like 20 years ago menu...,4,09/06/2024 01:49:25,ChIJDQk1EBl1hzIRY4GNJdUVUfo
Coto Makassar Phoenix Manado,,Caroline Beasley,"Makanan enak, pelayanannya cepat, suasana estetic",5,08/30/2024 06:04:53,ChIJDQk1EBl1hzIRY4GNJdUVUfo
Coto Makassar Phoenix Manado,,Petter Hentongseke,"Coto biasa berkedok makasar, kebanyakan vetsin. Kayak beda dengan coto makasar yang lain beda jauh lagi",1,05/06/2024 09:44:32,ChIJDQk1EBl1hzIRY4GNJdUVUfo
Coto Makassar Phoenix Manado,,Indra Kountur,"Tempatnya sudah lebih bersih dan nyaman, pelayanan juga tetap ramah",5,01/11/2024 04:24:31,ChIJDQk1EBl1hzIRY4GNJdUVUfo
Coto Makassar Phoenix Manado,,Sergeyenev Manfred,Menyajikan hidangan soto yang rasanya terus dipertahankan selama bertahun-tahun.,5,10/03/2023 04:20:20,ChIJDQk1EBl1hzIRY4GNJdUVUfo
Coto Makassar Phoenix Manado,,Donald Parengkuan,Tempat makan coto favorit sebelum Pandemi dan baru kali ini balik makan disini dan ternyata tempatnya sudah lebih modern dari sebelumnya. Untuk rasa sepertinya kuah agak encer dan gak seperti dulu tapi untungnya bisa request tambah condiment seperti seledry dan bawang goreng jadi bisa racik kuahnya. Untuk harga lumayan tapi kalo bandingkan beli coto lain yang di foodcourt akhirnya sama saja tapi lebih fresh. Overall masih tetap suka dengan rasanya walau agak sedikit beda dari sebelumnya.,5,09/25/2023 15:34:05,ChIJDQk1EBl1hzIRY4GNJdUVUfo
Coto Makassar Phoenix Manado,,Kerstan Djaja,"bagi yang kangen dengan rasa coto makassar yang khas, disini tempatnya. terletak di pinggir jalan sam ratulangi. rasa coto makassar nya 9/10 daging nya banyak dan kuah nya sangat enak. tidak hanya coto makassar, tersedia juga pilihan makanan lain disini. sangat recommended 👍",5,07/02/2023 09:16:05,ChIJDQk1EBl1hzIRY4GNJdUVUfo
Coto Makassar Phoenix Manado,,Hertje Supit,"Cotto andalan kalau datang kemanado,kalau mau pulang Kawangkoan singgah dulu Layanan biasa saja. Suasana mantap tidak terang benderang. Pokoknya Mantap....",5,06/20/2023 11:06:14,ChIJDQk1EBl1hzIRY4GNJdUVUfo
Coto Makassar Phoenix Manado,,Farno F Abdul,Ciri khas Makassar,5,03/01/2023 12:34:20,ChIJDQk1EBl1hzIRY4GNJdUVUfo
Coto Makassar Phoenix Manado,,DON JUSTIN PITOY,From 2004 to 2023 taste still the same..😅,5,02/16/2023 01:57:42,ChIJDQk1EBl1hzIRY4GNJdUVUfo
Coto Makassar Phoenix Manado,,Steviana Kulas,Jangan lupa kunjungi juga toko Informa electronic megamall dapatkan promo2menarik lainnya guys 😍😍😍😍,5,01/28/2023 07:06:28,ChIJDQk1EBl1hzIRY4GNJdUVUfo
Coto Makassar Phoenix Manado,,Febry Fidelia,I loveeeee ittt!! The cotto was very good and authentic. They'll serve you a cotto with ketupat (steamed rice that wrapped in a coconut leaves). The ketupat will serve separately and you can choose how much ketupat do yo want. The beverages here is just so-so. But the cotto is very tasty. The waitress wasn't really friendly when I went there so it's 3 stars for the service. Card payment accepted.,5,01/20/2023 12:46:23,ChIJDQk1EBl1hzIRY4GNJdUVUfo
Tomohon Grill,,Adnariko,"Nice place, good meat, good song, grilling while enjoying the music.",5,12/17/2025 12:19:31,ChIJxwJDjQ5thzIRinWjKfRRCXs
Tomohon Grill,,Leontine Lobud,"Pelayanannya baik, makannya enak",5,11/08/2025 10:27:23,ChIJxwJDjQ5thzIRinWjKfRRCXs
Tomohon Grill,,Yovanka N Manuhutu,Tomohon Grill Keren,5,11/08/2025 10:25:28,ChIJxwJDjQ5thzIRinWjKfRRCXs
Tomohon Grill,,Vella Founder,"Harga dengan makanan tidak worth it, bahan makanan seperti sudah rusak pada saat di sajikan, utk kelas bbq tidak ada lettuce & kimchi, pelayanan dari pihak resto katanya resto katanya harus review bgs bru bonus ice cream🫣😩",1,11/02/2025 04:41:56,ChIJxwJDjQ5thzIRinWjKfRRCXs
Tomohon Grill,,Clarence Rori,pelayanan sangat memuaskan sangat ramah’,5,10/27/2025 10:39:56,ChIJxwJDjQ5thzIRinWjKfRRCXs
Tomohon Grill,,YT XLuB,enakk dan puas,5,10/25/2025 08:49:11,ChIJxwJDjQ5thzIRinWjKfRRCXs
Tomohon Grill,,Grace Ruth Alow,"Pelayanan baik, Tempat Nyaman Makanan enak",5,10/24/2025 13:14:34,ChIJxwJDjQ5thzIRinWjKfRRCXs
Tomohon Grill,,Juliana Sumanti,Great food. would love to come here again,5,10/22/2025 09:41:47,ChIJxwJDjQ5thzIRinWjKfRRCXs
Tomohon Grill,,Anugerah Christian Rompis,Tempatnya bagus. Makanannya memuaskan. Pelayanan OK.,5,10/22/2025 09:37:07,ChIJxwJDjQ5thzIRinWjKfRRCXs
Tomohon Grill,,Jessika Kaidun,Best restaurant grill in Tomohon north Sulawesi 🥂🔥,5,09/29/2025 11:38:29,ChIJxwJDjQ5thzIRinWjKfRRCXs
Tomohon Grill,,Calvin Wongso,Tempatnya cozy dan makanannya enak,5,09/01/2025 12:32:07,ChIJxwJDjQ5thzIRinWjKfRRCXs
Tomohon Grill,,Brandon Saviola,tempatnya nyaman dan enak,5,09/01/2025 12:27:40,ChIJxwJDjQ5thzIRinWjKfRRCXs
Tomohon Grill,,Megi Tindangen,prosedur ngacooo. mau makan biarr happy malah badmood. so sadddd😡,1,08/17/2025 12:26:11,ChIJxwJDjQ5thzIRinWjKfRRCXs
Tomohon Grill,,Kimon 2005,Alles bestens trotz des leeren Restaurants. Kein Grund zur Abschreckung😂👍🔝,5,08/01/2025 13:48:54,ChIJxwJDjQ5thzIRinWjKfRRCXs
Tomohon Grill,,Maria Maria,"Aku suka banget kesini loh cantik banget estetik dan instagramable 😍 kadang kesini sama keluarga kadang bareng temen kantor, kadang bareng temen maen. Kalo kamu mau booking untuk acara khusus kamu bisa juga loh, mungkin acara wisudaan, lamaran, ultah, wedding, meeting kantor, tinggal hubungi aja itu nomer adminnya 🥳Pudingnya wuiihh nagih gaess, salad buah aduh seger banget apalagi cuaca panas gini ya 😁 side dish nya enak-enak ada beef, ayam, mie, lengkap deh, trus kalo kamu ambil paket ya, dagingnya alamaaakk banyaaak banget ga pelit deh puas makan sampai kenyang bangeeet 😆 Suasana cozy (nyaman) banget ya,dan private, cocok untuk acara ultah, wedding ataupun meeting kantor, bisa banget ya, dekorasinya cantik kekinian, bagus untuk spot foto karena menampilkan konsep modern dan traditional bersamaan, untuk yang mau acara wedding yang simple juga bisa loh, untuk jumlah 50 orang atau mau bikin acara lamaran romantis ala-ala barat seperti film TITANIC aduh cocok banget tau 😍 makanannya enak, bersih, pemandangan bagus, cuma 120 ribu per orang, kamu bisa grill beef, pork, chicken sepuasnya, seladanya seger2 gaess 🤤🤤 murah bangeeett 🤩 ayolah buruan kesini aku udah berkali-kali kesini mulai dari ultah, meeting kantor dan meet up bareng temen2 aku,.parkirnya luas, ruang makannya lega, makanannya top 👍🏻😎",5,07/31/2025 00:22:37,ChIJxwJDjQ5thzIRinWjKfRRCXs
Tomohon Grill,,Felicia Bella Kurniawan,"I don't usually make bad reviews, but this is very very bad. Just, don't come here.",1,07/20/2025 09:38:34,ChIJxwJDjQ5thzIRinWjKfRRCXs
Tomohon Grill,,Calvin Arthur,"Tempatnya nyama , daging"" fresh, semua bumbu (Saos) ENAK !! Recommended !!",5,06/26/2025 06:15:57,ChIJxwJDjQ5thzIRinWjKfRRCXs
Tomohon Grill,,R Alfin Zaneta Sumpena,"Tempatnya bersih, bebas refill , pelayanan ramah",5,06/21/2025 08:39:52,ChIJxwJDjQ5thzIRinWjKfRRCXs
Tomohon Grill,,Agung saputra sarniawan Hambali,bersih dan bagus,5,06/21/2025 08:36:49,ChIJxwJDjQ5thzIRinWjKfRRCXs
Tomohon Grill,,Roni Lie,"Tempat nyaman untuk kumpul keluarga, makanan cocok di kita orang jakarta (ada B2),..",5,06/12/2025 12:30:09,ChIJxwJDjQ5thzIRinWjKfRRCXs
The Gade Coffee & Gold Bitung,,Zulkifli Tarimakase,"Keren tempatnya,,, cocok bagi orang2 mau santai sambil menunggu teman",5,01/03/2026 06:24:13,ChIJaZQQZqIBhzIRhtl6NtMyBYo
The Gade Coffee & Gold Bitung,,ATG Paradise,"Selama di bitung .Langganan tiap malam ngopi v60 di sini Cuma varian bean nya kurang ,cuma sedikit selebihnya ok tempat nyaman",5,12/25/2025 13:52:33,ChIJaZQQZqIBhzIRhtl6NtMyBYo
The Gade Coffee & Gold Bitung,,kevin learmonth,Nice cafe In Bitung. Parking outside cafe. Ordered Flat White double shot and Chicken teriyaki rice bowl. Meal was ok. Barista made good job of making FW coffee. Asked it to be hot and he was almost there. Coffee tasted ok. Well set out cafe.,4,07/09/2025 01:30:01,ChIJaZQQZqIBhzIRhtl6NtMyBYo
The Gade Coffee & Gold Bitung,,Rivaldi Mulia Rachman,Base kopinya enak,5,02/24/2025 16:42:58,ChIJaZQQZqIBhzIRhtl6NtMyBYo
The Gade Coffee & Gold Bitung,,mac mcque,Great coffee fried banana and very hot sauce,5,01/09/2025 02:47:12,ChIJaZQQZqIBhzIRhtl6NtMyBYo
The Gade Coffee & Gold Bitung,,Elliot Morgan,"Paul and Yesi were super welcoming and kind, great coffee and tried local snack :) good wifi too !",5,12/09/2024 03:01:46,ChIJaZQQZqIBhzIRhtl6NtMyBYo
The Gade Coffee & Gold Bitung,,Sisil Rompa,"Makanan dan minum enak, , recommended 👍 pelayanannya juga sangat baik. tempatnya nyaman dan estetik. 😍",5,11/27/2024 06:04:25,ChIJaZQQZqIBhzIRhtl6NtMyBYo
The Gade Coffee & Gold Bitung,,Rafael Pinasang,"Sangat baik,dan makanannya enak,dan pelayanannya ramah",5,11/27/2024 04:56:13,ChIJaZQQZqIBhzIRhtl6NtMyBYo
The Gade Coffee & Gold Bitung,,Fanly Makagiansar,Tempatnya bagus untuk nogkrong 👍 Dan minumannya enak 🤗😍,5,11/26/2024 04:11:49,ChIJaZQQZqIBhzIRhtl6NtMyBYo
The Gade Coffee & Gold Bitung,,Lusi Maria,"Pelayanan bagus, makanan enakkkk",5,11/25/2024 04:18:20,ChIJaZQQZqIBhzIRhtl6NtMyBYo
The Gade Coffee & Gold Bitung,,Ever Kaunang,rekommm matchaanyee wenakk😍,5,11/23/2024 14:44:11,ChIJaZQQZqIBhzIRhtl6NtMyBYo
The Gade Coffee & Gold Bitung,,diana lidia,Aku suka banget kopi dan pisangnya enakkk,5,11/23/2024 07:03:36,ChIJaZQQZqIBhzIRhtl6NtMyBYo
The Gade Coffee & Gold Bitung,,Fajri Maulana Anugrah,"I tried the salted coffee here and it was really nice. Also, the place is so quite so you can use this place to read a book or etc. I definitely come back again to visit this place.",5,11/23/2024 03:42:30,ChIJaZQQZqIBhzIRhtl6NtMyBYo
The Gade Coffee & Gold Bitung,,CCTV Manado,Thax kopinya enak. Oke,5,11/22/2024 04:51:13,ChIJaZQQZqIBhzIRhtl6NtMyBYo
The Gade Coffee & Gold Bitung,,F LIANDRI,My “go to place” for any events. Most of all i love the coffee : “Van Leening Moca” extra shot 🥰🥰🥰,5,11/19/2024 04:28:30,ChIJaZQQZqIBhzIRhtl6NtMyBYo
The Gade Coffee & Gold Bitung,,Adie Siby,Tempatnya nyaman 👍,5,11/18/2024 14:42:27,ChIJaZQQZqIBhzIRhtl6NtMyBYo
The Gade Coffee & Gold Bitung,,Hasni Yunus,"Minuman nya enak dan fresh, penyajiannya cepat, kasir ramah",5,11/15/2024 05:06:39,ChIJaZQQZqIBhzIRhtl6NtMyBYo
The Gade Coffee & Gold Bitung,,Airmadidi Stockpoint,Love It 💜,5,11/15/2024 02:07:01,ChIJaZQQZqIBhzIRhtl6NtMyBYo
The Gade Coffee & Gold Bitung,,Eric,Servis yang bagus dan suasana nyaman. Makanan juga enak dan terjangkau,5,11/14/2024 10:19:57,ChIJaZQQZqIBhzIRhtl6NtMyBYo
The Gade Coffee & Gold Bitung,,ireyne Polii,favoritooo matchaaaaaa enakk poullll❤️‍🔥,5,11/11/2024 14:50:52,ChIJaZQQZqIBhzIRhtl6NtMyBYo
The Gade Coffee & Gold Bitung,,Luciana Leonard,Rice Bowl nya enak,5,11/11/2024 12:06:16,ChIJaZQQZqIBhzIRhtl6NtMyBYo
The Gade Coffee & Gold Bitung,,Cl,Great coffee.. smell the aroma Friendly staff and will recommend good stuff. Nice chill atmosphere Wanna come again next time,5,11/07/2024 03:10:40,ChIJaZQQZqIBhzIRhtl6NtMyBYo
RM Sahabat Nelayan - Ikan Bakar,,Yanni Rahayu,RM Sahabat Nelayan di Manado adalah salah satu tempat makan favorit yang menyajikan hidangan ikan bakar dan seafood lainnya.,5,09/30/2025 08:24:10,ChIJyRmZwuafhzIRpwWXfT9kiWQ
RM Sahabat Nelayan - Ikan Bakar,,YORKS,"Delicious woku-woku squid while watching the sunset sky outside the restaurant - no words, just perfect",5,11/02/2024 10:28:55,ChIJyRmZwuafhzIRpwWXfT9kiWQ
RM Sahabat Nelayan - Ikan Bakar,,Devita Ratag,"Dulu makan disini sekitar 2 tahun yg lalu. Makananya enak. Tapi pas balik sekitar seminggu lalu makan lagi dsini. Pelayanan nya ngak seperti dulu lagi, mana makanannya hambar. Dan lebih parahnya lagi, nasi yg di sajikan udah dingin … 😒🥲",1,09/19/2024 01:59:10,ChIJyRmZwuafhzIRpwWXfT9kiWQ
RM Sahabat Nelayan - Ikan Bakar,,Pharrusu id,"pelayanan baik, tempat bersih👍",5,09/06/2024 10:39:27,ChIJyRmZwuafhzIRpwWXfT9kiWQ
RM Sahabat Nelayan - Ikan Bakar,,John Runturambi,Pesan bungkus hasilnya : Ikan bakar asin Dabu2 asin Terpaksa makan nasi sama sayur kangkung,1,06/23/2024 12:24:17,ChIJyRmZwuafhzIRpwWXfT9kiWQ
RM Sahabat Nelayan - Ikan Bakar,,Melani Adrian,"Our fave restaurant. Ikannya segar2, tumis kangkungnya enak, sayang sudah gak ada promo gratis es teh, sama jaringan wifinya jg rusak.... Tapi overall dr makanan, pelayanan sama atmosfernya 👍👍👍👍👍",5,05/30/2024 05:17:42,ChIJyRmZwuafhzIRpwWXfT9kiWQ
RM Sahabat Nelayan - Ikan Bakar,,Milky Way,Sekedar saran.... Harusnya kalau makanan yg pesan antar (gofood) pakai Dos.. bukang hanya pakai tas plastik... Apalagi kan ini lagi pasca erupsi gunung ..pakai kesadaran lah sedikit..abu lagi beterbangan dimana-mana.. kalau makanan dalam dos kan lebih aman.. RM laiinya kalau pesan antar taruhnya di Dos...,3,04/30/2024 13:11:29,ChIJyRmZwuafhzIRpwWXfT9kiWQ
RM Sahabat Nelayan - Ikan Bakar,,Solafide Dylan Sukarame,Makanan enak tapi pelayanan sangat lama.,3,03/29/2024 06:03:07,ChIJyRmZwuafhzIRpwWXfT9kiWQ
RM Sahabat Nelayan - Ikan Bakar,,Harry Budihardjo,Enak sekali sup bete talas dan bobara lao enak juga.,5,06/13/2023 11:15:41,ChIJyRmZwuafhzIRpwWXfT9kiWQ
RM Sahabat Nelayan - Ikan Bakar,,Daniel R,"Tempatnya kotor, banyak minyak, banyak semut & lalat, pelayanan tidak ramah, proses masak makanan sangat lama, sangat jauh dari nyaman , makanya sudah mulai sepi, tidak rekomended",1,05/06/2023 05:21:07,ChIJyRmZwuafhzIRpwWXfT9kiWQ
RM Sahabat Nelayan - Ikan Bakar,,PERDANA DALAWA,"Makanannya enak, pelayanan baik",5,04/29/2023 08:13:45,ChIJyRmZwuafhzIRpwWXfT9kiWQ
RM Sahabat Nelayan - Ikan Bakar,,Siswanto 86,Enak dan sangat Ramai pengunjung,4,04/28/2023 04:35:40,ChIJyRmZwuafhzIRpwWXfT9kiWQ
RM Sahabat Nelayan - Ikan Bakar,,sherly tampian,Their Rahang tuna is perfect n the sambal bakar rica is good too but i dont like the dabu2,4,02/12/2023 01:29:42,ChIJyRmZwuafhzIRpwWXfT9kiWQ
RM Sahabat Nelayan - Ikan Bakar,,agus timbuleng,Salah satu tempat makan ikan laut dikota manado.,5,01/25/2023 22:34:38,ChIJyRmZwuafhzIRpwWXfT9kiWQ
RM Sahabat Nelayan - Ikan Bakar,,Edwin Rey,Pertama kalinya...... Tapi langsung berkesan 😁😁,5,01/06/2023 10:57:57,ChIJyRmZwuafhzIRpwWXfT9kiWQ
RM Sahabat Nelayan - Ikan Bakar,,Erni Viana,"Makanan enak, ikannya segar, gratis acar dan sup bete/talas ambil sendiri, kami pesan ikan bobara bakar dan kerapu, tingkat kematangannya pas, makanan datang agak lama ya, karna mungkin harus di bakar dulu bersama pesanan lainnya, sayur kangkungnya enak sayang porsi sayut kangkungnya sedikit sekali.",4,01/01/2023 08:50:35,ChIJyRmZwuafhzIRpwWXfT9kiWQ
Gardenia Country Inn,,Carmen Sprus,"Unfortunately, this was the worst accommodation experience of our entire Indonesia trip. The hotel is clearly very old (around 30 years) and unfortunately it shows everywhere. We raised our concerns during our stay but not received any response or reaction, which was very disappointing. When we arrived, we were the only guests and the whole property felt completely deserted. There was no welcome drink and, most importantly, the restaurant was closed, even though this place is widely advertised and known for it. This was not communicated to us at all, despite being in direct contact before our arrival. In our room, we found dead animals that attracted ants. We understand being close to nature, but this is absolutely not acceptable for a hotel charging 1,500,000 IDR per night. We have stayed in hotels in Indonesia that were three times nicer for a quarter of the price. The only positive aspect is that the place can be recommended for breakfast or lunch only, as the view is beautiful and the staff are friendly and kind. However, the owner should seriously reconsider charging such a high price, as the value offered is nowhere near what is advertised. Very disappointing overall.",2,01/10/2026 05:36:40,ChIJWyuBs5RshzIRsLaRoM5O4Rg
Gardenia Country Inn,,Andreta Talita,"PESAN MAKANANNYA LAMA SEKALI!!! GILIRAN UDAH DATANG LAUKNYA, NASINYA DATANG STENGAH JAM KEMUDIAN. PADAHAL SEBELUMNYA PELAYANANNYA BLG KLO PESAN MAKAN GAK TERLALU LAMA. buat yang lapar, mending nyari tempat lain. Disini bagusnya dtg foto2 doang.",1,12/27/2025 08:19:52,ChIJWyuBs5RshzIRsLaRoM5O4Rg
Gardenia Country Inn,,Jolijn De Heer,Best breakfast in entire Sulawesi!,5,11/15/2025 05:25:43,ChIJWyuBs5RshzIRsLaRoM5O4Rg
Gardenia Country Inn,,Sylvie PEIZERAT,Amazing place to stay or just to have lunch.,5,11/04/2025 21:00:28,ChIJWyuBs5RshzIRsLaRoM5O4Rg
Gardenia Country Inn,,Rainer Schmucker,"Service extrem unzuverlässig! Nach langem warten kam unsere Hauptspeise. Als wir fertig waren, kam die Vorspeise! Meine Fischsuppe bestand zum Großteil aus einem halbierten Fischkopf.",2,10/02/2025 13:30:15,ChIJWyuBs5RshzIRsLaRoM5O4Rg
Gardenia Country Inn,,Lody Ticoalu,"To those that rating this business with 2 or even 1 star, DO BEAR IN MIND that they just classified the establishment under 2 stars category, so DEFINITELY they cant keep up with your expectations dearly beloved KAREN's 😅 Saya sendiri belum sampai di tempat ini, tapi karena saya juga bagian dari sebuah manajemen 'hospitality', tentunya saya mengerti bahwa pemilik dan staff bisnis ini tidak mungkin 'memuaskan' semua yang berkunjung/menginap di tempat ini .. therefore, a 5 stars over reading MOST of other reviewers would justified enough #KeepItUp",5,09/22/2025 02:08:36,ChIJWyuBs5RshzIRsLaRoM5O4Rg
Gardenia Country Inn,,Akbar Hidayatullah,Lokasi yg indah untuk di kunjungi,5,09/21/2025 06:35:06,ChIJWyuBs5RshzIRsLaRoM5O4Rg
Gardenia Country Inn,,Rehard Nur Arbiyudha,What a beautiful place!,5,09/21/2025 01:16:19,ChIJWyuBs5RshzIRsLaRoM5O4Rg
Gardenia Country Inn,,Lestari Dewi,"Peanut salad, ragey, spare ribs, spaghetti traditional saucenya juara...💯💯💯",5,08/20/2025 08:34:23,ChIJWyuBs5RshzIRsLaRoM5O4Rg
Gardenia Country Inn,,Paul Zwinkels,Nice cottages in a beautiful garden. Food very good. Breakfast also with Lots of fresh fruit,5,07/27/2025 11:21:50,ChIJWyuBs5RshzIRsLaRoM5O4Rg
Gardenia Country Inn,,S vd Giessen,"Mooie omgeving, maar je moet meer dan een uur wachten op je eten. Houd hier rekening mee, of bestel vooraf. Vriendelijk personeel. Eten is vrij duur en niet zo bijzonder. Mijn eten was niet warm meer toen het geserveerd werd.",3,07/22/2025 05:49:14,ChIJWyuBs5RshzIRsLaRoM5O4Rg
Gardenia Country Inn,,Silke Schmitt,"Wir waren früher oft im Restaurant. Der Garten und der Ausblick sind herrlich. Heute haben wir über 30 Minuten auf einen Tee und mehr als 1,5 Stunden auf eine einfache Nudelsuppe gewartet obwohl es keine Gäste gab als wir ankamen. Auch die Instandhaltung lässt mittlerweile sehr zu wünschen übrig. Die Qualität des Essens ist auch nicht mehr die gleiche.",2,07/16/2025 10:08:25,ChIJWyuBs5RshzIRsLaRoM5O4Rg
Gardenia Country Inn,,T0mmie,"The north of Sulawesi isn’t overwhelmed with tourists. That may be why the options of hotels are not very many. The Gardenia stands out because of one special thing it has going for it: their gardens. Hence the name. Upon arrival, you are seated in the main dining area that serves as lobby too. And as place to relax. After a welcome drink. You get your key, only to discover that your luggage is already in your room. ||We had a cottage like room in a small building of three. We stayed here for three nights. There is a livingroom with a sofa and a table with chairs. A refrigerator, and coffee/tea facilities also. You’ll find enough bottles of water. The next room was the bedroom which was quite spacious. In the bedroom there is a backdoor. |In the bedroom you’ll also find a washing sink. Next to that is the shower and toilet behind a separate door. |The shower was really nice and hot. The bed slept really well. It is kingsize and soft enough. But in total, the place is old and worn. And is in need of an upgrade. ||Early morning, you get several options to wake you. There’s a mosk with calling for prayer. There’s the nearby military complex sounding the reveille by trumpet. And also many birds that populate the gardens. But this noise in subjective. It didn’t really bother us too much. ||As mentioned, the gardens: They are truly something to admire. We were told that they have 20 staff working them and it shows. There are so many beautiful flowers and ponds. So much diversity. And all the birds that you can see makes it really wonderful. Just sit outside on your small terrace to enjoy it all. ||We had dinner here every evening as there aren’t many options around. The food was oke and there is a choice for everyone. It is just not served hot. Luke warm at best. You can request to warm it up; they have a microwave…|Breakfast was simple but with a choice of fruits and juices. There is something for everyone. They make your egg of choice. And all that with, again, overlooking this beautiful garden. But also mount Lokon which sometimes completely disappears in the clouds when the weather shifts. When that happens and rain sets in, you can grab an umbrella to reach your room dry.|You can get a choice of drinks at reasonable rates to enjoy either in the central area or in your room.||Also on this site, there is a sort of library in which you can sit and relax. One of the many options for that around. |You will need mosquito repellent, especially in the evening so bring enough. ||All in all, a nice hotel with the gardens as the main attraction.|If you found this review helpful, please vote helpful, so I know I was of help to you. |Enjoy your stay!",3,06/28/2025 23:59:59,ChIJWyuBs5RshzIRsLaRoM5O4Rg
Gardenia Country Inn,,Hansye Mokalu,Sangat baik untuk liburan jika anda mencari tempat yang tenang dengan alam yang masih terjaga,5,06/14/2025 13:48:21,ChIJWyuBs5RshzIRsLaRoM5O4Rg
Gardenia Country Inn,,Kristian Hansen,"It’s traveled Sulawesi 2 years and it’s my job to document tourism and accommodations. When you come here, you’ll wonder why you haven’t come here earlier 🌳 It’s so beautifully kept and run. The food have blown me away! So fresh and delicious. The sweet owner have run this with her family of staff for 40years. $100 per night is all worth it! I came here for 1 night and have soon stayed 1 week ⭐️ Come here if you’re a traveler and appreciate the nature and outdoors. Not if you’re a tourist and only expect nothing but luxury.",5,05/21/2025 13:37:01,ChIJWyuBs5RshzIRsLaRoM5O4Rg
Gardenia Country Inn,,Bilpo,"Don't ever think about taking a lunch here in the future. Take 1.5 hours to serve the order. Decided to takeaway the meal. Surprisingly, it's taste not worth the 1.5 hours of patience 🤡",1,04/26/2025 17:57:51,ChIJWyuBs5RshzIRsLaRoM5O4Rg
Gardenia Country Inn,,Charisma Christy,"Not friendly, and also it took 1 hour n 30 minutes to serve our lunch",1,04/06/2025 07:39:51,ChIJWyuBs5RshzIRsLaRoM5O4Rg
Gardenia Country Inn,,IanWriter,"Gardenia country inn is an easy going, comfortable hotel with pleasant rooms in the local wooden construction style. ||The hotel has wonderful gardens that are obviously the result of decades of labor of love by the owners. You can wander among extraordinary floral collections, ponds and streams, and many fine specimen plants. This is a world class garden, equal to some of the best elsewhere in the world.||I thought the food was very tasty and I especially recommend the fruit smoothies -- they are absolutely, unreservedly the best I have ever had anywhere!||This was a lovely stay.",4,03/28/2025 23:59:59,ChIJWyuBs5RshzIRsLaRoM5O4Rg
Gardenia Country Inn,,Darmadi Chandra,"Great place, feels so serene and peaceful",5,03/22/2025 02:06:04,ChIJWyuBs5RshzIRsLaRoM5O4Rg
Gardenia Country Inn,,Frank Persijn,Mooie tuin met bijzondere vogeltjes,1,03/01/2025 11:55:32,ChIJWyuBs5RshzIRsLaRoM5O4Rg
Gardenia Country Inn,,Dave,"The place was great, food was even better. Came from Texas and had great conversation with the staff and owners. Super humble people and great vibes all around, alot of flowers and scenery so coming with the family, friends, wifey, gf is a must.",5,02/18/2025 08:04:42,ChIJWyuBs5RshzIRsLaRoM5O4Rg
Gardenia Country Inn,,Guido Silvester Adrian Christanto,Roomnya homy. Makanan agak menunggu lama. Viewnya cakep bgt. Harga sedikit tinggi,4,01/29/2025 12:45:29,ChIJWyuBs5RshzIRsLaRoM5O4Rg
Gardenia Country Inn,,Sky Phoa,Pemandangan sangat bagus Cocok untuk keluarga dan orang tua Taman sangat baik dan rapi Petugasmya juga ramah,4,01/26/2025 13:09:38,ChIJWyuBs5RshzIRsLaRoM5O4Rg
Gardenia Country Inn,,Augenblick Mal,Ein wunderbarer Ort in den Höhen von Nordsulawesi,4,01/15/2025 20:49:04,ChIJWyuBs5RshzIRsLaRoM5O4Rg
Gardenia Country Inn,,Andreas (Birnboim),"Das Hotel ist mit seinen Bungalows in einer wirklich schönen Gartenlandschaft gelegen, es gleicht eher einem botanischen Garten. Man ist schnell im Ort, wo es Supermärkte und die Möglichkeit zum Essengehen gibt. Der Service ist freundlich, allerdings muss man sich schon um 17 Ihr entscheiden, ob man Dinner haben will und was von der Karte, was wir dann nicht wahrgenommen haben da wir flexibel bleiben wollten. Die Zimmer sind groß, aber sehr einfach, lagebedingt mit einigen Ameisen und auch Schaben sind uns im Raum begegnet. Das Frühstück war das bislang einfachste auf unserer Reise, es gab leider auch nicht die Möglichkeit, sich Spiegelei o.ä. zu wünschen. Ein entsprechendes Schild gab es zwar, das ist aber weggeräumt worden. Nett die Möglichkeit, sich in Leseräumen aufzuhalten.",4,10/21/2024 06:18:58,ChIJWyuBs5RshzIRsLaRoM5O4Rg
Gardenia Country Inn,,S J,"BRING EAR PLUGS !! This place backs on to an army base. Daily 5am extremely lound tannoy speaker with music and talking which goes on for some time. Its also close the main street, so you can hear every church loud speaker, motorbike and locals party like your in the room with them. The premises comprises a series of wooden cabins dotted around a large garden. The cabins are simple. They provide complimentary water and a small selection of toiletries. There is a fridge, terrace, bathroom with bath and shower. There is no a/c only a desk fan, but not really needed as air is cooler here. There is no safety deposit box and anyone can walk into the premises from outside because there are no staff around monitoring. The gardens here are very beautiful with many different plants, water features and lots of different birds. The breakfast is small and simple, but adequate. I would not stay here again primarily because of the noise. Even with ear plugs and a pillow over your head you can hear it as the cabins are simple planks of wood with gaps and single glazing, so the noise travels through. Also, (a) on the first day we had no water and the second day no electricity..which was resolved, but when you're standing in the shower naked and there's no water or electric and no way to ring reception because there is no phone in the room, it's not much fun ! (b) the bathroom in the cabin was tired and grubby (basin plug didn't work, shower leaking and squirting in different directions, mould in the tile grout, holes in the tiles where things had previously been drilled in and fallen off, old wiring snaking along part of the wall, bathroom generally damp and un-inviting).",2,10/21/2024 00:26:42,ChIJWyuBs5RshzIRsLaRoM5O4Rg
Gardenia Country Inn,,Camper45120045482,"beautiful garden and view at volcano, but overpriced and in many ways not up to standard anymore: no reception, no information at arrival, no management around, friendly staff, very poor restaurant, no choice of drinks (soft or other) available, no choice of meals, dirty bed sheets, too noisy at night (disco, loud music almost all night, traffic) due to bungalow at farthest corner of garden, ants in bungalow, others had to clean their floor themselves before first entry, no mosquito protection offered e.g. nets, incense spiral, etc. , small plastic bottles instead of refill water system, relatively poor breakfast buffet due to not enough refill-service according to number of guests, first possible breakfast time too late for excursions, not enough staff in kitchen",2,10/19/2024 23:59:59,ChIJWyuBs5RshzIRsLaRoM5O4Rg
Gardenia Country Inn,,ferdinad van draanen,Geweldige omgeving voor natuur en rust liefhebbers,5,10/19/2024 17:42:22,ChIJWyuBs5RshzIRsLaRoM5O4Rg
Gardenia Country Inn,,Terence V Draanen,"Super mooie plek met allemaal houten huisjes niet super de luxe maar wel schoon en netjes allemaal en het personeel is super vriendelijk en behulpzaam, echt een aanrader om hier eens te verblijven",4,10/16/2024 23:19:21,ChIJWyuBs5RshzIRsLaRoM5O4Rg
"Mie Ba Nabati, Bitung",,Zide Chan,"Klo mo coba kuliner non halal plg enak, silahkn drg dsni. Mienya kenyal, homemade, tanpa bahan pengawet, babi tore sama beg gorengnya juara sekali dan harga trjangkau 🤤",5,12/16/2025 03:27:15,ChIJx9DhtZUBhzIR5Ip47gJXpUI
"Mie Ba Nabati, Bitung",,Emily Chan71,"Mienya enak kenyal tapi syg nggak ada sayur,tumisan daging,daun bwang ini kyk mkan mie kuah toping babi tore.",3,12/04/2025 12:08:37,ChIJx9DhtZUBhzIR5Ip47gJXpUI
"Mie Ba Nabati, Bitung",,Dung Nguyen,"Gute Erfahrung hier gemacht. Anfangs leichte Sprachbarriere bis die Chefin selber kam und auf Englisch gut das Menü erklärt hatte. Sie sind auf unsere Wünsche und Unverträglichkeiten eingegangen. Cooles abgelegenes Lokal. Wer sich nicht abschreckt mal die untouristische Seite von Bitung zu sehen, wird hier mit freundlichen Menschen und leckerem Essen belohnt.",5,08/12/2025 15:07:27,ChIJx9DhtZUBhzIR5Ip47gJXpUI
"Mie Ba Nabati, Bitung",,Iyan Mulyadi,"Mie Ba Nabati layak dicoba! Rasa mie-nya enak dan yang paling penting, gak bikin sakit lambung—jarang-jarang ada mie seperti ini. Cocok buat yang punya masalah lambung tapi tetap pengen makan mie nikmat. Memang ada beberapa hal yang perlu diperhatikan: lokasi berada di area padat penduduk, jadi suasananya cukup ramai dan parkirnya agak sempit. Harganya sedikit di atas rata-rata, tapi masih tergolong wajar untuk kualitas yang ditawarkan.",4,07/07/2025 14:01:51,ChIJx9DhtZUBhzIR5Ip47gJXpUI
"Mie Ba Nabati, Bitung",,akun Grab,"Semoga owner cepat bertobat, nda bagus ba dekat pa orang pe laki.",1,07/03/2025 07:19:48,ChIJx9DhtZUBhzIR5Ip47gJXpUI
"Mie Ba Nabati, Bitung",,Ferdinand Dende,"Mie Ba Terenak dan terbaik seantero Sulawesi (Bahkan se-Indonesia deh kayaknya),Sudah buka lebih dari 15tahun dan selalu mengedepankan kwalitas rasa ,pelayanan dan kebersihan. Pokoknya enak sekaliii , dijamin sekali makan akan terus tersimpan diingatan ♥️♥️♥️",5,06/16/2025 11:18:54,ChIJx9DhtZUBhzIR5Ip47gJXpUI
"Mie Ba Nabati, Bitung",,Lady Francesca,Mie ba paling enakkkk di Bitung 😍,5,06/16/2025 11:16:02,ChIJx9DhtZUBhzIR5Ip47gJXpUI
"Mie Ba Nabati, Bitung",,Virdigan Nerde,"Mie nya enak khnyal dan tanpa bahan pengawet, asli enak banget dengan topping olahan B2 . Gak ada lawannya . Owner dan Karyawannya ramah dan pelayanan mantap 👌🫰",5,06/16/2025 11:13:56,ChIJx9DhtZUBhzIR5Ip47gJXpUI
"Mie Ba Nabati, Bitung",,Eirene Taniwang,"Yang so pernah makan di sini pasti tau dpe Rasa ""The Best skalianan👍🏻👍🏻👍🏻 Mie Homemade seng adalawan di manapun saking depe Rasa terlalu enak 😍😍😍",5,06/16/2025 10:59:23,ChIJx9DhtZUBhzIR5Ip47gJXpUI
"Mie Ba Nabati, Bitung",,Alena Jenan,"nanya ke temen2 kulineran enak dimana terus ada yg ngasih saran disini, untuk makanannya enak agak unik gitu mie nya kayak udon tapi pas kesana ke agak ga srek sama owner nya gatau ya itu owner nya apa bukan mba2 ibu2 yang agak gendut2 gitu yang tattoan, kek judes banget minimal kalo punya usaha di bidang FnB kek gini itu murah senyum lah ke pelanggan biar pelanggannya gak lari tapi ini yaampunn minimal senyum mba🥲 kan jadi takut ye pelanggan wkwk",1,06/16/2025 03:50:14,ChIJx9DhtZUBhzIR5Ip47gJXpUI
"Mie Ba Nabati, Bitung",,Nina Ri,"The noodles were really good! I had the Mie Ce Spesial with egg, really tasty!",5,12/30/2024 07:34:59,ChIJx9DhtZUBhzIR5Ip47gJXpUI
"Mie Ba Nabati, Bitung",,Liany Hui,Mienya unik dengan udon tapi ga eneg Cocoknya pesan versi jumbo Klapertartnya juga best Segini gede hanya 25ribu,4,12/17/2024 10:33:09,ChIJx9DhtZUBhzIR5Ip47gJXpUI
"Mie Ba Nabati, Bitung",,Jonathan B,"Sehr leckeres Essen! Als Abwechslung sehr zu empfehlen. Service sehr nett und zuvorkommend. Habe hier gerne gegessen, vielen Dank!",5,08/06/2024 03:40:09,ChIJx9DhtZUBhzIR5Ip47gJXpUI
"Mie Ba Nabati, Bitung",,Rainhard,"Sangat tidak profesional, 1 jam lebih ba tunggu makanan, lebih utamakan yang makan di tempat dibanding yang bungkus, serta makanan siap ternyata masih ada pesanan yang kurang, alhasil menunggu lagi, serta semua pesanan lengkap nda ada uang kecil, disuruh tukar ke warung depan.. biarleh makanan enak tapi kalo pelayanan begini justru bekeng kecewa...",1,06/13/2024 10:47:41,ChIJx9DhtZUBhzIR5Ip47gJXpUI
"Mie Ba Nabati, Bitung",,Tayara Toesang,Pelayanan ramah Dpe rasa enak sekalianan,5,04/09/2024 00:08:20,ChIJx9DhtZUBhzIR5Ip47gJXpUI
"Mie Ba Nabati, Bitung",,Roy Tengor,Pelayanan sangat buruk👎,1,03/29/2024 09:16:21,ChIJx9DhtZUBhzIR5Ip47gJXpUI
"Mie Ba Nabati, Bitung",,Mark Emerson,The best ever,5,10/15/2023 05:08:19,ChIJx9DhtZUBhzIR5Ip47gJXpUI
"Mie Ba Nabati, Bitung",,Christian,"Tempat makan terkenal di bitung, soto ba nya not bad lah...",4,06/04/2023 11:57:22,ChIJx9DhtZUBhzIR5Ip47gJXpUI
"Mie Ba Nabati, Bitung",,Donald Rian,walaupun lokasinya masuk ke dalam gang tapi enak makanan nya,5,04/27/2023 14:27:19,ChIJx9DhtZUBhzIR5Ip47gJXpUI
"Mie Ba Nabati, Bitung",,Y3S Story,Menu Mie Ba yang enak. Sering kesini. Walaupun tempatnya di kompleks rumah warga yg cukup padat. Tapi rasanya tetap enak.,5,04/18/2023 14:02:58,ChIJx9DhtZUBhzIR5Ip47gJXpUI
Kios Pelangi Wakeke,,Nurman Riyadi Rahman,"Ini tempat terbaik buat makan Bubur Manado. Enak banget buburnya, porsi sayurnya juga banyak banget, bisa dibilang termasuk makanan sehatlah ini wkwk. Paling mantep dicampur sama ikan nike nya beuhhh nyanda lawan lahh pokoknya.",5,01/04/2026 04:16:35,ChIJdSMSxxV1hzIRfQa9Hbb3eaw
Kios Pelangi Wakeke,,Jehan Bram,"Tempat sarapan langganan tiap visit Manado krn dateng vasti pas subuh.. Rajin, buka pagi. Keep it good",5,12/17/2025 11:43:16,ChIJdSMSxxV1hzIRfQa9Hbb3eaw
Kios Pelangi Wakeke,,kayla alexandra and mochi,So duduk lama nda ada yg datang kase menu ngoni kira trg cuma mo dtg duduk???????,1,12/14/2025 05:28:09,ChIJdSMSxxV1hzIRfQa9Hbb3eaw
Kios Pelangi Wakeke,,hakimetentara,"Pertama kali kesini, dan enaak.",5,12/06/2025 00:37:15,ChIJdSMSxxV1hzIRfQa9Hbb3eaw
Kios Pelangi Wakeke,,Marlindah J A Sumampow,Saya suka keripik pisang gorohonya.,5,11/08/2025 08:09:38,ChIJdSMSxxV1hzIRfQa9Hbb3eaw
Kios Pelangi Wakeke,,Cindy Lontoh,"Makanan ; Tinutuan campur enak 9/10 (24rb/porsi )sambal roa & bakasangnya enak Mie ayam tore 7/10 (25rb/porsi) berharap mirip mie ayam tore legend ie soa tp ternyata belum mirip rasanya😁 Venue ; dulu makan disini belum kayak sekarang yg tampilannya kayak cafe lebih bagus. Harga ; lumayan mahal untuk tinutuan, harga cafe lah dan harga masih kena pajak rest. Pelayanan ; lumayan cepat",5,10/30/2025 07:01:32,ChIJdSMSxxV1hzIRfQa9Hbb3eaw
Kios Pelangi Wakeke,,mario vegas,Bubur manado nya enak..,5,09/07/2025 09:51:18,ChIJdSMSxxV1hzIRfQa9Hbb3eaw
Kios Pelangi Wakeke,,Sams Bahri,"Tempat makan makanan khas manado salah satunya yg rekomended adalah bubur manado atau orang manado bilang tinutuan, belum lengkap ke manado klo ga makan bubur manado, pas dateng diluar terlihat sepi tapi pas masuk full dong hampir ga kebagian kursi, untung ada yg lagi sendiri jadi bisa sharing meja",5,08/11/2025 04:35:02,ChIJdSMSxxV1hzIRfQa9Hbb3eaw
Kios Pelangi Wakeke,,Chimogmog,Salah satu tempat sarapan yang paling enak dan paling nyaman di manado. Suka sama mie cakalang dan gado2nya. Pisang goreng sepatu putus2nya juga enak. Bubur ayam saponya juga enak. Enak2 deh semuanya,5,08/05/2025 13:12:16,ChIJdSMSxxV1hzIRfQa9Hbb3eaw
Kios Pelangi Wakeke,,Moch Ramadhan Rakhas,"Menyediakan menu masakan dan minuman khas sulut manado, otentik dan enak , cocok utk semua",5,07/28/2025 06:47:18,ChIJdSMSxxV1hzIRfQa9Hbb3eaw
Kios Pelangi Wakeke,,Siska Wiratandi,"Menu tinutuan dan makanan khas manado. Ruangan ber-AC, meja lumayan banyak tp pengaturan meja agak padat",4,07/05/2025 10:35:38,ChIJdSMSxxV1hzIRfQa9Hbb3eaw
Kios Pelangi Wakeke,,Robert C Mandang,"Food, service, atmosphere Ok, . parking problem during rush hour",4,06/20/2025 03:41:16,ChIJdSMSxxV1hzIRfQa9Hbb3eaw
Kios Pelangi Wakeke,,Harry Ramadhani,"Makan Tinutuan Bubur Manado di Manado yang enak ya disini, pakai Nike lalu guyur dengan sambal roa…. Alhamdulillah nikmatnya masyaAllah, enaaakkkkkm",5,05/29/2025 06:40:54,ChIJdSMSxxV1hzIRfQa9Hbb3eaw
Kios Pelangi Wakeke,,ichiduck,"Dulu suka banget sama nasi gilanya.. sekarang gak lagi karena kemanisan.. bahkan saya yg suka dengan makanan manis, gak kuat sama rasanya karena kek kecap semua.. Semoga bisa dikoreksi lagi rasanya krn udah gak gurih kek dulu.. manis bangetttt.. Kalau bubur manado dan menu lainnya, ok.. enak seepeti biasanya..",2,05/17/2025 06:14:16,ChIJdSMSxxV1hzIRfQa9Hbb3eaw
Kios Pelangi Wakeke,,Barista Buddy,"Legendary Manadonese cuisine restaurant. The service seems to need to be improved. The food is quite tasty, but the ‘Nasi Goreng Kampung’ that we ordered was not so tasty, maybe because it used old margarine or cooking oil. I like the dessert.",3,05/08/2025 15:14:41,ChIJdSMSxxV1hzIRfQa9Hbb3eaw
Kios Pelangi Wakeke,,Christabel Emor,"enak, tapi trakir kalo pesanan nyampe lama poll 🥹",5,04/12/2025 03:46:04,ChIJdSMSxxV1hzIRfQa9Hbb3eaw
Kios Pelangi Wakeke,,Kk Ii,"Salah satu tempat makan tinutuan legend di Manado. tinutuan, alias bubur Manado adalah makanan khas Manado yang sudah banyak dikenal oleh masyarakat Indonesia. Jika Anda berkunjung ke Manado, Anda harus mencicipi bubur Manado, karna belum lengkap jika Anda ke Manado, tapi Anda belum menikmati hidangan yang satu ini. Bubur Manado adalah bubur khas Manado. Isinya seperti yang saya unggah di foto ini. Anda bisa menambahkan mie juga jika Anda suka mie. Tinutuan yang diberi mie namanya midal. Biasanya, tinutuan dimakan dengan temannya, yakni perkedel ikan nike atau perkedel jagung. Juga ditambah dengan sambal roa yang juga khas Sulawesi Utara. RM. Pelangi ini sudah terkenal nikmatnya. tempatnya memang tidak terlalu, dengan meja kecil2. Satu meja disediakan 4 kursi. Tempatnya berAC, jadi bagi Anda yang merokok, mohon maaf Anda harus menahan hasrat mengasapi diri sendiri dan orang lain itu. Pelayanannya cepat. Pegawainya lumayan sigap. Saya pesan midal, perkedel jagung dan tahu tore. Arti kata tore adalah krispi. Untuk parkiran, jika Anda bawa mobil, sering susah parkir karena tempat parkirnya yang terbatas. Toiletnya bersih, ada di luar tempat makan.",5,04/05/2025 11:49:51,ChIJdSMSxxV1hzIRfQa9Hbb3eaw
Kios Pelangi Wakeke,,Glenn Santoso,"Makanannya semua enak, tapi harga sambal roa mahal sekali, 1/4 aqua gelas (mostly minyak) harganya 137rb (include ppn)",2,04/03/2025 06:21:35,ChIJdSMSxxV1hzIRfQa9Hbb3eaw
Kios Pelangi Wakeke,,Henry Palandeng,"Nice place to have breakfast, brunch, and lunch woth manadonese favorites food",4,02/19/2025 01:04:06,ChIJdSMSxxV1hzIRfQa9Hbb3eaw
Kios Pelangi Wakeke,,Robby Manangka,"Makanan khas Minahasa, semuanya enak yg ada disini, harga terjangkau, pelayanan cepat.",5,11/26/2024 16:23:14,ChIJdSMSxxV1hzIRfQa9Hbb3eaw
Kios Pelangi Wakeke,,Sweetly Ester,"pelayanan nda ramah , pelayan"" nya judes klo di tanyaain , intonasi suaranya tinggi , bad attitude skli",1,11/19/2024 02:07:13,ChIJdSMSxxV1hzIRfQa9Hbb3eaw
Kios Pelangi Wakeke,,Ananggadipa Abhimantra,"Bubur Manado/Tinutuan Campur pakai mie nya top markotop, porsinya ngenyangin banget. Pisang goroho stick, pisang rasa french fries. Tempat Kuliner yang berkesan dan wajib kala berkunjung ke Manado",5,11/07/2024 12:54:28,ChIJdSMSxxV1hzIRfQa9Hbb3eaw
Kios Pelangi Wakeke,,Pradipta Adith,"Kemarin menyempatkan untuk mencicipi makanan khas manado disini... nyobain bubur tinutuan (kalo ga salah), enak sih tapi kebanyakan kemangi aja... tapi enak kok dan porsinya pas... Mencoba pisang gorengnya, enak juga dan pas kalo buat nemenin ngopi sambil begadang (tapi karena masih pagi ya buat malam hari) tempatnya enak dan nyaman...",5,10/27/2024 14:07:47,ChIJdSMSxxV1hzIRfQa9Hbb3eaw
Kios Pelangi Wakeke,,Srijanto Poerwanto,Bubur Manadonya enak banget,5,10/12/2024 13:22:45,ChIJdSMSxxV1hzIRfQa9Hbb3eaw
Kios Pelangi Wakeke,,Alex Fröhlich,Tinituan sehr lecker,4,08/22/2024 04:09:34,ChIJdSMSxxV1hzIRfQa9Hbb3eaw
Kios Pelangi Wakeke,,Imman,"Tinu enak, super segar. Yang paling aku suka adalah dabu-dabu tomat yang tidak terlalu pedas dengan sambal gorengnya. Mantap",5,07/30/2024 23:54:06,ChIJdSMSxxV1hzIRfQa9Hbb3eaw
Kios Pelangi Wakeke,,Mei Mei,"Makanan ⭐️⭐️⭐️ Pelayanan ❌ Oknum KASIR sangat sangat tidak tahu sopan santun & tata krama melayani Customer, tidak profesional, bukan hanya sekali tapi kedua kali ke kasir malah lebih parah lagi. Sangat Jutek dengan intonasi suara tinggi & kasar, tidak baik ditempatkan sebagai KASIR.",1,07/22/2024 03:41:19,ChIJdSMSxxV1hzIRfQa9Hbb3eaw
Kios Pelangi Wakeke,,Pranoto Lie,Salah satu resto terbaik menikmati sarapan khas Manado,5,06/11/2024 00:54:32,ChIJdSMSxxV1hzIRfQa9Hbb3eaw
RM Green Garden,,Drew,Sering berkunjung kesini dengan keluarga. Pelayanan cukup baik. Lokasi strategis. Makanan enak. Favorit saya adalah nasi goreng babi bakar dan nasi goreng sapi spesial.,5,11/23/2025 10:52:45,ChIJn4hXYxBthzIRUx_SBDoI3pY
RM Green Garden,,Ignasia Eugenia Pindonta,"Mostly Chinese food, tapi di menu sudah ada beberapa masakan Minahasa. Tempatnya bersih, nyaman dan cukup ramah anak dengan pemandangan Gunung Lokon (terlihat kalau makan di lantai 2). Pilihan makanan beragam dan lezat.",5,11/10/2025 20:38:20,ChIJn4hXYxBthzIRUx_SBDoI3pY
RM Green Garden,,Ray Yanto,"Daging ikan begitu lembut dan juicy, benar-benar terasa baru ditangkap. Olahan dengan bumbu rempah kuning yang kaya memberikan rasa otentik yang hangat. Sempurna ditemani sambal dabu-dabu yang segar. Sampai kami sekeluarga tidak mencari rumah makan lagi selain rumah makan ini.",5,10/21/2025 10:27:49,ChIJn4hXYxBthzIRUx_SBDoI3pY
RM Green Garden,,Jefri Martono,Tempat makan yg nyaman sekaligus healing menikmati sejuknya Tomohon.,5,10/12/2025 05:07:11,ChIJn4hXYxBthzIRUx_SBDoI3pY
RM Green Garden,,Michael Victor,"Tempat yg tenang. Bangunan 2 lantai. Ok. Bersih, aman. Parkiran luas. 👍👍👍",5,10/03/2025 03:38:49,ChIJn4hXYxBthzIRUx_SBDoI3pY
RM Green Garden,,Puncak Explorer (BOOTMAN),"Chinese Food Tomohon, enak dan cepat saji",5,09/08/2025 06:48:53,ChIJn4hXYxBthzIRUx_SBDoI3pY
RM Green Garden,,Pascale BONELLI,"BEAUCOUP TROP CHER J'ai pris des côtes de porc et des frites au dîner. Le porc était bon avec une bonne sauce sweet and chilly mais Le prix aussi était très épicé surtout avec 10% de taxe en plus, soit 178 000 au total !! Pour ce prix, j'aurais aimé avoir du sel sur mes frites ou au moins que l'on m'amène celui que j'ai demandé et qui n'ai jamais arrivé. De plus, le temps d'attente aussi fut bien Long pour du porc grillé et de simples frites. Je veux bien payer un certain prix mais alors cela doit être irréprochable. Un restaurant pour les touristes sans ambiance, grande pièce vide car peu de clients... Peut être plus sympa en journée pour la vue",4,08/15/2025 03:09:15,ChIJn4hXYxBthzIRUx_SBDoI3pY
RM Green Garden,,GAMA CCTV,Makanan enak non halal...untuk keluarnya makanan agak lama..cuma terbantu dengan suasana yg cukup sejuk di daerah Tomohon..jadi tidak terasa lama..,5,07/14/2025 12:41:00,ChIJn4hXYxBthzIRUx_SBDoI3pY
RM Green Garden,,Suzie Suzie,I needed to wait for 2 hours for the food but when we asked how many more minutes for the fish and they said 5 more minutes but it actually took 45 minutes to come but before the fish came we asked them to cancel it but they said we couldnt cancel it but the cashier was nice also we wanted to talk to the manager they said there is NO manager,1,05/31/2025 11:40:26,ChIJn4hXYxBthzIRUx_SBDoI3pY
RM Green Garden,,Kiki 056 Tumiwa,Menu yang enak dan murah,5,05/10/2025 06:42:23,ChIJn4hXYxBthzIRUx_SBDoI3pY
RM Green Garden,,soendjojo soendjojo,"Kalau sdh lapar lebih baik jangan ke resto ini, bisa emosi, masak nya terlalu lama, mungkin baca resep dulu sblm masak.. He he he harga juga gak murah, cukup sekali aja",1,04/01/2025 11:46:28,ChIJn4hXYxBthzIRUx_SBDoI3pY
RM Green Garden,,Suyanto Wijaya,Dulu sering makan yang di Manado.. Bedanya di Tomohon ini bonus view gunung Lokon..,4,04/01/2025 10:40:13,ChIJn4hXYxBthzIRUx_SBDoI3pY
RM Green Garden,,wahyu.h. kurnia,"Babi toreh-nya enak, makanan yang lain juga enak, pesan makanan banyak disajikan dengan waktu yg tidak terlalu lama, suasana sangat baik dan ramah.",5,03/28/2025 03:26:54,ChIJn4hXYxBthzIRUx_SBDoI3pY
RM Green Garden,,Regina Dirk,"Service sangat tidak memuaskan, makanan datang setelah 45 menit menunggu, sudah menunggu lama makanan yg datang tidak sesuai pesanan (yg dipesan cumi goreng mentega, yg datang udang goreng mentega), tdk ada 1 pun dari pihak resto yg meminta maaf karna lama dan kesalahan pesanan. Service sangat buruk 👎🏻",1,03/23/2025 05:13:49,ChIJn4hXYxBthzIRUx_SBDoI3pY
RM Green Garden,,Chimogmog,"Babi goreng dan fuyunghainya enak banget, babi gorengnya garinggg dan lembut banget, juara deh. Ada jual roti jg",5,02/22/2025 08:55:16,ChIJn4hXYxBthzIRUx_SBDoI3pY
RM Green Garden,,Aprilika Asa,"Mo makang2 santai, baku dapa Deng tmang2 lama sambil lia2 gunung Lokon di sini paling pool",5,01/28/2025 10:31:51,ChIJn4hXYxBthzIRUx_SBDoI3pY
RM Green Garden,,george ieswadi,"Family restaurant, makananya cukup enak... Tapi kalau mau kalian harus pesan sebelum sampai karna pesananya lumayan lama sampai diatas meja, overall good restaurant.",4,12/09/2024 07:21:13,ChIJn4hXYxBthzIRUx_SBDoI3pY
RM Green Garden,,Diyah Aribowo,Akan kembali untuk makan bersama keluarga,5,10/03/2024 06:06:56,ChIJn4hXYxBthzIRUx_SBDoI3pY
RM Green Garden,,jezzyca sumendap,Ayam goreng nya enak.. pelayanan standar..,5,10/01/2024 08:16:32,ChIJn4hXYxBthzIRUx_SBDoI3pY
RM Green Garden,,Ma Mara,"Sehr gutes Essen, freundliches Personal selbst bei einigen Sprachschwierigkeiten, auf der Terrasse sitzt man sehr schön ,sonst etwas nüchtern",5,09/03/2024 11:42:23,ChIJn4hXYxBthzIRUx_SBDoI3pY
RM Green Garden,,Wolter Jehosua,Restoran chinesfood mantab di kota tomohon,5,09/01/2024 05:00:44,ChIJn4hXYxBthzIRUx_SBDoI3pY
RM Green Garden,,Noelia Berredo,"La gran estafa de Tomohon. Vinimos por las buenas reseñas y la realidad es completamente diferente. Cuando apareció una camarera que sabía inglés nos recomendó unos fideos “fritos” y la especialidad de la casa, cerdo a la barbacoa. La realidad? Unos fideos pasados y blandos en una salsa sosa y con unos trozos sospechosos que mejor no saber que eran. Del cerdo ni hablamos, lo trajeron frío y parece frito. Cuando se lo comentamos, la solución fue recalentarlo. El plato de cerdo cuesta 121.000 rupias cuando por calidad debería valer una cuarta parte. Si quieres que te atraquen y te timen en la ciudad, entonces es tu sitio.",1,08/28/2024 13:52:02,ChIJn4hXYxBthzIRUx_SBDoI3pY
RM Green Garden,,Enrico Cattabiani,"Very poor Chinese food, decent service (though they forgot to bring 3 dishes..), and atmosphere..well huge ""nice"" restaurant but completely empty",2,08/22/2024 06:37:13,ChIJn4hXYxBthzIRUx_SBDoI3pY
RM Green Garden,,Angelina Shelly,"Makanan yang harus dicoba kalau kesini: Babi Bakar/ Babi Panggang dan Sapo Tahu Seafood. Minuman Es Kelapa Jeruk, jeruknya manis.",5,08/11/2024 22:00:08,ChIJn4hXYxBthzIRUx_SBDoI3pY
RM Green Garden,,Joris Bal,Het is een aanrader voor Chinees eten.,5,07/19/2024 23:42:13,ChIJn4hXYxBthzIRUx_SBDoI3pY
Pork Kitchen Bitung,,Warrick Lightfellow,"Well, no need much comment about the food here, all is best served, all is super delicious! Very authentic, every foods is flavourful, Well services, large places and comfy, Food also come so fast, You have to try the pork for sure!",5,08/13/2025 15:41:35,ChIJH-mUZC8BhzIRyKD35KburPs
Pork Kitchen Bitung,,Qimberly M.K,"makanan nya enak 👍 service nya Ramah ,sopan dan sangat baik . Karyawan Yg namanya kak Syalom , baik sekali ,sopan ramah dan cantik 🥰👍",5,08/03/2025 08:42:25,ChIJH-mUZC8BhzIRyKD35KburPs
Pork Kitchen Bitung,,Aizhu Erzhu,"Pesen Mie Babi Goreng + Pangsit Goreng, rasanya enak, punya khas tersendiri Ada ruang ber-ac, cukup nyaman, cocok buat sendiri ataupun bersama keluarga",5,07/31/2025 05:41:40,ChIJH-mUZC8BhzIRyKD35KburPs
Pork Kitchen Bitung,,Tan He Rie,Tempat nya nyaman,5,07/14/2025 11:42:23,ChIJH-mUZC8BhzIRyKD35KburPs
Pork Kitchen Bitung,,Chocolate Photowork,Tempat nya pinggir jalan besar dan akses parkir luas,5,06/10/2025 14:17:24,ChIJH-mUZC8BhzIRyKD35KburPs
Pork Kitchen Bitung,,jack paath,Layanan kurang maksimal,4,05/12/2025 05:12:45,ChIJH-mUZC8BhzIRyKD35KburPs
Pork Kitchen Bitung,,Mr.English,This is the best pork place you will find in Northern Sulawesi. The flavors are good on all the meats and the garlic is just right on the stir fry vegetables too. Soup's flavor is good. Bathrooms were clean. This was a surprise for us and we enjoyed it.,5,04/04/2025 23:58:20,ChIJH-mUZC8BhzIRyKD35KburPs
Pork Kitchen Bitung,,Novaldi Pakaya,apakah ada ruangan vip🙏,5,01/24/2025 10:06:27,ChIJH-mUZC8BhzIRyKD35KburPs
Pork Kitchen Bitung,,averia Tabhita,"Mau tanya porkkitchen close jam berapa sih?soalnya tadi mo datang makan bilang masih boleh,di saat mo b pesan bilang so close order,alasannya sudah angkat minyak untuk penggorengan,makasih sebelumnya 🙏",1,01/08/2025 14:15:41,ChIJH-mUZC8BhzIRyKD35KburPs
Pork Kitchen Bitung,,Vallery Bitung,Mantap dan kenyang 😋😋😋,5,11/01/2024 13:50:40,ChIJH-mUZC8BhzIRyKD35KburPs
Pork Kitchen Bitung,,EA Gunawan,Pork barbeque with rice. Spicy pork satay and Jalangkote. Very recomended,5,09/28/2024 05:24:04,ChIJH-mUZC8BhzIRyKD35KburPs
Pork Kitchen Bitung,,Rudy Harijanto,Boleh lah..masakan khas minahasa.. Chinese food....,5,06/12/2024 16:01:40,ChIJH-mUZC8BhzIRyKD35KburPs
Pork Kitchen Bitung,,Lovell Michael Tombokan,Cukup puas. Hanya saja waktu mau masuk dalam ruangan kesannya mau dibatasi padahal ada meja kosong. Mungkin efek sudah jam 9 Malam sebentar lagi tutup.,3,06/12/2024 01:44:33,ChIJH-mUZC8BhzIRyKD35KburPs
Pork Kitchen Bitung,,Febriant Imanuel,Worth to buy,5,05/19/2024 16:15:05,ChIJH-mUZC8BhzIRyKD35KburPs
Pork Kitchen Bitung,,Defina keke,Pelayanan terbaik. Dan makann yang enak. Top banget. 🥰🙏,5,05/18/2024 10:09:01,ChIJH-mUZC8BhzIRyKD35KburPs
Pork Kitchen Bitung,,Jully Christina,Sangat baik :),5,05/18/2024 07:02:30,ChIJH-mUZC8BhzIRyKD35KburPs
Pork Kitchen Bitung,,Yosia Shen,"Food : normally all menu is delicious, recommend : fillet babi, babi tore dan nasi goreng yancou 🤩😍. service : rada jutek, sudah lebih baik dr kunjungan awal yg datar. atmosphere: clean, hygiene, 🖤",5,04/23/2024 03:10:29,ChIJH-mUZC8BhzIRyKD35KburPs
Pork Kitchen Bitung,,Ekin Tumbel,overall okeh . kenyang . enak . brw jangan lupa neh sllu sedia CMP dirumah . READY STOCK ! ✅ ECER ✅ BOX,5,04/21/2024 05:08:33,ChIJH-mUZC8BhzIRyKD35KburPs
Pork Kitchen Bitung,,Juniar manik,Pelayanan nya sangat ramah dan baik Dan suasana nya juga sangat sejuk dan enak Makanan enak banget...,5,03/30/2024 05:08:06,ChIJH-mUZC8BhzIRyKD35KburPs
Pork Kitchen Bitung,,Daniel Norrys,Masakan babi paling enak di bitung..mantaaab,5,02/25/2024 00:04:36,ChIJH-mUZC8BhzIRyKD35KburPs
Pork Kitchen Bitung,,Fenty.M Duduong,"Menunya oke punya, mantap",4,02/02/2024 08:17:13,ChIJH-mUZC8BhzIRyKD35KburPs
Pork Kitchen Bitung,,Susana Theys,"makanan oke enak, lumayan cepat tempat makan yang ok utk ajak relasi",5,12/04/2023 11:46:56,ChIJH-mUZC8BhzIRyKD35KburPs
Pork Kitchen Bitung,,Crusader Knight,Makanannya enak dan para pelayannya ramah,5,12/02/2023 06:44:58,ChIJH-mUZC8BhzIRyKD35KburPs
Pork Kitchen Bitung,,Gichell Ngantung,"Makanan, tempat dan susana sangat baik, sangat direkomendasikan untuk makan siang dan makan malam, resto ini tidak halal yaa",5,09/24/2023 01:10:21,ChIJH-mUZC8BhzIRyKD35KburPs
Pork Kitchen Bitung,,Novie Korua,...salah satu alternatif bagi penyuka menu pork di seputaran girian bitung...,3,08/22/2023 03:35:07,ChIJH-mUZC8BhzIRyKD35KburPs
Pork Kitchen Bitung,,Onna Eirumkuy,Tempat makan B2 recommended.,4,08/08/2023 02:21:49,ChIJH-mUZC8BhzIRyKD35KburPs
Pork Kitchen Bitung,,Shiwu Shi-wu (Shi-wu),Rekomendasi buat yg suka pork,5,08/02/2023 10:56:02,ChIJH-mUZC8BhzIRyKD35KburPs
RM. Wakeke,,William Prayogo,"Pelayanan cukup cepat, dengan suasana makan yang tenang. Posisi RM agak jauh dari jalan besar. Bubur manado otentik, porsi jumbo. Perkedel milu terbaik, crispy, gurih, manis. Perkede Nike juga tidak boleh dilewatkan. Es cendol lumayan enak juga.",5,09/23/2025 10:32:27,ChIJcwcLdRV1hzIRDjeq9FUzEU0
RM. Wakeke,,Farno Kastanya,"Tempat legend ini, hrs kesini kl pulkam manado",5,09/09/2025 05:30:00,ChIJcwcLdRV1hzIRDjeq9FUzEU0
RM. Wakeke,,Henry Palandeng,"Come to taste tinutuan, a manado cuisine that is so delicious here in this place...",5,08/29/2025 15:07:07,ChIJcwcLdRV1hzIRDjeq9FUzEU0
RM. Wakeke,,Jovian Jevon,"Best bubur for breakfast, sambil ditemani playlist lagu yang memanjakan telinga. Jangan lupa pesan nike nya yang mantul",5,07/28/2025 23:50:25,ChIJcwcLdRV1hzIRDjeq9FUzEU0
RM. Wakeke,,Fauzi Hasania,bubur manado nya ngak enk,1,05/28/2025 02:36:49,ChIJcwcLdRV1hzIRDjeq9FUzEU0
RM. Wakeke,,Eddy Suwanto,Buat yg gemar makanan lokal Manado...,4,04/03/2025 23:51:27,ChIJcwcLdRV1hzIRDjeq9FUzEU0
RM. Wakeke,,Mohammad Ilham,"Cocok.. Sangat khas, tempat bersih nyaman",5,02/20/2025 04:32:48,ChIJcwcLdRV1hzIRDjeq9FUzEU0
RM. Wakeke,,7yearsitch,"It's an old place (jalan wakeke) that provide old fashioned food bubur Manado. Average taste, average price, average place. Just a historical food journey down here..",5,10/11/2024 07:02:20,ChIJcwcLdRV1hzIRDjeq9FUzEU0
RM. Wakeke,,Leo Aprillino,Mau Cari Makanan Khas Manado disini dpe tampa Terbaik.,5,06/20/2024 02:28:43,ChIJcwcLdRV1hzIRDjeq9FUzEU0
RM. Wakeke,,adi adi,"Nasi goreng sifoodnya enak, cmn asinnya di kurangin dikit😊🙏",4,10/26/2023 03:34:34,ChIJcwcLdRV1hzIRDjeq9FUzEU0
RM. Wakeke,,Ika Utami Wahyu Ningsih,"Pertama kali nyoba tinutuan manado dan perkedel nike... Tinutuannya isi jagung, sayur, dan ubi... Rasanya enak tp saya ga habis krna terlalu banyak porsinya cocok buat yg blm sarapan makan di sini dijamin kenyang... Nike itu mirip seperti bakwan ikan, jadi gurihnya jg mempengaruhi cepat kenyang dan ada ikan asin yg tipis enak di sini...",5,07/15/2023 23:37:01,ChIJcwcLdRV1hzIRDjeq9FUzEU0
RM CHICHI,,Estelita Mangare,Makanan porsi jumbo👍 Capcay ba' nya enakkk❤️,4,01/24/2026 15:14:29,ChIJHd9GsOZshzIRpNPJnNAR8Dw
RM CHICHI,,Marco Untu,"Saya order jam 17:15, ordernya hanya biapong sama teh tawar. hampir 1 jam lebih biapongnya gak sampai. padahal hanya 2 item yg not on-going process dan lucunya pesanan orang lain cepet bgt pelayanan sini sangat-sangat jelek.",2,12/21/2025 09:58:57,ChIJHd9GsOZshzIRpNPJnNAR8Dw
RM CHICHI,,Samuel Smith,"Enak, banyak, dan nyaman. Kendala nya agak susah cari tempat parkir.",5,10/15/2025 01:44:21,ChIJHd9GsOZshzIRpNPJnNAR8Dw
RM CHICHI,,Royke Tumilaar,"Pas di lidah, pas di kantong",5,07/11/2025 05:23:45,ChIJHd9GsOZshzIRpNPJnNAR8Dw
RM CHICHI,,Angka Teru,"kwetiaunya tidak sesuai ekspetasi. berbeda dengan di resto china lainnya, saya kurang suka",2,06/25/2025 14:45:46,ChIJHd9GsOZshzIRpNPJnNAR8Dw
RM CHICHI,,Geronimo Bimo,"Tempat kurang menarik,dekat jalan raya,kurang nyaman,tidak ada tempat parkir,untuk biapong, isinya kurang enak,agak asin,kadang tidak ada telur",3,06/03/2025 07:39:35,ChIJHd9GsOZshzIRpNPJnNAR8Dw
RM CHICHI,,harianto wardoyo,"Bakau nya enak + sambal nya ,klu main di tomohon mampir sekalian menikmati kuliner nya",5,05/29/2025 11:10:02,ChIJHd9GsOZshzIRpNPJnNAR8Dw
RM CHICHI,,Rivaldo Rawung,"Kasir dari kita SD smpe so lulus kuliah so kerja msih jutek 🤣, pelayanan tidak ramah",1,05/12/2025 09:42:17,ChIJHd9GsOZshzIRpNPJnNAR8Dw
RM CHICHI,,Ren Zanmaru,"Cheap, fast, big portion, and delicious. Definitely not halal.",5,12/17/2024 00:47:33,ChIJHd9GsOZshzIRpNPJnNAR8Dw
RM CHICHI,,Petrus J Yaenuri,Kekurangannya hanya tidak bisa QRiz dan tidak menerima pembayaran transfer,5,10/11/2024 12:38:04,ChIJHd9GsOZshzIRpNPJnNAR8Dw
RM CHICHI,,Williams Klasjok Salossa,Rekomendasi tempat oleh-oleh Biabong Ba (Bakpaw daging Babi). Good,3,07/18/2024 17:31:16,ChIJHd9GsOZshzIRpNPJnNAR8Dw
RM CHICHI,,DM MD,Biapong Ba paling istimewa,5,06/26/2024 01:05:21,ChIJHd9GsOZshzIRpNPJnNAR8Dw
RM CHICHI,,Wendy Najoan,Good Coffee and Bakpao,4,03/09/2024 13:07:07,ChIJHd9GsOZshzIRpNPJnNAR8Dw
RM CHICHI,,Raden Cahya.,Bakpao dan kopi susunya enak.,4,02/04/2024 05:25:12,ChIJHd9GsOZshzIRpNPJnNAR8Dw
RM CHICHI,,Escanor Sun,Pelayan jutek dan kasir sangat jutek,1,02/03/2024 12:45:32,ChIJHd9GsOZshzIRpNPJnNAR8Dw
RM CHICHI,,Rinaldi Mario,bintang 5 untuk biapong ba',5,12/24/2023 12:15:02,ChIJHd9GsOZshzIRpNPJnNAR8Dw
RM CHICHI,,Richard HR,"Nyantai di pagi hari Biapong and Coffee hitam setelah bersepeda dari Tondano Tempat nya lumayan bagus, sayang tidak ada parkiran sepeda",4,12/23/2023 04:24:26,ChIJHd9GsOZshzIRpNPJnNAR8Dw
RM KIM-KIM,,Christian Rentandatu,Bubur manadonya enak,5,10/25/2025 09:25:47,ChIJkWa3cJ4BhzIR7oUGRnXnUL8
RM KIM-KIM,,Giant Ant,"Makanannya enak, bersih penyajiannya dan hampir selalu nggak kebagian kalo beli makan disini. Beli diatas jam 9 pagi,hampir pasti nasi kuningnya sudah habis",5,06/18/2025 02:30:29,ChIJkWa3cJ4BhzIR7oUGRnXnUL8
RM KIM-KIM,,NAL Lilley,"Took a taxi from the cruise terminal to this restaurant as it's vegetarian. Tasty noodles, fried banana bread, fried bean buns, tea and veggies for 2 for breakfast. Just £4. Got chatting to the locals as well. This is a taste of REAL Indonesia. Thank you Surlee, Benny and taxi driver Victor for the experience.",5,03/05/2024 07:28:56,ChIJkWa3cJ4BhzIR7oUGRnXnUL8
RM KIM-KIM,,Iman Imanudin,"I ordered nasi kuning, portion size quite big, with generous topping : cakalang (skipjack) floss, vermicelli, crispy taro floss (not sure what abon bete means in English). They use a bit drier rice compared to other nasi kuning sellers in Bitung. It wasn't clumpy. My side order was tahu isi (fried tofu stuffed with vegetables, battered). It tastes fresh. When asked whether the food is halal or not, they said they only use fish (and chicken egg) as source of animal protein. I trust them. Overall: food is good. But the dining floor needs better lighting and air circulation. Trust me, it's hot. One portion of nasi kuning and 2 tahu isi costs me Rp. 16,000. Parking: space available for motorbikes at the front side, and road side parking for cars.",4,01/25/2024 10:56:45,ChIJkWa3cJ4BhzIR7oUGRnXnUL8
RM KIM-KIM,,fandy daily,"Lampu penerangan ruangan perlu di tambah lagi, dan sirkulasi udara perlu di perhatikan, karena terasa panas di ruangan saat makan",4,12/07/2023 03:02:20,ChIJkWa3cJ4BhzIR7oUGRnXnUL8
RM KIM-KIM,,Gerald Lahiang,"Tinituan ter-enak, ditambah pisang goreng & tahu rebus",5,07/10/2023 01:11:52,ChIJkWa3cJ4BhzIR7oUGRnXnUL8
RM KIM-KIM,,Wahyuddin Ansar,"Hanya sekali makan disni kebetulan di traktir jadi ga tau harganya berapa. Yang dimakan Nasi Kuning, rasanya mantap enak, rekomended nasi kuningnya. Suasana padat / rame pada jam2 tertentu dan tidak ada pelayan yang mengatur tempat duduk atau pelanggan.",4,07/01/2023 10:44:24,ChIJkWa3cJ4BhzIR7oUGRnXnUL8
RM KIM-KIM,,Angel,"Makanan enak dan terjangkau. Pelayanan baik, sopan dan cepat. Tempat sedikit pengap",5,06/15/2023 01:21:16,ChIJkWa3cJ4BhzIR7oUGRnXnUL8
RM KIM-KIM,,Andrew The,"Nasi Kuning dan Tinutuannya sih enak, tapi ruangannya perlu di perbaiki",5,06/14/2023 07:58:40,ChIJkWa3cJ4BhzIR7oUGRnXnUL8
RM KIM-KIM,,Yongky Bawangun (YongQ),Pelayanan orderan agak lama,3,06/12/2023 05:40:37,ChIJkWa3cJ4BhzIR7oUGRnXnUL8
RM KIM-KIM,,Meita bella Laya,"enak, nyaman dan bersih",5,05/24/2023 04:58:36,ChIJkWa3cJ4BhzIR7oUGRnXnUL8
RM KIM-KIM,,Ester Rompas,"Makanannya enak cuma tempatnya panas,ga ada kipas 😁",4,05/05/2023 00:06:29,ChIJkWa3cJ4BhzIR7oUGRnXnUL8
RM KIM-KIM,,irving Wullur,Tinutuan & nasi kuningnya enak,4,04/01/2023 09:59:51,ChIJkWa3cJ4BhzIR7oUGRnXnUL8
RM KIM-KIM,,Hendra Yefta,Nasi kuning paling enak dibitung,5,02/01/2023 00:59:42,ChIJkWa3cJ4BhzIR7oUGRnXnUL8
Ta Wan - Manado Town Square,,Ni Kadek Aryanti,thank uu for celebrate my birthday 🤍,5,01/24/2026 13:20:10,ChIJdzdi0ht1hzIRHEVspNJrPG0
Ta Wan - Manado Town Square,,pebisnis tangguh,"Terimakasih banyak atas pelayanan yg diberikan oleh pihak resto, dimana ketika sy komplain, di tanggapi dg baik bahkan pihak resto memberikan kompensasi yg luar biasa. Dan resto yg skrg pelayanannya sdh banyak mengalami kemajuan, dlm menyajikan makanan tidak lgi dlm waktu yg lama dan makanan yg di sajikan rasanya tetap nikmat tidak berubah. Rekomended resto buat warga manado. Terimakasih. GBU",5,01/24/2026 11:31:11,ChIJdzdi0ht1hzIRHEVspNJrPG0
Ta Wan - Manado Town Square,,nita prihatini,makanannya enak bgt super duper rekomen 😍,5,01/23/2026 12:22:47,ChIJdzdi0ht1hzIRHEVspNJrPG0
Ta Wan - Manado Town Square,,Chendy Tangui,"Wah, asyik banget, dapet Mie Ulang Tahun gratis dari Ta Wan!👍 Biar makin mantap gratisannya lebih variatif lagi. Terima kasih ya🙏",5,01/23/2026 05:44:01,ChIJdzdi0ht1hzIRHEVspNJrPG0
Ta Wan - Manado Town Square,,Takwa Winata,"Worth it banget, ada birthday treatnya, dan enak banget, suasana nya juga nyaman banget, ga nunggu lama, cepat, pelayanannya juga baik, cocok banget buat yang lagi birthdayy !!",5,01/22/2026 10:21:27,ChIJdzdi0ht1hzIRHEVspNJrPG0
Ta Wan - Manado Town Square,,silfina pakaya,"Pelayanannya ramah, makanannya enak sesuai lidah orang lokal, terbaik😁🔥🔥🔥",5,01/22/2026 09:31:51,ChIJdzdi0ht1hzIRHEVspNJrPG0
Ta Wan - Manado Town Square,,Silfana Pakaya,Pelayanan sangat ramah senang bisa menikmati makan disini,5,01/22/2026 09:29:24,ChIJdzdi0ht1hzIRHEVspNJrPG0
Ta Wan - Manado Town Square,,Gani Ghaisan,"Suasanya nya baru, cozy bgt dah Makanan nya masih tetap teristimewa",5,01/22/2026 07:40:30,ChIJdzdi0ht1hzIRHEVspNJrPG0
Ta Wan - Manado Town Square,,Gloria Kawulusan,Makanan nya enakkk pelayanannyaaa ramahhh,5,01/21/2026 13:31:40,ChIJdzdi0ht1hzIRHEVspNJrPG0
Ta Wan - Manado Town Square,,Inayah Kartika Eli,Pelayanan Baik Banget dan Ramah,5,01/19/2026 05:13:33,ChIJdzdi0ht1hzIRHEVspNJrPG0
Ta Wan - Manado Town Square,,Elisyah Fatmawati,"Recommended bnget untuk makan bersama keluarga, rasa pelayanan dan suasana good bnget pokonya 🥰",5,01/18/2026 16:00:53,ChIJdzdi0ht1hzIRHEVspNJrPG0
Ta Wan - Manado Town Square,,MUHAMAD PROJECT,"Mknanya enk tamabah udah di renof tambah makin nyaman, tingkatkan 👌",5,01/18/2026 15:56:40,ChIJdzdi0ht1hzIRHEVspNJrPG0
Ta Wan - Manado Town Square,,Rezza Aditia,"Makan ditawan barang keluarga kemarin sagat memuasakan pelayananya baik suasananya bagus nyaman kariawanya ramah"" dan menunya juga the best deh untuk ngoni warga manado cobain makan ditawan so pasti nynda mengecewakan save moment ditawan manado",5,01/18/2026 15:33:30,ChIJdzdi0ht1hzIRHEVspNJrPG0
Ta Wan - Manado Town Square,,Elisabeth Claudia,Gak enak sama sekali,1,01/07/2026 12:21:37,ChIJdzdi0ht1hzIRHEVspNJrPG0
Ta Wan - Manado Town Square,,Jefly Josua karuntu,"45 minutes for fuyung hai and still not yet completed until the other food cold and finished and they say it is normal 😂🙈really? 1 hr for fuyung hai it was awfull, my 1st and last time, not anymore",2,12/27/2025 10:19:13,ChIJdzdi0ht1hzIRHEVspNJrPG0
Ta Wan - Manado Town Square,,Muhammad Khoiruman Fadilah,"Disini bisa birthday treat ygy, DP makanan juga enakk Recommended buat yang ultah🥳🥳🥳",5,12/22/2025 09:09:12,ChIJdzdi0ht1hzIRHEVspNJrPG0
Ta Wan - Manado Town Square,,Esther Pitoy,"nyaman, karyawan ramah",5,10/12/2025 08:25:48,ChIJdzdi0ht1hzIRHEVspNJrPG0
Ta Wan - Manado Town Square,,Sal's,Claim birthday treat Syarat hanya 1. tunjukkan ktp 2. Beli satu menu bebas no minimum order 3. Review google 4. Berlaku sampai h + 7,5,09/18/2025 07:11:51,ChIJdzdi0ht1hzIRHEVspNJrPG0
Ta Wan - Manado Town Square,,Amel Melz,Enak enak makanan disini dari dulu selalu langganan apalagi bubur nya dan ayam kungpao the best !!,5,09/07/2025 08:29:01,ChIJdzdi0ht1hzIRHEVspNJrPG0
Ta Wan - Manado Town Square,,Gratia Timbuleng,staffnya ramah sekali!! nicee ta wan🤩,5,09/03/2025 08:47:37,ChIJdzdi0ht1hzIRHEVspNJrPG0
Ta Wan - Manado Town Square,,varisky dumanaw,"Good Place, Come Here if your birthday. Free Noodle Birthday 😍",5,08/21/2025 13:14:23,ChIJdzdi0ht1hzIRHEVspNJrPG0
Ta Wan - Manado Town Square,,Gabriella Yuwono,Makanannya selalu okee 👌👌 cocok buat makan bareng keluarga,5,08/17/2025 11:24:50,ChIJdzdi0ht1hzIRHEVspNJrPG0
Ta Wan - Manado Town Square,,Muhammad Arfandy,Sangat enakk dn pelayanannya memuaskan,5,08/16/2025 04:01:41,ChIJdzdi0ht1hzIRHEVspNJrPG0
Tanaraya,,Titie Kirana,View pegunungan.. Sejuk.. Keren pokoknyaa,5,01/31/2026 19:29:51,ChIJjY9sNPtthzIRi3PrBaooHPA
Tanaraya,,Myrna S,"Tempatnya bagus,saat sore terasa teduh n adem....",5,01/27/2026 09:29:32,ChIJjY9sNPtthzIRi3PrBaooHPA
Tanaraya,,Nova,"Such a warm and cozy feeling. The view is amazing as well. The food is great, worth for the price. 👍🏼",5,01/23/2026 15:22:04,ChIJjY9sNPtthzIRi3PrBaooHPA
Tanaraya,,Andyka Kawa,"Akhir tahun 2024 sudah pernah saya ke tempat ini namun tidak sempat masuk untuk mencoba menu di tempat ini😀 Akhirnya awal tahun 2026 saya sempatkan waktu untuk datang ke tempat ini, kebetulan saya cuti dan balik ke manado bersama keluarga saya😊 Saya datang ke tempat ini pas di siang hari dan pas jam makan siang, namun pada waktu kami memesan ada beberapa menu makanan yang kosong sehingga kami putuskan hanya memesan cemilan dan minuman saja 🍱 🍷 Tempatnya sangat estetik dan banyak spot foto yang bisa kita ambil dari tempat ini📸 Tempat ini bisa dijadikan salah satu rekomendasi destinasi untuk dikunjungi bersama keluarga💯",4,01/21/2026 15:08:46,ChIJjY9sNPtthzIRi3PrBaooHPA
Tanaraya,,Lois Ochotan,Tempatnya sangat bagus untuk mengosi libur baik bersama keluarga maupun sahabat dan teman-teman,4,01/20/2026 23:42:04,ChIJjY9sNPtthzIRi3PrBaooHPA
Tanaraya,,Raymond Undap,"Datang di hari Minggu saat rush hour, menu tidak lengkap, antar staff banyak missed communication terhadap pesanan, ada yg bilang ready, ada yg bilang tidak ready, pesan paket tuna datang 1 jam kemudian saat yg lain sudah selesai dengan makanan masing-masing. Jika cari tempat makan dgn ekspektasi seperti restoran lainnya, saya tidak rekomendasikan, jika mencari vibe cafe di Tomohon untuk hangout, Tanaraya bisa jadi pilihan.",2,01/11/2026 06:39:16,ChIJjY9sNPtthzIRi3PrBaooHPA
Tanaraya,,Petrus Lasut,Experiencing Hazel in their service how ever can resolve.. And attitude of the service is good.. Keep improving..,5,01/04/2026 04:26:28,ChIJjY9sNPtthzIRi3PrBaooHPA
Tanaraya,,Ricky Sengkey,"Tempatnya kereennn, makanan enak enak, cuma agak telat makanan tapi tidak apa apa saya paham.. Rameee 👍👍👍 the best Tanaraya",5,01/03/2026 17:48:20,ChIJjY9sNPtthzIRi3PrBaooHPA
Tanaraya,,Andhien Rachmy,"tempat kotor, lantai 3 nya gak layak pakai, makanan gaenak pesen nasi goreng tp asin bgt, service nya kurang, pelayan ga ramah, kecuali staff yg jaga billiard masih ok",1,01/03/2026 15:04:59,ChIJjY9sNPtthzIRi3PrBaooHPA
Tanaraya,,Lerry Tutu,Tempat Ok banget,5,01/03/2026 07:09:04,ChIJjY9sNPtthzIRi3PrBaooHPA
Tanaraya,,A53P,Makanan kurang layanan biasa suasana lumayan,1,12/31/2025 15:37:11,ChIJjY9sNPtthzIRi3PrBaooHPA
Tanaraya,,Dhany Projek,Suasana bagus dan cocok untuk bawa keluarga,5,12/29/2025 01:03:22,ChIJjY9sNPtthzIRi3PrBaooHPA
Tanaraya,,The Lie Tjien,Hanya menjual suasana saja. Menunya banyak banget tapi begitu pesan kosong semua. Hanya menjual tempat foto saja. Untuk yg hobi makan jangan kesini.,1,12/27/2025 07:45:41,ChIJjY9sNPtthzIRi3PrBaooHPA
Tanaraya,,Paskalia,"Pertama kali datang ke sini pelayanannya sangat lambat, hampir 2 jam menunggu 2 makanan tidak keluar setelah di konfirmasi ternyata makanan yang satunya sudah sold out dan tapi tidak di informasikan ke kami. very bad service👎",1,12/26/2025 12:39:07,ChIJjY9sNPtthzIRi3PrBaooHPA
Tanaraya,,himawan d' mbambesh,one of the best place to escape from daily routines,5,12/21/2025 08:56:55,ChIJjY9sNPtthzIRi3PrBaooHPA
Tanaraya,,Tessalonika Siwu,"Tempatnya bagus , ad mini farm & garden loh😍",5,12/19/2025 02:13:33,ChIJjY9sNPtthzIRi3PrBaooHPA
Tanaraya,,Rudy Takumansang,"Tempat terbaik, pelayanan terbaik, makanan enak❤️",5,12/19/2025 02:10:05,ChIJjY9sNPtthzIRi3PrBaooHPA
Tanaraya,,Elea Olivia,"I love this place The food & the drink so good🥰 Sekarang udah ada mini farm & gardennya❤❤ Dan juga utk anak2 ada playground Makin banyak spot foto menarik, terbaik tanaraya!!!",5,12/19/2025 02:04:05,ChIJjY9sNPtthzIRi3PrBaooHPA
Tanaraya,,Regina Moko,"Pertama kali datang pas tema HALLOWEEN, kesan pertama ""gilsss seniat ini dekorasinya"", makanan enak enak enak, pelayanan bintang berbintang-bintang (no hoax) , terbaik 👍💯",5,10/12/2025 02:38:00,ChIJjY9sNPtthzIRi3PrBaooHPA
Tanaraya,,Aneke Tumilaar,Makananya sangat Enak dan Gurih.,5,09/01/2025 12:31:47,ChIJjY9sNPtthzIRi3PrBaooHPA
Tanaraya,,Taufiq Putra,"sayang banget, makanan krg dipersiapkan dg baik. staf sperti tidak ready",4,08/30/2025 11:30:32,ChIJjY9sNPtthzIRi3PrBaooHPA
Tanaraya,,Mike S,"You’re here for the gorgeous view, but the menu ain’t bad. We’ve had two of their chef’s specials: tuna woku and roa fried rice. It was good, but nothing to write home about. They have V60 manual brew coffee here, which they roast themselves (I think), and they were good. You can see the stunning view of Mount Lokon from the 2nd and 3rd floor, and the trees and flowers arrangement in this place is gorgeous.",5,08/28/2025 02:45:25,ChIJjY9sNPtthzIRi3PrBaooHPA
Tanaraya,,Tami Turang,"Selain makanannya enak & worth the price, pelayanan & staff nya super ramah 😍 dapat complimentary birthday & dibantu waktu kasih surprise juga, thankyou kakak kakak Tanaraya",5,08/26/2025 12:13:19,ChIJjY9sNPtthzIRi3PrBaooHPA
Tanaraya,,bellvania,"tempat yang asik buat kumpul²...parkiran luas, pelayanan bagus,makanan enak. sukses terus Tanaraya",5,08/24/2025 10:11:32,ChIJjY9sNPtthzIRi3PrBaooHPA
Tanaraya,,Aiko Tiho,"tempat luas, adem, nyaman , makanan enak , minuman juga enak apalagi matcha milkshake nya enak sekali...saya suka😚",5,08/24/2025 10:08:55,ChIJjY9sNPtthzIRi3PrBaooHPA
Tanaraya,,Silce Sumarauw,"Tempat yang nyaman buat keluarga, nongkrong teman²... Makanannya masih murah untuk tempat sebagus ini... Pelayanannya ramah.. Bagus pokoknya, Sukses Tanaraya 👌",5,08/22/2025 04:35:51,ChIJjY9sNPtthzIRi3PrBaooHPA
Tanaraya,,Reca Shop,"Enak pokoknya, suasananya bagus😍",5,08/22/2025 03:58:22,ChIJjY9sNPtthzIRi3PrBaooHPA
Tanaraya,,Meiske Legie,Ada harga ada kualitas🔥,5,08/21/2025 12:00:53,ChIJjY9sNPtthzIRi3PrBaooHPA
Tanaraya,,Christina Auralia Santoso,"Datang kesini untuk makan siang setelah menonton acara TIFF. Resto besar, banyak spot foto instagramable dengan nuansa menghadap langsung ke gunung lokon. Pelayanannya cukup lambat, apalagi saat datang resto mati lampu dan ukuran restorant besar seperti ini tidak ada genset (?). Makanannya enak, hanya saja menu indonesian food tidak banyak.",3,08/10/2025 10:27:01,ChIJjY9sNPtthzIRi3PrBaooHPA
Pollen Cafe,,Fanny “Fanny” Ischard,"Cet endroit est fermé, c'est dommage car j'aurai aimé essayer",1,08/28/2025 05:37:48,ChIJKT_kUFMBhzIRflIQko4Dd5A
Pollen Cafe,,adrian sinke,"Nice place, service is fast and food is quite good too. Particularly the tuna is really good",5,09/06/2024 10:45:44,ChIJKT_kUFMBhzIRflIQko4Dd5A
Pollen Cafe,,Michell Zefanya,"the besttt, cafe terbaik di bitung dpe makanan minuman enakk, apale dpe tuna woku, nasgor, kentang goreng, mango smothies pokoknya amper smua enakk😭",5,07/29/2024 07:22:10,ChIJKT_kUFMBhzIRflIQko4Dd5A
Pollen Cafe,,Donald Rian,Makanannya enak. Tempatnya bagus.,5,05/19/2024 12:45:06,ChIJKT_kUFMBhzIRflIQko4Dd5A
Pollen Cafe,,Selly Puspa,Sapi lada hitamnya enak! Cuma sayang penyajiannya cukup lam. Terima kasih.,4,02/22/2024 05:27:20,ChIJKT_kUFMBhzIRflIQko4Dd5A
Pollen Cafe,,Vida Parady,The only decent place for our meetings. Great meeting room above the resto.,5,02/21/2024 13:23:06,ChIJKT_kUFMBhzIRflIQko4Dd5A
Pollen Cafe,,Y3S Story,Salah satu cafe buat kumpul di tengah pusat kota Bitung. Bis jadi pilihan karena area jalur transportasi publik,5,01/20/2024 05:47:51,ChIJKT_kUFMBhzIRflIQko4Dd5A
Pollen Cafe,,Henry,Food 3.5/5 Service 4/5 Ambience 4.5/5,4,11/28/2023 16:24:05,ChIJKT_kUFMBhzIRflIQko4Dd5A
Pollen Cafe,,Christina R Simanjuntak,Nice place to have a coffee break with friends.,4,09/04/2023 10:10:55,ChIJKT_kUFMBhzIRflIQko4Dd5A
Pollen Cafe,,Dwi Ramandhani,"Pokonya tempat paling bagus untuk buat acara, meeting, dan santai bersama teman maupu keluarga",5,09/01/2023 14:05:03,ChIJKT_kUFMBhzIRflIQko4Dd5A
Pollen Cafe,,Noa Howell,"First, we had to wait a very long time to get our food; a burger and a pasta, both of which were not tasty. My friend has been sick with food poisoning for days now, because of the burger. In addition, the ‘combi deal’ with the burger included fries, but we literally got 6 fries. Furthermore, I asked for no meat with my pasta, I communicated this clearly, but there was still meat. I decided to eat it anyway because we had been waiting for such a long time. The sauce with the pasta also had a very strange taste, so eventually I ended up not eating it at all. Bad service and bad food.",1,07/13/2023 08:31:44,ChIJKT_kUFMBhzIRflIQko4Dd5A
Pollen Cafe,,Tedi Hermawan,"Makanan""nya enak"" dan pelayanannya sangat baik",5,06/20/2023 15:07:08,ChIJKT_kUFMBhzIRflIQko4Dd5A
Pollen Cafe,,Eka Karnawan,Yang saya suka dari Pollen adalah menunya tidak gimmick. Hampir semua ada dan tersedia (kecuali kalau kehabisan). Pollen nya kadang enak kadang tidak (belum stabil). Internet sama kadang cepat kadang lambat,4,05/13/2023 10:28:06,ChIJKT_kUFMBhzIRflIQko4Dd5A
Pollen Cafe,,Delpys Gaspersz,Hiburan sangat kurang untuk sebuah cafe pada umumnya,3,02/24/2023 23:23:07,ChIJKT_kUFMBhzIRflIQko4Dd5A
Fu King Resto,,ingrid,Makanan wajib selama pulang kampung dimanado 👌🏻👌🏻👌🏻,5,12/17/2024 08:04:32,ChIJqfxSExp1hzIR6ghPll8QE-w
Fu King Resto,,Johan Tanuwijaya,Pork Knuckle nya the best !!! Babi memang tiada duanya,4,07/28/2024 14:13:53,ChIJqfxSExp1hzIR6ghPll8QE-w
Fu King Resto,,Leo L,"Anyone who loves pork dishes should come and try this restaurant. They have diverse variety of pork such as : fried knuckle, grilled ribs, grilled belly, soup, roasted pork and so on... You can try and indulge all those porkiness in one go Don't forget to try he side dishes like eggplant , acar (pickle) dish or papaya flower dish to neutralize the taste afterward",4,03/29/2024 00:37:03,ChIJqfxSExp1hzIR6ghPll8QE-w
Fu King Resto,,Arifin Harianto,Pork knuckle nya must try. Crispy namun lembut. Paduan rica nya pas.... Must try juga sop brenebon nya (kacang merah)... Maknyoos....,5,04/13/2023 03:07:27,ChIJqfxSExp1hzIR6ghPll8QE-w
Kanzo Resto & Cafe,,CJ,Nous sommes venu ici un samedi soir. La suprise d'un live music ! La nourriture était bien bonne et le service impeccable. On recommande,5,10/18/2025 13:00:57,ChIJ-_-vvOZshzIRS1UQO08OWXc
Kanzo Resto & Cafe,,Gijs Zaalberg,"Great food, a nice place to have a beer and listen to live music on Saturdays",5,08/18/2025 02:15:55,ChIJ-_-vvOZshzIRS1UQO08OWXc
Kanzo Resto & Cafe,,R Berendsen,Slow service and food is so-so. I ordered the pork ribs and got just two small pieces. Not enough for dinner....,2,08/09/2025 12:35:00,ChIJ-_-vvOZshzIRS1UQO08OWXc
Kanzo Resto & Cafe,,cicilias,"Cafenya bagus, makanannya enak-enak minesnya cuma di toiletnya aja.",4,08/04/2025 08:32:41,ChIJ-_-vvOZshzIRS1UQO08OWXc
Kanzo Resto & Cafe,,Alvin Oktavianus,Tempat untuk santai bersama rekan2,5,07/29/2025 10:19:26,ChIJ-_-vvOZshzIRS1UQO08OWXc
Kanzo Resto & Cafe,,sissyanti Kaluwulang,"Kalau ke tomohon , Pasti dan mutlak mampir Makan nya disini !! Gak tau kenapa ""Nasi Cakalang Kuah Gedi"" nya Nagih poll !! Parahh😭🤩😍🥰",5,07/16/2025 07:12:57,ChIJ-_-vvOZshzIRS1UQO08OWXc
Kanzo Resto & Cafe,,Drew,"Lokasinya strategis tepat di jalan raya. Suasananya nyaman dan ada live music di saat tertentu. Cocok untuk nongkrong dengan rekan/pasangan. Pelayanan baik. Beberapa makanan yg saya sering pesan: Paket ayam bakar: 9/10 (Dagingnya kenyal, bumbu meresap, rica sangat cocok). Paket babi bakar: 9/10 (Akan 10/10 jika tawa'nya lebih sedikit, perbanyak dagingnya).",5,06/22/2025 12:40:08,ChIJ-_-vvOZshzIRS1UQO08OWXc
Kanzo Resto & Cafe,,Alexander,"Not Recommended, Poor Food and Service Ordered babi bakar and was shocked to find that about 85% of it was just pork fat. I asked if it could be changed, but they flat-out refused, saying that it's ""normal"" for roasted pork to be mostly fat. Honestly, that's not acceptable. P.S. Be prepared for a swarm of angry mosquitoes in the evening. Not a pleasant dining experience overall.",1,04/06/2025 10:37:16,ChIJ-_-vvOZshzIRS1UQO08OWXc
Kanzo Resto & Cafe,,Thexy Kaunang,"serasa cafe di bali, estetik skali tambh makananya pas dg torang p selera",5,10/24/2024 23:57:31,ChIJ-_-vvOZshzIRS1UQO08OWXc
Kanzo Resto & Cafe,,Arno De Bok,Kita bule so tinggal di Tomohon selama 2 tahun. Ini tempat nongkrong terbagus disini. Semua kalangan datang kesini. 5 bintang++.,5,09/13/2024 16:51:13,ChIJ-_-vvOZshzIRS1UQO08OWXc
Kanzo Resto & Cafe,,Gravelia Tumbelaka,"lama sekali nunggu hampir 3 jam, nasi gorengnya asin sekali",1,08/10/2024 07:57:14,ChIJ-_-vvOZshzIRS1UQO08OWXc
Kanzo Resto & Cafe,,Sevanya Wenur,"makanan tawar, harga mahal, penyajian lama",1,08/10/2024 07:56:44,ChIJ-_-vvOZshzIRS1UQO08OWXc
Kanzo Resto & Cafe,,Silke Schmitt,"Ich kann die schlechten Bewertungen der europäischen Gäste nicht nachvollziehen. Man sollte bedenken, dass es hier keinen nennenswerten Tourismus gibt und die Speisen auf lokale Gäste ausgerichtet sind. Indonesier essen nicht gerne sehr heiß. Will man das nicht, muss man es anders bestellen. Wir kommen seit Jahren regelmäßig her. Das Essen ist gut und günstig.",5,08/01/2024 07:35:22,ChIJ-_-vvOZshzIRS1UQO08OWXc
Kanzo Resto & Cafe,,Lorenzo Marchetti,"Mi dispiace fare una recensione negativa e spero che sia stata una giornata sfortunata. Abbiamo ordinato 2 portate e due patatine fritte, dopo qualche minuto è arrivata la cameriera e ci ha detto che non erano disponibili... così ne abbiamo ordinati altri due. Ho ordinato anche una guinness, ma neanche quella c'era. Quando ci hanno finalmente portato le cose ordinate, ce ne hanno portate 3, quindi uno dei due piatti ordinati alla fine era disponibile, ma l'abbiamo rimandato indietro. Purtroppo quello che abbiamo mangiato non era neanche buono e non l'abbiamo finito. Peccato perché l'ambiente è molto carino e la musica dal vivo ci è piaciuta tanto. Spero sia stata solo una serata storta!",2,07/13/2024 06:14:08,ChIJ-_-vvOZshzIRS1UQO08OWXc
Kanzo Resto & Cafe,,Alessandro Bertoli,The food was inedible for us and cold. We ordered drinks and asked three times for them and after 30minutes we gave up and left. If you're thinking of going there we'd suggest indomart instead.,1,04/04/2024 05:25:44,ChIJ-_-vvOZshzIRS1UQO08OWXc
Kanzo Resto & Cafe,,Kristofel Ruben,GBI RAJAWALI Tomohon menjadi berkat di kota Tomohon,5,04/01/2024 02:19:16,ChIJ-_-vvOZshzIRS1UQO08OWXc
Kanzo Resto & Cafe,,devidahri hamdani,Tempat nongkrong dan mkn yg ada d salah satu kota tomohon.. Layananx bgs pelayanannya ramah dan menunya lumayan enk.. Buat penikmat bir /minuman keras lainnya tersedia dgn aneka merk.. Memgingat udara d kota tomohon ckp dingin bslah buat menghangtkn tubuh...,5,10/06/2023 21:34:11,ChIJ-_-vvOZshzIRS1UQO08OWXc
Kanzo Resto & Cafe,,Noémie HACHET,Une nourriture délicieuse et un endroit super agréable ! La déco est super jolie et donne envie d’y rester. Nous aurions juste aimé un accueil/ service plus chaleureux/ souriant. Allez-y vous ne serez pas déçu !,4,05/24/2023 10:17:08,ChIJ-_-vvOZshzIRS1UQO08OWXc
Kanzo Resto & Cafe,,ihsan hidayat,Pelayanan tergolong lama... makannya keluar lama sekali... tlng diperhatikan,2,05/13/2023 01:52:48,ChIJ-_-vvOZshzIRS1UQO08OWXc
Kanzo Resto & Cafe,,Ali Tantular,"Non Halal. Menu makanan bervariasi, dari snack sampai mknan utama. Kami pesan Tuna Bumbu RW, Mie Kuah Cakalang, Pork Ribs grilled, Pork fried with Rice, semua recommended. Suasana Malam hanya cocok utk kawula muda, atau new married couple. Tdk cocok bawa anak2. Smoking Area at dining table, tersedia minuman rendah alkohol. Jumat or sabtu malam live music.",4,03/24/2023 12:08:57,ChIJ-_-vvOZshzIRS1UQO08OWXc
Restaurant Mawar Sharron Bitung,,Nendy Deni06,"Saya sangat suka dengan menu ayam mawar sharon,menurut saya itu enak dan soal penataan makannya juga cantik dan menggugah selera.pelayanan juga ramah",5,09/23/2025 06:20:03,ChIJWUZNsZ0BhzIRV_y4IltBeHw
Restaurant Mawar Sharron Bitung,,sumuru Rindi,"Cocok utk santai sama teman,kerabat,Sudara dan keluarga",5,06/30/2025 05:36:53,ChIJWUZNsZ0BhzIRV_y4IltBeHw
Restaurant Mawar Sharron Bitung,,Gwyneth Emily Albertin Kario,Ini adalah makanan kesukaan ku,5,04/22/2025 08:22:15,ChIJWUZNsZ0BhzIRV_y4IltBeHw
Restaurant Mawar Sharron Bitung,,dinah susi tjokroaminoto,Makanan dan servisnya baik.,5,08/07/2024 15:47:51,ChIJWUZNsZ0BhzIRV_y4IltBeHw
Restaurant Mawar Sharron Bitung,,Edy Milala,"My first time tried this mawar sharron Their chicken same like other store mawar sharron Same taste too But unfortunately today when i ask for struk,they charge 10% 😢and got caterpillar in their kale 🤦‍♂️🤦‍♂️",2,05/15/2024 05:39:34,ChIJWUZNsZ0BhzIRV_y4IltBeHw
Restaurant Mawar Sharron Bitung,,Levi Mundung,"Suasananya asyik untuk kumpul, makanan enak, lokasi mudah di jangkau.",4,02/12/2024 13:28:46,ChIJWUZNsZ0BhzIRV_y4IltBeHw
Restaurant Mawar Sharron Bitung,,Fahry Widu Lamato,"Selalu enak, cepat saji dan cepat habis 😁",5,07/04/2023 14:23:14,ChIJWUZNsZ0BhzIRV_y4IltBeHw
Restaurant Mawar Sharron Bitung,,Fat fatcin Fakta Cen Hendra Tan,"Restoran ayam goreng yang wajib anda cicipin selama di Manado, sambal nya tidak pedas dan menururt saya olahan sambalan ada di tambahin nenas",5,06/28/2023 19:18:39,ChIJWUZNsZ0BhzIRV_y4IltBeHw
LOKON VIEW WOLOAN,,Kip Lacy,This place appears to be permanently closed.,1,07/31/2025 10:02:07,ChIJ_XRDfRFthzIRCD-ktJWNyso
LOKON VIEW WOLOAN,,Alien Backpacker,Pas hari Sabtu siang pergi ternyata restorannya ga buka. Katanya buka malam. Kolam renangnya udah ga terurus,2,09/28/2024 11:16:57,ChIJ_XRDfRFthzIRCD-ktJWNyso
LOKON VIEW WOLOAN,,Bagas Edo,Sangat cocok bagi saya,5,01/03/2024 12:05:24,ChIJ_XRDfRFthzIRCD-ktJWNyso
GEPUK BITUNG (Ex. Ayam Gepuk Pak Gembus) - Bitung,,Leonardo Salmon,"Minyak goreng tidak diganti, warnanya hitam",1,01/15/2026 21:18:22,ChIJowuspRsBhzIRgVskgfi4Yxs
GEPUK BITUNG (Ex. Ayam Gepuk Pak Gembus) - Bitung,,Reviando Manope,"Awal juli sudah mulai membaik, ayo guys mampir lagi rasah dan pelayanan sudah 100% terbaik😍😍😍 Terbaikkkkkkkk👍🏻 Crispynya sudah jumbo dan enak🫶🏻",5,08/30/2025 10:13:43,ChIJowuspRsBhzIRgVskgfi4Yxs
GEPUK BITUNG (Ex. Ayam Gepuk Pak Gembus) - Bitung,,Janggem Kasiuhe,"Awal juli sudah mulai membaik, ayo guys mampir lagi rasah dan pelayanan sudah 100% terbaik😍😍😍 Terbaikkkkkkkk👍🏻 Crispynya sudah jumbo dan enak🫶🏻",5,08/30/2025 10:09:06,ChIJowuspRsBhzIRgVskgfi4Yxs
GEPUK BITUNG (Ex. Ayam Gepuk Pak Gembus) - Bitung,,Jepsy Gomies,"Awal juli sudah mulai membaik, ayo guys mampir lagi rasah dan pelayanan sudah 100% terbaik😍😍😍",5,08/30/2025 10:05:23,ChIJowuspRsBhzIRgVskgfi4Yxs
GEPUK BITUNG (Ex. Ayam Gepuk Pak Gembus) - Bitung,,ichiduck,"Ini bukan ayam gepuk pak gembus.. kalau aslinya sambal dipakein kacang.. jauh lebih enak.. ini sambal biasa aja.. kalau franchise, ini mah udah merubah resep asli.. kalau sengaja pake nama pak gembus, ini penipuan krn bukan aslinya..",1,08/08/2025 13:09:29,ChIJowuspRsBhzIRgVskgfi4Yxs
GEPUK BITUNG (Ex. Ayam Gepuk Pak Gembus) - Bitung,,Nikol Pua,Lolo lma skli trng so lapar in pendoooo,1,06/23/2024 06:18:33,ChIJowuspRsBhzIRgVskgfi4Yxs
GEPUK BITUNG (Ex. Ayam Gepuk Pak Gembus) - Bitung,,Tony Suatan,Nyaman..ramah di utamakan.,5,06/09/2024 05:36:22,ChIJowuspRsBhzIRgVskgfi4Yxs
GEPUK BITUNG (Ex. Ayam Gepuk Pak Gembus) - Bitung,,Ainun Buhari,"Makanan sampe somo 1 jam da tunggu pelayanan lelet, trang lebeh dulu ba psan mkang ditampa mar yg dapa layani tu ba bungkus lebeh dulu,, somo reken pica maag",1,10/27/2023 11:03:33,ChIJowuspRsBhzIRgVskgfi4Yxs
GEPUK BITUNG (Ex. Ayam Gepuk Pak Gembus) - Bitung,,Sugeng M Muktiwijaya,Cozy place to eat. Excellent Food. Nice family place to eat.,5,10/17/2023 04:56:23,ChIJowuspRsBhzIRgVskgfi4Yxs
GEPUK BITUNG (Ex. Ayam Gepuk Pak Gembus) - Bitung,,Khusus Enak,"Awalnya ini tempat enak. Sambelnya enak. Udah 3 tahun makan disini tapi kualitas makin ancur. Sorry to say. Masalahnya ada di karyawannya yg kerja disini. Gak punya attitude, ngapal menu aja gak becus, ngasih orderan selalu salah. Pernah suatu hari dihidangin beras apaan gak tau kayak nasi bekas. Sambelnya makin asin. Ayamnya aja yg dihidanginnya dingin padahal udah nunggu 1 jam buat di bakar. Harga beda2 kadang tu sambel extra gratis kadang bayar. Karyawannya rese asli gak niat kerja. And the most ridiculous is wifinya dibilang khusus karyawan disini. What a joke 🤣. Owner i saw you a dozen times, and i think that you are a nice guy. Tapi tolong diperhatikan restomu itu gak laku karna kelakuan karyawanmu.",1,02/11/2023 08:58:10,ChIJowuspRsBhzIRgVskgfi4Yxs
eLHaHa Cafe & Resto,,Andi Z Mabbiritta,Lokasinya diatas alfamart sebelahan dengan Hotel Prince Boulevard...,5,01/13/2025 08:13:17,ChIJvQl2yA91hzIRXp7x7ImJZYw
eLHaHa Cafe & Resto,,Hangga Btg,Kafe untuk bersantai menikmati makanan nusantara.. halal.. Nb. harga turun lho..cekidot,5,01/20/2024 13:35:43,ChIJvQl2yA91hzIRXp7x7ImJZYw
eLHaHa Cafe & Resto,,abram harold samperante,Elegant coffee place,5,10/24/2023 10:01:51,ChIJvQl2yA91hzIRXp7x7ImJZYw
eLHaHa Cafe & Resto,,Dodi hendra,Keliatan kecil dari luar ternyata bagus di dalam 👍🏼👍🏼,5,09/01/2023 15:12:03,ChIJvQl2yA91hzIRXp7x7ImJZYw
eLHaHa Cafe & Resto,,Ronny Adolof Buol,"Sambal di paket tuna bakarnya juaraaaa. Pedas tapi ngejar. Ordernya juga cepat, tidak sampai 10 menit sudah datang. Rasanya ok. Rekomended. Resto ini nempel dengan Hotel Prince. Lokasi sangat strategis, tepat di depan mall utama di Kota Manado. Hanya beberapa langkah kaki dari poros jalan utama di Manado. Lokasi parkir cukup luas. Pelayannya ramah. Interior cukup rame, pengaturan cahaya juga moody. Ada terasnya dengan pemandangan kesibukan lalu lintas. Rekomendelah.",5,07/06/2023 07:59:51,ChIJvQl2yA91hzIRXp7x7ImJZYw
eLHaHa Cafe & Resto,,sherly tampian,"Pas kmrn mkn gado2x agak asin,berikut mgkn bs lebih baik lagi",4,05/22/2023 16:21:12,ChIJvQl2yA91hzIRXp7x7ImJZYw
eLHaHa Cafe & Resto,,Hervan Ari Saputra,"For those who are looking place to eat with a signature taste. Come have a visit. The service are wonderful and blazing fast. The food are excellent, and had a signature taste. Very recommended to eat out here. Try it for yourself🥂🥂",5,04/29/2023 12:05:15,ChIJvQl2yA91hzIRXp7x7ImJZYw
eLHaHa Cafe & Resto,,Joana Matthieu,Very delicious. Flavour was great. Staff was friendly and service was fast.,5,04/20/2023 08:00:39,ChIJvQl2yA91hzIRXp7x7ImJZYw
eLHaHa Cafe & Resto,,Andy Katzerl,"Nettes Restaurant mit Terrasse, gute Auswahl an Speisen und Getränken. Freundlicher Service. Nachteil: das Personal regelt die Lautstärke der Musik je nach ihrem Geschmack...unerträglich lautes Gejaule von grottenschlechter Zwangsbeschallung!",3,03/27/2023 04:48:24,ChIJvQl2yA91hzIRXp7x7ImJZYw
eLHaHa Cafe & Resto,,Yobel Umboh,"Tempat baru di Manado tepatnya didepan Mantos 3 (Hotel Prince Boulevard). Untuk indoor air con nya super dingin, ada juga outdoor yang menghadap Mantos 3. Pelayanannya ok aja, harga makanan lumayan pricy untuk makanan lokal yang rasanya B aja (real testi). Kemarin sempat pesan Ice Vanilla Latte tapi ternyata ada coffee nya dan lumayan strong, mungkin jika management El Haha lihat comment ini bisa ditambahkan dimenu nya penjelasan beverages nya dalam tanda kurung ""()"". Overall 6/10.",3,01/24/2023 12:02:59,ChIJvQl2yA91hzIRXp7x7ImJZYw
eLHaHa Cafe & Resto,,Rinna,🥰🥰🥰 Server jesika,5,01/21/2023 07:18:04,ChIJvQl2yA91hzIRXp7x7ImJZYw
eLHaHa Cafe & Resto,,Sundays Hijab,"Instagramable, Makanan enak, servis OKE BGT. Nilai plus unt waiterss yg super gercep bantu foto 🥰🥰🥰",5,01/11/2023 05:41:42,ChIJvQl2yA91hzIRXp7x7ImJZYw
eLHaHa Cafe & Resto,,Veronica Tammy,Rasa lumayan. Tapi harga terlalu mahal untuk kualitas dan porsi yang didapatkan. Udang telur asin dalam seafood platter tidak matang. Not worth it!,1,01/02/2023 13:09:44,ChIJvQl2yA91hzIRXp7x7ImJZYw
Okoy Flower Garden,,Marchella Sambiran,Seru ada seluncuran 😊,4,08/06/2024 14:06:04,ChIJqS7Ad-BshzIRavD7Nqahmmc
Okoy Flower Garden,,Jesica Sendoh,Ad kolam pemancingan 👍👍👍,5,03/26/2024 23:50:41,ChIJqS7Ad-BshzIRavD7Nqahmmc
Okoy Flower Garden,,Aldo Lengkong,"Tenang, nyaman, & karyawannya ramah 😁 terimah kasih 🙏",5,07/07/2023 07:00:53,ChIJqS7Ad-BshzIRavD7Nqahmmc
Okoy Flower Garden,,Diane Sinengkeyan,"Rekomended Makanan enak, Ada kolam renang.",5,05/22/2023 07:59:56,ChIJqS7Ad-BshzIRavD7Nqahmmc
Rumah Makan Sari Rasa,,Ribka Karib,"Rumah Makan Sari Rasa tempat makan terbaik yang pernah ada saya sangat senang saat makan di sini dan menikmati makanan makanan yang ada disini makanan makanan seperti yang terbaik saya sering sekali mengajak keluarga, teman, anak anak, dan begitu juga dengan suami saya.",5,10/25/2025 10:18:33,ChIJf7wOBZIBhzIR_QMUFJ82iik
Rumah Makan Sari Rasa,,Karlita Keyla,"tempat makan terbaik yang pernah ada, saya sering sekali makan bersama keluarga saya disini. anak anak saya sering sekali mengajak saya makan disini, dia berkata makanan yang ada disini sangatlah enak dengan pelayanannya yang begitu luar biasa.",5,10/17/2025 08:14:54,ChIJf7wOBZIBhzIR_QMUFJ82iik
Rumah Makan Sari Rasa,,albert herwindityo Wicaksono,Enak sekali di sini dan banyak pilihannya. Cocok buat lidah saya dari jawa.,5,05/23/2025 11:24:17,ChIJf7wOBZIBhzIR_QMUFJ82iik
Rumah Makan Sari Rasa,,Terry Francis,14 people lunch. Food taste ordinary.,1,10/30/2024 02:00:43,ChIJf7wOBZIBhzIR_QMUFJ82iik
Rumah Makan Sari Rasa,,Hoky Lahabu,"Cepat penyajian, gk lama walaupun bnyak org,",3,02/05/2024 06:55:19,ChIJf7wOBZIBhzIR_QMUFJ82iik
Rumah Makan Sari Rasa,,jaap palenewen,Rumah Kel Rawung Tuwo,4,01/22/2024 15:57:50,ChIJf7wOBZIBhzIR_QMUFJ82iik
Rumah Makan Sari Rasa,,Levi Mundung,Banyak ragam menu,4,08/22/2023 21:28:38,ChIJf7wOBZIBhzIR_QMUFJ82iik
Rumah Makan Sari Rasa,,Christian Rentandatu,Sangat bagus... 👍👍,5,03/02/2023 14:57:08,ChIJf7wOBZIBhzIR_QMUFJ82iik
AW EATERY Manado,,Isabel Salvà,"Local amplio, limpio y con AC. El equipo es muy amable y profesional. Buenas raciones y comida buena. Buen precio. Estaba justo al lado de mi hotel, así que, repetí. Lo recomiendo.",5,01/24/2026 12:47:50,ChIJd5epNzV1hzIR7jGY6aTIc7c
AW EATERY Manado,,Albertus Djarot Noersasongko,"Kalo kangen Bakmi GM yang gak ada di Manado, makan aja di sini. Cuma......non halal",5,01/14/2026 23:08:38,ChIJd5epNzV1hzIR7jGY6aTIc7c
AW EATERY Manado,,Mykingsi Myquinsi,"Lokasi OK, tempat parkiran kurang,",4,01/13/2026 21:53:46,ChIJd5epNzV1hzIR7jGY6aTIc7c
AW EATERY Manado,,Hadi Santoso,Mantap tempat makan nya bagus.. makanan uenakkk,5,04/23/2025 06:33:40,ChIJd5epNzV1hzIR7jGY6aTIc7c
AW EATERY Manado,,Emmy Wongkar,"Enak, pertahankan rasanya",5,02/27/2025 00:18:52,ChIJd5epNzV1hzIR7jGY6aTIc7c
AW EATERY Manado,,Ayu Oping,"Makanannya enak2,tempatnya bersih ❤️rekomendasi sekaliiii",5,12/20/2024 12:10:22,ChIJd5epNzV1hzIR7jGY6aTIc7c
AW EATERY Manado,,Hilda,Yummy noodle. The soul of the dish is it's pork lard. Yumz!,5,10/11/2024 11:18:41,ChIJd5epNzV1hzIR7jGY6aTIc7c
AW EATERY Manado,,Sanny Santosa,Very very nice & best food ♥️♥️♥️ We'll come back soon 😘😘😘,5,06/24/2024 05:43:41,ChIJd5epNzV1hzIR7jGY6aTIc7c
AW EATERY Manado,,Jeffrey Claudius,"AW Eatery 2018 Chinese food versi rumahan, Signature dishnya ""Bakmi AW"" untuk mie nya buat sendiri, mirip2 tekstur bakmi GM. Toppingnya ada babi panggang dan babi goreng, jamur, kuah baso, dan ampas babi sebagai pelengkapnya Ada nasi Hainan, tekstur nasinya pas, aromanya juga mantap, balance Menu lainnya seperti udang goreng mentega dan udang goreng telur asin jg enak, steam fishnya juga ok, fresh semuanya. Buncis cah daging babinya juga ok, Bakso Gorengnya jg pas, dan renyah,",5,06/20/2024 05:52:44,ChIJd5epNzV1hzIR7jGY6aTIc7c
AW EATERY Manado,,Mama KK,"makanannya enak , menunya banyak👍",5,04/04/2024 12:47:16,ChIJd5epNzV1hzIR7jGY6aTIc7c
AW EATERY Manado,,Terry Mambo,"Polite, clean, simple menu, food on the go. Return hungry customer.",4,04/03/2024 07:19:06,ChIJd5epNzV1hzIR7jGY6aTIc7c
AW EATERY Manado,,Yeanny Rombe,Masakan nya enak semua B2,5,02/29/2024 07:33:53,ChIJd5epNzV1hzIR7jGY6aTIc7c
AW EATERY Manado,,Handoyo Go,"Comfortable restaurant, delicious food, and friendly prices. 👍🏻👍🏻👍🏻",5,12/07/2023 08:10:21,ChIJd5epNzV1hzIR7jGY6aTIc7c
AW EATERY Manado,,O D,Sehr leckeres Essen und Sandwiches,5,10/22/2023 02:43:38,ChIJd5epNzV1hzIR7jGY6aTIc7c
AW EATERY Manado,,James Alfred,Very affordable chinese food with great taste. The roasted pork that is provided on several menus are really tasty. The noodles are great!,5,09/29/2023 02:55:05,ChIJd5epNzV1hzIR7jGY6aTIc7c
AW EATERY Manado,,Alexander Gerungan,"Mie AW nya enak, nasi campur nya enak.",5,09/09/2023 06:22:18,ChIJd5epNzV1hzIR7jGY6aTIc7c
AW EATERY Manado,,Sisri,"Highly recomended!! Home made bak mie, BBQ ribs and rum horn….. my fav menu. The place is very clean and the price are reasonable. I came here regularly whenever I am in Manado",5,08/29/2023 18:35:07,ChIJd5epNzV1hzIR7jGY6aTIc7c
AW EATERY Manado,,Leo L,"If you are looking for a decent Chinese restaurant, you might want to try this place. Food is really good , from fresh prawn to grilled noodles and non halal satay. You should also try their bakmie, I think it's one of the best selling dish",4,08/23/2023 23:31:30,ChIJd5epNzV1hzIR7jGY6aTIc7c
AW EATERY Manado,,kevin vicenza,"Makanannya enak, tempat recommeded",5,04/22/2023 06:21:11,ChIJd5epNzV1hzIR7jGY6aTIc7c
AW EATERY Manado,,Cecilia Naritha,Love the noodle,5,03/28/2023 07:55:11,ChIJd5epNzV1hzIR7jGY6aTIc7c
AW EATERY Manado,,Steven Carlo,makannya cepat dihidangkan anak anak sangat suka dengan mie dan sapo tahu mie nya daging nya berlimpah best of all is the coconut mango juice . pesan 2 akhirnya nasi gorengnya cukup enak. porsinya gede next will try the empek empek tempat bersih parkir cukup utk empat mobil recommended and will come back again,5,02/19/2023 11:25:28,ChIJd5epNzV1hzIR7jGY6aTIc7c
AW EATERY Manado,,Irene Hartanto,"Banyak variasi menunya. Tempatnya bersih dan terang. Makanannya enak, ada halal dan non-halal. Service cepat. Pork ribsnya agak terlalu kering tp tetap enak",5,02/12/2023 14:37:01,ChIJd5epNzV1hzIR7jGY6aTIc7c
AW EATERY Manado,,Yoko Lv,"Homey taste of Chinese food. Nasi goreng and pempek are tasty. The restaurant is clean and spacious. The staff is very friendly. Somehow there is no signal for cell phones always. No AC, so a bit hot inside. But overall, it's nice to eat here.",4,01/29/2023 10:17:34,ChIJd5epNzV1hzIR7jGY6aTIc7c
AW EATERY Manado,,Harold Tambajong,"Makanan enak, suasana menyenangkan, harga OK...",5,01/16/2023 09:09:15,ChIJd5epNzV1hzIR7jGY6aTIc7c
Secret 7,,j budianto surya,makanan enak dan tempat bersih..harga merakyat ...,3,01/14/2026 05:13:18,ChIJheQjhm9rhzIR6NqReb5mRW4
Secret 7,,Randy Willnes,"Secret seven salah satu tempat terbaik di Tomohon. Kelebihan: 1. Makanan Enak 2. Harga murah 3. Menu banyak 4. Tempat cozy (bersih dan nyaman) 5. Pelayanan baik. 6. Ada wifi. 7. Dan yg paling kami suka, SecretSeven itu salah satu RM yg dedikasi ato niat banget dlm bisnis kuliner. Konsistensi mereka the best, upgrade terus tempat,menu dan pelayanan mereka. Bahkan, terakhir kami makan distu tmptnya didekor sesuai musim. Wktu itu musim natal. Dibandingkan, RM lain diSULUT, rasa makanan tdk konsisten. Tdk upgrade menu, pelayanan waitres buruk, sering kosong menu, sering tutup. Tpi SecretSeven tdk pernah kmi makan dstu lalu pilihan kami ada yg kosong. Kekurangan: 1. Tempat parkir kecil. Tpi ada. 2. Indoornya tdk besar. 3. Outdoornya, meja & kursinya tdk senyaman indoor. 4. Lokasinya tdk di tengah kota Tomohon. Jadi kalau kita ada kesibukan di tgh kota, dan mau cari RM yg dekat2, Secret seven sering kami skip. Krn Tomohon adlh kota yg paling menjengkelkan macetnya, makanya sering malas klo mau jalan jauh dri kesibukan. Smpe skarang Secret Seven tdk pernah mengecewakan kami.",5,11/19/2025 11:36:42,ChIJheQjhm9rhzIR6NqReb5mRW4
Secret 7,,Audie Rudolf,"Rasa masakannya enak, terutama ubi gorengnya mantap, suasananya nyaman sayang kurang asri",5,11/08/2025 08:17:11,ChIJheQjhm9rhzIR6NqReb5mRW4
Secret 7,,Ernest Laoh,Ba singgah makan,5,09/24/2025 05:39:08,ChIJheQjhm9rhzIR6NqReb5mRW4
Secret 7,,Keluh Kesah,"Layanan ""take away"" sangat lama, padahal antrian sedkit. dorang utamakan yang makan di tempat dulu , hadeh.",1,07/23/2025 03:36:15,ChIJheQjhm9rhzIR6NqReb5mRW4
Secret 7,,Audie Rudolf,"Suasana resto di dalam nyaman tempat duduk untuk suasana agak kurang, makanannya enak ayam lalapannya",5,04/06/2025 05:11:44,ChIJheQjhm9rhzIR6NqReb5mRW4
Secret 7,,Wahyuning Murstyani,Pemesananya lamaaaa sekaleee le,1,03/15/2025 08:48:53,ChIJheQjhm9rhzIR6NqReb5mRW4
Secret 7,,Yonanta Asa dilaga,"Pelayanan jelek, lama",1,12/28/2024 03:48:28,ChIJheQjhm9rhzIR6NqReb5mRW4
Secret 7,,Nesya Grifith,"Saya tidak tau kenapa, setiap kali pesan “take away” selalu dibuat lama. Untuk 1 pesanan bisa menunggu 1 jam bahkan lebih. Padahal yang nongkrong disitu tidak banyak. Seringkali pesanan dari customer yang baru datang sudah selesai, tapi pesanan saya belum juga selesai. Ini adalah kali ke 5 saya pesan “take away” dan selalu lama. Kesabaran saya cukup! Untuk yang mau take away, mohon di pertimbangkan untuk order makanan di secret7 Tomohon! Not recommended.",1,12/19/2024 10:53:26,ChIJheQjhm9rhzIR6NqReb5mRW4
Secret 7,,kiky palit,"Kudacuki, lama skali klu ja bungkus",1,12/19/2024 10:43:53,ChIJheQjhm9rhzIR6NqReb5mRW4
Secret 7,,Bravo Vermeulen,"Affordable, delicious, but sometimes too noisy",5,09/07/2024 03:08:45,ChIJheQjhm9rhzIR6NqReb5mRW4
Secret 7,,lenny denny,"Makanannya enak, pelayan dan kasirnya ramah, tempatnya nyaman, cocok utk kongkow🥰 ownernya baik hati🥰",5,08/17/2024 15:39:56,ChIJheQjhm9rhzIR6NqReb5mRW4
Secret 7,,Pingkan Melati Parengkuan,"Makanan enak, nda pake lama...",5,08/16/2024 08:14:08,ChIJheQjhm9rhzIR6NqReb5mRW4
Secret 7,,levi kolonio,"Tempatnya asik... makanan enak, layanan nya cepat 👍🏻 Dak sabar mo bale ulang 😍😍😍",5,08/16/2024 02:11:04,ChIJheQjhm9rhzIR6NqReb5mRW4
Secret 7,,Berty Melcky,"Salah satu alternatif, jika ingin santai makan bersama keluarga",4,04/21/2024 00:31:53,ChIJheQjhm9rhzIR6NqReb5mRW4
Secret 7,,Gladdy Tuwo,"Nyaman, terletak di jalan Utama kota Tomohon",4,03/04/2024 05:57:44,ChIJheQjhm9rhzIR6NqReb5mRW4
Secret 7,,Lilis Pranoto,Santai dan adem...,4,12/04/2023 05:39:49,ChIJheQjhm9rhzIR6NqReb5mRW4
Secret 7,,Villy Setiono,Good food with big portion but affordable price!,5,08/16/2023 03:19:34,ChIJheQjhm9rhzIR6NqReb5mRW4
Secret 7,,Agustom Abraham,Bersih dan enak,5,07/11/2023 08:55:19,ChIJheQjhm9rhzIR6NqReb5mRW4
Secret 7,,pcy bbh,"Semua makanan yg dipesan (on-frame) + pisang sepatu goreng (off-frame) smua enak2 mantulitaaa, cuma capcaynya terlalu berkuah untuk saya pribadi 😁 buat kalian yg lagi cari makanan dan berakhir di resto ini karna ratingnya yg terjamin, memang dijamin tidak akan zonk 🤗 cuma untuk layanan saya kasi bintang 4 krn ada mba yg mukanya tidak bersahabat sambil melayani padahal cuma minta tolong sekali, banyakan ke mba yg satu lagi tapi dia senyum2 aja 🥲 mungkin bos atau manajernya bisa tolong edukasikan supaya customer bisa makan dengan tenang. Itu aja sih. Makasih 🤗",4,05/27/2023 12:56:23,ChIJheQjhm9rhzIR6NqReb5mRW4
Secret 7,,tisma liani,Paling sering malam Minggu,5,05/22/2023 04:57:59,ChIJheQjhm9rhzIR6NqReb5mRW4
Monobox coffe shop,,Malomboris Padang,Tampa nongki mantap area bitung 👍,5,01/07/2026 07:50:01,ChIJUWjEzNYBhzIRDdwlqts3xvY
Monobox coffe shop,,Deny Anyer,"Cafe ini tempat nya strategis di tengah kota bitung, cocok untuk bersantai & meeting bersama teman kerja, rasa makanan dan minuman nya standar",4,11/21/2025 17:48:38,ChIJUWjEzNYBhzIRDdwlqts3xvY
Monobox coffe shop,,Rina Malumbot,"Good ambience, hospitality makin bagus, makanan minuman juga enak dan affordable. Can be really crowded but overall really good place, very recommend stop",5,10/22/2025 15:45:29,ChIJUWjEzNYBhzIRDdwlqts3xvY
Monobox coffe shop,,Nadim Glauser,"Wir sind per Zufall zu diesem Coffeeshop gegangen, da uns die Wandmalereien sehr angetan haben. Wir wurden von den Menschen und vom Personal sehr freundlich empfangen und bedient. Per Zufall sind wir in eine Schachpartie mit dem Besitzer hinein geraten und konnten somit eine sehr angenehme Zeit dort verbringen und mehrere Partien mitspielen.",5,10/15/2025 16:33:42,ChIJUWjEzNYBhzIRDdwlqts3xvY
Monobox coffe shop,,Paulina Walansendow,"tuna goreng tepung, udang goreng tepung enak juga syg banyak menu yg tidak ada",5,03/19/2025 05:49:16,ChIJUWjEzNYBhzIRDdwlqts3xvY
Monobox coffe shop,,Rivaldi Mulia Rachman,Cafe tempat ngopi,5,02/24/2025 16:42:15,ChIJUWjEzNYBhzIRDdwlqts3xvY
Monobox coffe shop,,Meidy Watulingas,100% halal.biapong nya enakkkkkk👍,4,12/10/2024 01:25:48,ChIJUWjEzNYBhzIRDdwlqts3xvY
Monobox coffe shop,,Faisal Eyato,"pe lama sx apalwng nya bayar,nnti so tatigo baru mo ada",1,09/28/2024 14:14:40,ChIJUWjEzNYBhzIRDdwlqts3xvY
Monobox coffe shop,,Geraldi Tomuka,"Pelayanan buruk ,makanan tidak enak /tawar",1,06/08/2024 14:44:13,ChIJUWjEzNYBhzIRDdwlqts3xvY
Monobox coffe shop,,Prayshe Rumbayan,untuk rasa minuman signaturenya tidak sesuai dengan harganya,1,06/05/2024 14:54:29,ChIJUWjEzNYBhzIRDdwlqts3xvY
Monobox coffe shop,,Geo Kangkanu,"Kopinya mengecewakan untuk harga yang lumayan, kyknya msti ada perubahan untuk signaturenya, udh harganya lumayan, tapi rasanya tawar banget",1,06/05/2024 14:51:40,ChIJUWjEzNYBhzIRDdwlqts3xvY
Monobox coffe shop,,Rahmat Phulu,Makanannya Enak-enak... Pelayanannya Ramah... Suasananya Cukup Nyaman untuk Nongkrong...,4,05/22/2024 07:13:35,ChIJUWjEzNYBhzIRDdwlqts3xvY
Monobox coffe shop,,Ky•,Tempat nongki santay di bitung pling mntap,5,05/21/2024 15:38:24,ChIJUWjEzNYBhzIRDdwlqts3xvY
Monobox coffe shop,,yayan kurniawan,"Luar biasa mantap, bagus rekomendasi pokok nya",5,05/13/2024 08:51:58,ChIJUWjEzNYBhzIRDdwlqts3xvY
Monobox coffe shop,,noob neww,"Da mkn dnk minum di luar, kong tiba"" ujang, jdi trg pindah ka tmpa berteduh, pas pndh di dlm bknnya drg tawarkan kursi drg se biar ba diri amper 2jam, nynd ad sma skli drg tawarkan kursi, dpe karyawan mlah badiam cma angka kaki bknnya kse pa costumer tu tampa dudu malah cma da taruh dpe tas dnk dpe kaki, kadera 3 dia pake for dpe kaki denk tas, baru dpe karyawan laki"" sibuk sndiri dudu"" bknnya iseng tawarkan kursi mlh cma da bingo"" yaki pdhal nynd ba layani spapun, wlaupun self service mar tu kadera blh to mo bwa akg karna ujang kong lap, masa trg mo pi ambe tu kadera basah kong lap sndiri, playann buruk, ad le costumer bru da dtg bkn drg tawarkan drg ksiang cma da badiri trus sma dnk org biongo, kira cma trg dpa bkeng bgtu nntau katu ad le tu laeng drg bkeng bgtu",1,04/27/2024 16:50:32,ChIJUWjEzNYBhzIRDdwlqts3xvY
Monobox coffe shop,,Linda Minoz,"Pelayanan tidak bagus 1 jam lebih berdiri, menunggu hujan reda Bukannya di tawarkan kursi sama para karyawan Mala cuek dg CS Padahal kita baru memesan makana dan minuman dan langsung hujan deras",1,04/27/2024 16:50:07,ChIJUWjEzNYBhzIRDdwlqts3xvY
Monobox coffe shop,,Jan Gimon,Tempat Yang Keren buat Nongkrong Makanan Recommended Semua...,5,03/09/2024 06:45:11,ChIJUWjEzNYBhzIRDdwlqts3xvY
Monobox coffe shop,,Rian Botax,"pelayananya tidak memuaskan,kita pesan indomie kuah nunggunya 1 jam lebih,kecewa dgn pelayananya,",1,02/22/2024 13:47:13,ChIJUWjEzNYBhzIRDdwlqts3xvY
Monobox coffe shop,,Denz The Great,Enak buat nongkrong bersama kawan,4,10/11/2023 05:50:39,ChIJUWjEzNYBhzIRDdwlqts3xvY
Monobox coffe shop,,xXx Cuz,Tempat ngopi pusat kota yg cukup recomended banget,5,08/13/2023 15:54:04,ChIJUWjEzNYBhzIRDdwlqts3xvY
Monobox coffe shop,,Adriaan Pitoy,"Bisa pilih : lesehan,outdoor,musik,dibawa pohon. Menu ; goroho stick, kopi vitnam etc.",2,07/17/2023 10:04:37,ChIJUWjEzNYBhzIRDdwlqts3xvY
Monobox coffe shop,,Wahyuddin Ansar,"Layanannya bagus, makanan standar dan suasana asyik.",4,07/06/2023 14:14:00,ChIJUWjEzNYBhzIRDdwlqts3xvY
Monobox coffe shop,,Joy Gimon,Enak untuk nongkrong ❤❤,5,04/24/2023 13:25:28,ChIJUWjEzNYBhzIRDdwlqts3xvY
Monobox coffe shop,,Setyo Nugroho,Tempat asik untuk nongkrong dan ngopi²,5,03/12/2023 07:37:17,ChIJUWjEzNYBhzIRDdwlqts3xvY
Monobox coffe shop,,Y3S Story,Konsep outdoor. Salah satu Coffee shop yg keren di Bitung. Cocok untuk anak anak muda. Buat nongkrong. Ada Wifi. Menu kopi dan non kopi panas dan dingin. Di ahri tertentu ada yg perform stand up comedy. Keren aich tempatnya,5,02/28/2023 13:24:18,ChIJUWjEzNYBhzIRDdwlqts3xvY
Pepper Lunch Manado Town Square,,Lutviana Novriza B,"Makanan enak, pelayanannya juga baik.",5,01/31/2026 10:40:35,ChIJb9GfgOJ0hzIRbijlCvwSjns
Pepper Lunch Manado Town Square,,Patricia Maweikere,tempatnya bagus dan cepat saji,5,01/25/2026 05:33:45,ChIJb9GfgOJ0hzIRbijlCvwSjns
Pepper Lunch Manado Town Square,,ismurtyanto t. nugroho,langganan sejak 2014 di Jakarta,5,01/19/2026 11:59:14,ChIJb9GfgOJ0hzIRbijlCvwSjns
Pepper Lunch Manado Town Square,,rahma mokodompis,"Tempat makan nyaman dan enak, recomended",5,01/17/2026 08:12:30,ChIJb9GfgOJ0hzIRbijlCvwSjns
Pepper Lunch Manado Town Square,,Arianta Kaban,"Makanan nya enak,pelayanan ramah..josss banget..",5,01/16/2026 08:52:48,ChIJb9GfgOJ0hzIRbijlCvwSjns
Pepper Lunch Manado Town Square,,D Korn,Neue Essens Erfahrung gesammelt. Essen kommt in heißem Teller in dem das Essen weiter brät. Somit kann man sein Fleisch so durchbraten wie man möchte. Portion groß genug.,4,01/13/2026 17:03:46,ChIJb9GfgOJ0hzIRbijlCvwSjns
Pepper Lunch Manado Town Square,,santi husain,"Playananx baik, makanan enak",5,01/10/2026 04:22:57,ChIJb9GfgOJ0hzIRbijlCvwSjns
Pepper Lunch Manado Town Square,,Rikha Sinampu,enak dan worth it lebih murah pakai voucher tiktok,5,01/09/2026 05:27:41,ChIJb9GfgOJ0hzIRbijlCvwSjns
Pepper Lunch Manado Town Square,,Chervi,"wowww, makanya emang enak bangett, apalagi cheese pullnyaa 🤭🤭 emang 10/10, harus coba ya guyss",5,01/08/2026 09:58:45,ChIJb9GfgOJ0hzIRbijlCvwSjns
Pepper Lunch Manado Town Square,,DSRM,"Als je snel en makkelijk maar lekker wilt eten, is dit de plek! Altijd heerlijke gerechten op de kaart en je zit lekker vol. Altijd voor herhaling vatbaar deze plek!!",5,01/04/2026 16:03:09,ChIJb9GfgOJ0hzIRbijlCvwSjns
Pepper Lunch Manado Town Square,,Sella Theresia Theresia,Nice place thank you so much,5,01/04/2026 11:43:39,ChIJb9GfgOJ0hzIRbijlCvwSjns
Pepper Lunch Manado Town Square,,Avilasdar,"Makanan enak, layanan baik, suasana kurang dingin, ac nya mesti ditambah sedikit. Selalu puas makan disini meskipun harganya lumayan untuk kamu mendang mending.",5,01/01/2026 11:11:27,ChIJb9GfgOJ0hzIRbijlCvwSjns
Pepper Lunch Manado Town Square,,J.R. Tacazily,Terima kasih atas pelayanannya.,5,12/30/2025 09:05:17,ChIJb9GfgOJ0hzIRbijlCvwSjns
Pepper Lunch Manado Town Square,,Kurnia Angriani,makanannya enak kakak pegawai disini baik dan ramah🥰,5,12/25/2025 07:03:03,ChIJb9GfgOJ0hzIRbijlCvwSjns
Pepper Lunch Manado Town Square,,budy Karmoy,Makanannya enak dan rasa bikin tambah selera. Mantap!!,5,12/22/2025 13:09:17,ChIJb9GfgOJ0hzIRbijlCvwSjns
Pepper Lunch Manado Town Square,,Cerita Celia,Tempat makan enak.,5,12/14/2025 10:21:49,ChIJb9GfgOJ0hzIRbijlCvwSjns
Pepper Lunch Manado Town Square,,Willie lalujan,Temapt bagus makanan enak,5,12/13/2025 13:09:31,ChIJb9GfgOJ0hzIRbijlCvwSjns
Kelapa 17 Tomohon,,DOSHIN PARK,돼지고기 전문점 같은데 생선과 밥을 곁들여서 같이 나오는 매운소스에 먹으니 감칠맛나고 먹을만 합니다.돼지립 구이도 좋네요. 이집은 돼지머리 튀김이 유명한가봐요. 로칼분들은 다 돼지머리 드시네요.,4,11/20/2025 02:55:44,ChIJ_f4shr5thzIRXnOmevKoFj4
Kelapa 17 Tomohon,,CJ,"Nous sommes arrêté ici par hasard et c'était plutôt bon. Une soupe au poisson avec du riz et des légumes et pour moi bebek bumbu rw, attention ça pique de ouuuuuf 🔥 Service impeccable et établissements propre. 135Krp.",5,10/19/2025 05:28:30,ChIJ_f4shr5thzIRXnOmevKoFj4
Kelapa 17 Tomohon,,Denny Moningka,"Harga terjangkau dan enak. Menu dari Makanan banyak pilihan. Suasana dan tempat sangat mendukung, nyaman dan luas.",5,09/12/2025 13:37:35,ChIJ_f4shr5thzIRXnOmevKoFj4
Kelapa 17 Tomohon,,Yeski Ezequiel de Yong,"Tempat bagus rasa biasa harga agak mahal, mudah di jangkau dekat dengan pusat kota, tempat yang sejuk suasana romantis. Soto rusuk C, Babi bakar C, Ragey B, Kangkung A, Sambal B, Tinoransak C.. Pelayan kurang informatif 🙏🙏",3,09/07/2025 14:20:20,ChIJ_f4shr5thzIRXnOmevKoFj4
Kelapa 17 Tomohon,,Bo Grabowski,Good quality far from the standard in Manado. It’s just bad. Loud music and a service which does not consider the customer.,1,08/24/2025 05:01:17,ChIJ_f4shr5thzIRXnOmevKoFj4
Kelapa 17 Tomohon,,Alfin Mario,oink oink oink 🐽 Menu Daging babi Pork Hunter 🐷 yummy,5,08/23/2025 23:57:41,ChIJ_f4shr5thzIRXnOmevKoFj4
Kelapa 17 Tomohon,,Sani Saliwardaya,Suasananya amat nyaman walau pun banyak pengunjung. Rasa makanannya standar tidak terlalu istimewa,4,07/28/2025 14:53:01,ChIJ_f4shr5thzIRXnOmevKoFj4
Kelapa 17 Tomohon,,Sipliana Betti,The best...apalagi babi torenya pakai daging lapis🥰,5,07/17/2025 03:36:34,ChIJ_f4shr5thzIRXnOmevKoFj4
Kelapa 17 Tomohon,,Drew,"Lokasi strategis. Tempatnya outdoor, nyaman dan sejuk. Pelayanan baik. Harga cukup terjangkau dan sesuai dengan porsi yang diberikan. Saya pesan nasi babi tore. 8,5/10.",5,05/29/2025 04:30:46,ChIJ_f4shr5thzIRXnOmevKoFj4
Kelapa 17 Tomohon,,Mike S,"The place is famous for their honeyed hog’s head, so that’s what we’re getting. The skin is crispy and sweet, its meat is so flavorful and tender, the knife (provided by the restaurant) just sink right through it. They also offer a ragey satay with a long skewer but honestly its just mid. There are much better ragey out there. If you’re here, go for the hog’s head - it’s the best item on the menu. The roof is made with steel sheet, and it’s the worst when it rains. The waiters are a bit slow, but honestly, everyone here is living slowly, so can’t complain much.",5,05/25/2025 00:01:24,ChIJ_f4shr5thzIRXnOmevKoFj4
Kelapa 17 Tomohon,,Exsel Mamahit,"Om om jaga parkir tidak sopan dan tidak tau hadat.!!!! Nd apa"" Ada tukang parkir tapi lebih baik tukang parkir yg sekarang diganti saja...!!!",4,05/07/2025 14:52:35,ChIJ_f4shr5thzIRXnOmevKoFj4
Kelapa 17 Tomohon,,Jackson Pendong,"Nice place in tomohon, but the price already expensive for regular people",5,03/05/2025 23:25:08,ChIJ_f4shr5thzIRXnOmevKoFj4
Kelapa 17 Tomohon,,reyni wantania,"Makanan enak, tempat bersih.",5,01/06/2025 02:39:14,ChIJ_f4shr5thzIRXnOmevKoFj4
Kelapa 17 Tomohon,,Kevin T,Pelayanannya kurang bagus ada pesan ikan tuna tapi lama diantar .....pengunjung lain baru datang karena pesan ikan babi malah di dahulukan pokonya pelayanan RM KELAPA 17 TOMOHON PELAYANANYA TIDAK BAGUS..lebih baik di uji lagi para pelayannya supaya lebih efektif dalam pekerjaan...agar tidak memilih2 pesanan mana yang harus di dahulukan harus sesuai siapa lebih dulu yang memesan makanan,1,12/24/2024 09:05:05,ChIJ_f4shr5thzIRXnOmevKoFj4
Kelapa 17 Tomohon,,silvia tumundo,"Makanannya enak, pelayanan nya bagus n cepat👍",5,10/19/2024 08:26:17,ChIJ_f4shr5thzIRXnOmevKoFj4
Kelapa 17 Tomohon,,Jessica Claresta,"sorry to say, tapi babi torehnya keras bgt kayak batu. seperti overcooked & gosong. cukup mengecewakan, awalnya mau pesan panggang tapi habis. gak tau emg gini rasanya sm yg di manado atau lagi apes aja 😕",3,10/16/2024 12:57:27,ChIJ_f4shr5thzIRXnOmevKoFj4
Kelapa 17 Tomohon,,Jhony Rian Setiawan Saragih,Bagi pecinta babi silahkan dicoba,5,10/08/2024 08:44:54,ChIJ_f4shr5thzIRXnOmevKoFj4
Kelapa 17 Tomohon,,Sébastien A,"Tuna was good. Vegetables could be better. A bit pricy for what you get, but the service is good",4,09/17/2024 02:59:58,ChIJ_f4shr5thzIRXnOmevKoFj4
Kelapa 17 Tomohon,,Denny,"Bagi pencinta masakan babi, hrs mampir disini.. sayur pangi nya jg enak.. Semua makanan nya enak, gurih & menggugah selera.. puas makannya.. mantap..",5,08/26/2024 01:02:58,ChIJ_f4shr5thzIRXnOmevKoFj4
Kelapa 17 Tomohon,,rivo tentero,"Makanannya enak2, suasana nyaman, tempatnya bersih terawat, pelayanannya baik Tempatnya bagus untuk kumpul bersama keluarga atau bersama teman-teman, Parkirnya luas",5,07/03/2024 00:15:33,ChIJ_f4shr5thzIRXnOmevKoFj4
Kelapa 17 Tomohon,,Brain Langelo,"Tempat ok, menu banyak yg kosong, satu lagi note ada tikus jln di kabel2 lantai 2, takutnya lg makan trus tikusnya jatuh kebawah",3,06/19/2024 01:04:13,ChIJ_f4shr5thzIRXnOmevKoFj4
Kelapa 17 Tomohon,,Susan Oroh,"Semua menu hampir habis,pesanannya hampir 1jam nunggu,datangnya satu"",sayur sama sup di cancell karna sudah selesai makan blom ready Mohon diperhatikan lagi,🙏 Sukses selalu",1,06/18/2024 05:40:18,ChIJ_f4shr5thzIRXnOmevKoFj4
Kelapa 17 Tomohon,,Eting,"Nuansa restorannya bagus & luas, namun sayang makanan yg di sajikan kurang enak, kepala b2 & rusuk b2 terlalu kering, rica dabu2 seperti br keluar dr kulkas & rica bakarnya jg rasanya tidak seperti rica2 masakan Manado pd umumnya yg rasanya enak, mohon lebih diperhatikan lg krn bnyk mobil travel wisatawan yg datang.",3,05/31/2024 00:32:49,ChIJ_f4shr5thzIRXnOmevKoFj4
Kelapa 17 Tomohon,,CAESAR THE PITBULL,Kepala babi panggang madu still the best,4,05/29/2024 02:52:00,ChIJ_f4shr5thzIRXnOmevKoFj4
Kelapa 17 Tomohon,,Cindy Lanovia,"Dunia babi. Tapi tenang, ada ikan dan ayam juga ready buat kalian yg gak bisa makan babi. Harga relatif mahal untuk porsi yg biasa aja, dan rasa yg biasa aja.....",3,05/15/2024 13:58:01,ChIJ_f4shr5thzIRXnOmevKoFj4
Rm.Sup Bete Ba CI Merry,,Wisely Tan,"Worth it for 20k noodles almost like udon, with pork soups, owner very humble",4,03/20/2024 08:00:55,ChIJ8yjscNABhzIRXkiOyQ4UWFg
Rm.Sup Bete Ba CI Merry,,Rosdiana Yulin,Makanan nya enak pelayanan ramah tapi klo bisa harganya 20rb rata,4,03/20/2023 07:51:42,ChIJ8yjscNABhzIRXkiOyQ4UWFg
Rameshan Megamall Manado,,M Store,Pelayanan yang sangat baik,5,01/28/2026 08:44:00,ChIJhWyTFwB1hzIRuXfkyWDXL_Y
Rameshan Megamall Manado,,Tiska Ayu,Makanan nya enak tempat nya nyaman buat santai.,5,01/25/2026 11:54:09,ChIJhWyTFwB1hzIRuXfkyWDXL_Y
Rameshan Megamall Manado,,Frely Pianaung,"Dekorasinya cantik banget,makanannya enak ❤️",5,01/24/2026 06:17:46,ChIJhWyTFwB1hzIRuXfkyWDXL_Y
Rameshan Megamall Manado,,Riezka,cute interior design. there’s a lot of menu variety too. es teh pandan is my favorite beverage.,4,12/03/2025 13:55:27,ChIJhWyTFwB1hzIRuXfkyWDXL_Y
Rameshan Megamall Manado,,Rasya Andit,"rumah makan terbaik yang pernah ada dan saya sangat senang karena rumah makan disini begitu terbaik dan sangat menyenang kan dan saya juga sering memakan makanan di sini bersama dengan keluarga, teman, anak anak, dan juga dengan suami saya.",5,11/14/2025 16:44:23,ChIJhWyTFwB1hzIRuXfkyWDXL_Y
Rameshan Megamall Manado,,Dear,"Tempatnya bagus, pelayanannya baik, makananya enak, peyajian juga cepat terus lumayan murah harganya.",5,10/22/2025 02:47:06,ChIJhWyTFwB1hzIRuXfkyWDXL_Y
Rameshan Megamall Manado,,Yeski Ezequiel de Yong,Selalu antrian panjang konter banyak pelayan sedikit,2,09/21/2025 05:49:52,ChIJhWyTFwB1hzIRuXfkyWDXL_Y
Rameshan Megamall Manado,,Rany Tasiam,Favorite udang ceria sambal dan telurnya enaak,5,09/14/2025 04:56:57,ChIJhWyTFwB1hzIRuXfkyWDXL_Y
Rameshan Megamall Manado,,Rany,"Makanannya enak, pelayannya ramah. Langganan selalu kesini",5,09/14/2025 04:56:12,ChIJhWyTFwB1hzIRuXfkyWDXL_Y
Rameshan Megamall Manado,,natalia kolondam,makanannya enak.. pelayannanya ramah,5,09/13/2025 09:29:57,ChIJhWyTFwB1hzIRuXfkyWDXL_Y
Rameshan Megamall Manado,,Lidya Sundami,"makanannya enak, pelayanan ramah, tempat nyaman dan aesthetic 😃",5,09/10/2025 12:54:33,ChIJhWyTFwB1hzIRuXfkyWDXL_Y
Rameshan Megamall Manado,,Waras Nuryanti,"tempat nyaman, pelayanannya ramah☺️",5,09/10/2025 12:54:18,ChIJhWyTFwB1hzIRuXfkyWDXL_Y
Rameshan Megamall Manado,,gresilia assa (kim niki),Pelayanan nya bagus,5,09/09/2025 08:44:24,ChIJhWyTFwB1hzIRuXfkyWDXL_Y
Rameshan Megamall Manado,,Sara Tando,"Tempatnya bersih dan rapi, makanannya enak, harga terjangkau ✨",5,09/07/2025 03:28:19,ChIJhWyTFwB1hzIRuXfkyWDXL_Y
Rameshan Megamall Manado,,Kezia Lumenta,"Makanan nya enak, pelayanannya cepat, tempatnya nyaman & kekinian. Rekomended bersama keluarga",5,09/07/2025 03:26:10,ChIJhWyTFwB1hzIRuXfkyWDXL_Y
Rameshan Megamall Manado,,Allan Q,Yummy '3' cuma dsni rekomend pake bangetttt,5,09/06/2025 09:39:18,ChIJhWyTFwB1hzIRuXfkyWDXL_Y
Rameshan Megamall Manado,,ampriv qxx1t,Enak banget >< rekomend bgt untuk keluarga,5,09/06/2025 09:37:59,ChIJhWyTFwB1hzIRuXfkyWDXL_Y
Rameshan Megamall Manado,,Colces Nia,Nyaman harga terjangkau,5,09/05/2025 12:32:52,ChIJhWyTFwB1hzIRuXfkyWDXL_Y
Rameshan Megamall Manado,,Indot tt,"Pelayanannya baik, makanannya enak",5,09/05/2025 11:55:11,ChIJhWyTFwB1hzIRuXfkyWDXL_Y
Rameshan Megamall Manado,,Alfanny Tawera,"Makanannya enak, pelayanannya bagus",5,09/05/2025 11:54:57,ChIJhWyTFwB1hzIRuXfkyWDXL_Y
SLIEV Coffee & Eatery,,Knud Holgerson,"Like this place, good food, friendly staff.",5,01/19/2026 03:28:12,ChIJM1cxvTtthzIRCsb6s-ku2pw
SLIEV Coffee & Eatery,,Sohn,"토모혼 시내에서 갈 수 있는 가장 예쁜 카페예요! 카페 건물 자체도 예쁜데, 1층 안쪽이랑 3층뷰가 말도 안되게 예뻐요🥹 음료는 주문한지 5분만에 나왔고, 음식은 10분 후에 나와서 기다릴 필요도 없었어요. 조용하고 의자도 많고, 콘센트도 있고 와이파이도 층마다 있어서 개인 작업하기에도 좋아요🌷 실내가 깨끗하고, 음식도 맛있고, 특히 커피가 정말정말 맛있어서 못참고 한잔 더 시켰어요! 적극추천합니다🫶🏻",5,01/17/2026 04:43:47,ChIJM1cxvTtthzIRCsb6s-ku2pw
SLIEV Coffee & Eatery,,Rivo F. A. Kakunsi,"Good coffee, good food, good service. Keep it up! 👍🏽",5,01/16/2026 04:07:52,ChIJM1cxvTtthzIRCsb6s-ku2pw
SLIEV Coffee & Eatery,,Mr.Glowing Upkan,Pertama kali saya datang ke cafe sebagus ini tapi menunggu pesanannya hampir 2 jam terus ketika ditanya selalu pelayannya bilang sementara sementara tempat parkirnya juga susah parkir jauh pesanan lambat sangat tidak direkomendasikan,1,01/11/2026 14:12:19,ChIJM1cxvTtthzIRCsb6s-ku2pw
SLIEV Coffee & Eatery,,keshya 123frisca,"Ngak sengaja Nemu TempaT ngopi yg dekat dari Sate Roy.. Tempatnya oke.. modern suasana nyaman dan bersih.. pesan Americano,cappucino cake coklat👍👍,& banana krispi👍. Rekomen buat ngopi didaerah Tomohon..",4,01/08/2026 09:13:40,ChIJM1cxvTtthzIRCsb6s-ku2pw
SLIEV Coffee & Eatery,,WILLIAM JOSHUA,"Mohon pastikan kesiapan orang yang bertanggung jawab di kitchen dan koordinasi antara waiters & kitchen saat rush hour. Untuk kualitas makanan, harga dan pelayanan tidak worth it menunggu hampir dua jam dengan segala miskomunikasi yang terjadi antar staf.",2,01/02/2026 19:14:24,ChIJM1cxvTtthzIRCsb6s-ku2pw
SLIEV Coffee & Eatery,,Indah Sucia humairo,Cozy place for healing and the atmosphere so relaxing and the food was good,5,12/27/2025 01:41:54,ChIJM1cxvTtthzIRCsb6s-ku2pw
SLIEV Coffee & Eatery,,Gladdy Tuwo,The best coffe,5,12/26/2025 22:52:57,ChIJM1cxvTtthzIRCsb6s-ku2pw
SLIEV Coffee & Eatery,,Gijoe roc,"Baru bs kasih review. Mochaccino ice, tp kok dominan choconya ya?",3,12/20/2025 16:51:43,ChIJM1cxvTtthzIRCsb6s-ku2pw
SLIEV Coffee & Eatery,,Eggy Kandou,"nice and cozy place, the service is good and also friendly.",5,12/08/2025 10:19:10,ChIJM1cxvTtthzIRCsb6s-ku2pw
SLIEV Coffee & Eatery,,손경은,토모혼 최고의 뷰 맛집이에요! 직원분들도 모두 친절하고 영어 잘하세요 나갈때도 계속 인사하시고 기분 좋았어요 그림같은 뷰와 너무 잘어울리는 bgm까지 최고입니다 다시 가고싶은곳이에요~~~가격도 쌉니다,5,11/19/2025 14:10:44,ChIJM1cxvTtthzIRCsb6s-ku2pw
SLIEV Coffee & Eatery,,Aufa MF,Cozy cafe for hanging out or working😊,5,11/17/2025 15:45:11,ChIJM1cxvTtthzIRCsb6s-ku2pw
SLIEV Coffee & Eatery,,A nonim,"tampa bagus, bersih, bisa sambil kerja, kursi nyaman, toilet bersih. beragam pilihan menu. okinawa milk tea nda recommended",4,11/16/2025 15:40:12,ChIJM1cxvTtthzIRCsb6s-ku2pw
SLIEV Coffee & Eatery,,Yosephine Debbie Damayanti,"Cafe yang sangat oke untuk belajar/bekerja karna nuansanya yang nyaman, view estetik, harga super oke, pelayanan juga sangat oke. Ada pelayan yang stand by, jadi jika ingin tambah pesanan bisa langsung gercep, cuma mungkin jangan yang terlalu terkesan mengawasi entah pada saat makan/membayar (bagi introver ini salah satu aspek yang penting).",5,11/08/2025 14:16:30,ChIJM1cxvTtthzIRCsb6s-ku2pw
SLIEV Coffee & Eatery,,Fl MA,"Modern cafe with good coffee. Unfortunately, the coffee was served in a plastic cup, completely unnecessary when consuming it on-site and everywere in the nature plastic is lying arround.",4,11/07/2025 06:20:01,ChIJM1cxvTtthzIRCsb6s-ku2pw
SLIEV Coffee & Eatery,,Cristoper Sendu,Pengalaman yang sangat baik,5,10/29/2025 00:58:49,ChIJM1cxvTtthzIRCsb6s-ku2pw
SLIEV Coffee & Eatery,,Feri Cristian umar,"Makanan sangat² enak, minuman² juga sangat² enak, pelayanan juga sangat² ramah😍😍, suasana juga sangat² indah, apalagi di lantai 3 yg berlatar belakang Gunung lokon, sangat² indah😍😍😍🥰, Menurutku ini adalah Coffe terbaik dari coffe² lain, semoga sukses selalu🥰🥰🥰🥰🥰.",5,10/23/2025 02:43:02,ChIJM1cxvTtthzIRCsb6s-ku2pw
SLIEV Coffee & Eatery,,Ribcha Lumangkun,Tempatnya sangat aesthetic!! Kopinya enakk!! makanan sama snacks-nya jg okee. Untuk segi harga worth it bgt bgtaaaann sih makan dengan view secantik ini 😍,5,10/17/2025 23:36:16,ChIJM1cxvTtthzIRCsb6s-ku2pw
SLIEV Coffee & Eatery,,Лиза Белявская,"We visited this really good cafe twice. Both times we ordered coffee, which was really good. I ate mostly dishes from the European menu and my boyfriend ordered smth lokal. And I’d 100% would go back if we would have more time here. The menu is big so u gonna definitely find smth for urself Thank a lot to the owners of these cafe, bcs it’s amazing. 🙏❤️",5,09/15/2025 05:19:03,ChIJM1cxvTtthzIRCsb6s-ku2pw
SLIEV Coffee & Eatery,,Simon Romann,Preis/Leistung ist übertroffen. Für den Preis in so einer Location und das essen war auch sehr gut. Kaffe auch.,5,09/14/2025 06:09:02,ChIJM1cxvTtthzIRCsb6s-ku2pw
SLIEV Coffee & Eatery,,Marco Untu,"Chill cafe, super luas, good food and beverages, parkir kurang gede, 2nd floor agak engap dikit hehe idk why. A lil bit lama nunggu makan (but not that long)",4,08/30/2025 00:51:03,ChIJM1cxvTtthzIRCsb6s-ku2pw
SLIEV Coffee & Eatery,,Promptus Data,"Good food, friendly staff, very good capuchino, western style inclusief band",5,08/25/2025 03:47:19,ChIJM1cxvTtthzIRCsb6s-ku2pw
SLIEV Coffee & Eatery,,icha melisa (Melisa cloudia),"Nyaman, makanannya enak, tempatnya luas, suasananya menyenangkan, ada beberapa pilihan tempat duduk ada suasana alam, bisa di rooftop ada view gunung lokon, di lt.2 cocok buat work from cafe, pelayanannya bagus 🙂",5,08/23/2025 13:44:56,ChIJM1cxvTtthzIRCsb6s-ku2pw
SLIEV Coffee & Eatery,,Navadila Susanto,Tempatnya cozy dn nyaman.,5,08/12/2025 01:24:29,ChIJM1cxvTtthzIRCsb6s-ku2pw
SLIEV Coffee & Eatery,,ismurtyanto t. nugroho,Rica Cakalang Asap + Banana Americano + Gohu dingin + panorama Gunung Lokon di lantai 3 = very recommended ⭐️⭐️⭐️⭐️⭐️,5,07/26/2025 09:47:58,ChIJM1cxvTtthzIRCsb6s-ku2pw
"Rumah Makan Ikan Bakar ""Om Mando",,Zainal Ahmadi,Ikan bakarnya mantapp👍,5,12/31/2025 01:49:37,ChIJHVIGHsIBhzIRWLuk9zCfRGo
"Rumah Makan Ikan Bakar ""Om Mando",,Traveller,This is a very good place if you like fresh fish. This is it there will be some rice relish and a little greens but anyhow the fish is the star it is grilled to perfection. They do it every day and that’s all they do you pick your choice ask about the price and enjoy it is also possible to order some more expensive sort like lobster etc for another day since they do not have all in stock it is simply to pricy for local store. So highly recommended if you love grilled fish.,5,10/31/2025 17:04:48,ChIJHVIGHsIBhzIRWLuk9zCfRGo
"Rumah Makan Ikan Bakar ""Om Mando",,Ahmad Zunanto efendi,Untuk parkiranya agak susah,5,12/28/2024 21:05:17,ChIJHVIGHsIBhzIRWLuk9zCfRGo
"Rumah Makan Ikan Bakar ""Om Mando",,mahfudzh hidayatullah,Hidden Gem tempat makan ikan laut di kota Bitung,5,12/09/2024 06:24:29,ChIJHVIGHsIBhzIRWLuk9zCfRGo
"Rumah Makan Ikan Bakar ""Om Mando",,Maliki Rusimin,Ikan bakar terr ter terr.. weeeenaaaak,5,01/13/2024 11:27:38,ChIJHVIGHsIBhzIRWLuk9zCfRGo
"Rumah Makan Ikan Bakar ""Om Mando",,Hanz Budi Setiawan Dandel,Warung Ikan bakar yang enak di Bitung,5,09/22/2023 08:07:04,ChIJHVIGHsIBhzIRWLuk9zCfRGo
Elmonts Coffee & Roastery,,Carmen Sprus,"Best barista coffee in Indonesia! The staff are amazing, very knowledgeable about coffee, and even offer a tour behind the café to explore their plantation",5,01/19/2026 15:10:45,ChIJeW2XkINshzIR_ZdmogCH7UE
Elmonts Coffee & Roastery,,Knud Holgerson,"Delicious coffee, , very friendly owners, the produce there coffee themselves.",5,01/17/2026 01:28:04,ChIJeW2XkINshzIR_ZdmogCH7UE
Elmonts Coffee & Roastery,,kat,"Really great coffee! We tasted the chocolate espresso 😊 Friendly owner, we had quite a nice conversation. The staff showed us some coffee trees in the backyard - quit informativ. Go there. Col lot hang out!",5,01/07/2026 03:07:44,ChIJeW2XkINshzIR_ZdmogCH7UE
Elmonts Coffee & Roastery,,rico fransisco,"Mau slow bar yang asik plus liat perkebunan kopi? Ini slow bar pertama yang gua dpt di manado tepatnya ada d kolongan, bs liat d google untuk lokasi tepatnya,, Langsung ktmu ngbrol sama ownernyaa yang humble bgt,, Slow bar yang bs jd tmpat kerja oke, buat nongki2 oke juga,, Cobain langsung V60nyaa yang di buat dari biji kopi hasil perkebunan sendiri,, rekomen dr si baristnya,, mantaab banget deh pokoknyaa Cus langsung main k tmpatnya ajaa Sukses selalu buat elmont coffee roastery 💯💯🎉🎉",5,12/15/2025 14:35:01,ChIJeW2XkINshzIR_ZdmogCH7UE
Elmonts Coffee & Roastery,,Nicholas Pope,"If you're a coffee nerd, you should go here. The owner is extremely knowledgeable about coffee, and they produce superb specialty coffee. Now, people often rave about ""good coffee"", and this means different things to different people, so let me explain more. I'm a big fan of specialty coffee. By ""specialty"", I mean coffee that has a cupping score of 80+ from the Specialty Coffee Association - generally light roasts with interesting flavours. For context, I like to make my coffee with a Hario V60. I ordered 4 cups of coffee, all locally grown and produced: 1 fully washed, 1 natural, 1 honey process, and one anerobic fermentation. They were all excellent. The natural process coffee was light and fruity and didn't have any of the grassy flavour that some naturals do. The star of the show was the anerobic fermentation coffee. I've drank a lot of specialty coffee, including doing may tastings directly from the farm in Colombia, Panama, Costa Rica etc., but I've never tasted a coffee like this one. It tasted like chocolate cake (literally) with a very strong vanilla flavour and perhaps some hazelnut notes, and it was not bitter at all. And it didn't have any of that funky flavour that sometimes comes with anerobic fermentation; I would not have been able to tell it was processed this way by its taste. The flavours were so strong and clean, I would have thought it had vanilla syrup added (it did not!); I did not know coffee could taste like this. Additionally, everything was crafted with care. Different coffees were provided in different cups, paired with them to best show off their flavours. The anerobic fermented coffee came in a pottery mug that was handmade in Japan. Finally, the owner was extremely knowledgeable and passionate about coffee. I chatted with him for a couple of hours and learned a lot about the local varieties and his processing methods. He also showed me his small lab farm out back, where he tests out growing different varieties and natural methods of pest-protection and soil enrichment. If you're a specialty coffee lover, and you're in Tomohon, you absolutely need to come here.",5,12/15/2025 07:56:03,ChIJeW2XkINshzIR_ZdmogCH7UE
Elmonts Coffee & Roastery,,Ferdi K.,"Elmont is such a lovely guy and the coffee is absolutely delicious. I also learned a lot about the production and coffee making, he even showed us the plants behind the house.",5,12/05/2025 12:00:47,ChIJeW2XkINshzIR_ZdmogCH7UE
Elmonts Coffee & Roastery,,Claire Stephens,"Can I give them 10 stars? Visiting a coffee plantation was at the top of my Tomohon bucket list, so we were ecstatic when we stopped into this coffee shop and they offered to give us a tour of their plantation and cultivation process. The coffee was phenomenal and we loved trying coffee grown on the slopes of Tomohon’s own Mount Mahawu. It was a neat experience to learn about the process and know exactly where the coffee we drank came from. We highly recommend having a pourover with their house blend which features their very own robusta and arabica beans. I also loved their kopi susu! The owners are beautiful, kind people. We highly recommend visiting them!",5,12/03/2025 06:26:42,ChIJeW2XkINshzIR_ZdmogCH7UE
Elmonts Coffee & Roastery,,achel pioh,"I admit the coffee here is delicious, but personally, the owner was very nice at first, but after a long time as a customer, there were several things that felt uncomfortable, such as being too crazy about someone's personal matters, which is not a problem once or twice, but if it happens repeatedly, it makes me want to look for another shop even though the quality is slightly lower.",5,11/03/2025 06:44:18,ChIJeW2XkINshzIR_ZdmogCH7UE
Elmonts Coffee & Roastery,,Maud Lempérière,"Nous sommes passés un matin prendre un petit café. Leur café est délicieux. Nous avons pu sentir tous les cafés et voir la ferme derrière. Un grand merci à Jason, Robert et Elise pour nous avoir reçu aussi gentillement. Nous en garderons un très bon souvenir !",5,11/03/2025 00:11:31,ChIJeW2XkINshzIR_ZdmogCH7UE
Elmonts Coffee & Roastery,,Jan,"Very nice coffee place! The owners are very friendly, explained a lot and guided us through their coffee making process including their little plantation behind the store. We could smell the different beans and were very happy with our choice afterwards. I chose the special home blend and the higher price was definetly worth it. Maybe the best cup of coffee I ever had :) 100% recommendation.",5,10/29/2025 05:58:06,ChIJeW2XkINshzIR_ZdmogCH7UE
Elmonts Coffee & Roastery,,Eline Jongsma,"This place is great! They grow their own coffeebeans, and are very happy to show you their plantation. Very friendly staff, it's very clear they have a lot of love for their cafe! They let you smell all their different beans so you can choose which one you want to try for you coffee. Bought some beans to take home. Absolutely recommended! :-)",5,10/27/2025 04:01:02,ChIJeW2XkINshzIR_ZdmogCH7UE
Elmonts Coffee & Roastery,,Imran realreview,"Super nice, great coffee and people. Recommended",5,10/11/2025 03:51:47,ChIJeW2XkINshzIR_ZdmogCH7UE
Elmonts Coffee & Roastery,,Georg Brandstetter,Super leckerer Kaffee mit Führung.,5,09/25/2025 12:53:34,ChIJeW2XkINshzIR_ZdmogCH7UE
Elmonts Coffee & Roastery,,halimah tus sadiyah,"Klo lagi jalan ke tomohon mandatory banget mampir kesini, kopinya sumpah seenak itu, ditanam dan diproses sendiri sama ownernya yg humble banget dan certifies internasional, dan mereka bahkan punya kebun kopi dan workshop buat barista...i love them ❤️",5,09/12/2025 17:18:25,ChIJeW2XkINshzIR_ZdmogCH7UE
Elmonts Coffee & Roastery,,Sarah -,Ontzettend goede koffie met heel veel liefde bereid!!! ♥️,5,09/01/2025 03:27:42,ChIJeW2XkINshzIR_ZdmogCH7UE
Elmonts Coffee & Roastery,,Randy Glover,"The coffee here is fantastic and the owners and the care they take make it extra special. This is a gem in Tomohon! They are involved in every step of the process of getting that bean from the plant into your cup. I wish every coffee shop could be like this. Local plants, local beans, local hands processing and serving the cup.",5,08/17/2025 10:08:43,ChIJeW2XkINshzIR_ZdmogCH7UE
Elmonts Coffee & Roastery,,Patrick Bontekoe,"Very nice place for good coffee. The owners are welcoming people with a real passion for coffee. They grow their own beans in a sustainable way and are proud of that. Just ask a question and the owner will start telling about coffee, he has incredible knowledge. We also enjoyed the 'old guy' playing the piano and singing a bit.",5,08/11/2025 14:36:24,ChIJeW2XkINshzIR_ZdmogCH7UE
Elmonts Coffee & Roastery,,Stefanie Kainz,We loved it there ! The owner was very nice and we’ve got to see their coffee plants and got to taste their different coffees + they showed us their techniques . Very fascinating.,5,08/09/2025 07:12:42,ChIJeW2XkINshzIR_ZdmogCH7UE
Elmonts Coffee & Roastery,,April Zhou,"A lovely small coffee shop with everything you need for a morning refresh! The coffee of local produce tastes great, and seasonal cake makes a perfect pairing. Friendly staff offer details for their good varieties of coffee beans. Worth a stay~",5,08/08/2025 06:36:44,ChIJeW2XkINshzIR_ZdmogCH7UE
Elmonts Coffee & Roastery,,Adrien G,"Amazing coffee, very nice owners, they will teach you all about the coffee process and varieties, some grows in their garden, some on the mountains! We had a great time there and strongly recommend.",5,08/04/2025 09:22:57,ChIJeW2XkINshzIR_ZdmogCH7UE
Elmonts Coffee & Roastery,,JA travellers,"A haven (and heaven!) for coffee lovers: local beans of the finest quality, many brewing methods and, most importantly, hosts with incredible knowledge willing to share it with the friendliest vibes. Terima kasih banyak atas waktumu!",5,07/22/2025 10:41:33,ChIJeW2XkINshzIR_ZdmogCH7UE
Elmonts Coffee & Roastery,,Lucas BRICHE,"J’ai adoré mon passage chez Elmonts Coffee. J’y ai dégusté un super café filtre de Tomohon même. Je recommande vivement de passer chez ce torréfacteur. Les propriétaires sont adorables, attentionnés et passionnés. Nous avons même eu droit à une petite visite des caféiers aux pieds du coffee shop. J’en ai profité également pour acheter du café en grain et je l’adore. Un grand merci.",5,07/15/2025 07:39:35,ChIJeW2XkINshzIR_ZdmogCH7UE
Elmonts Coffee & Roastery,,Jan Kiefte,Nice place for coffee and cake. Coffee home brewed,4,06/29/2025 06:21:47,ChIJeW2XkINshzIR_ZdmogCH7UE
Elmonts Coffee & Roastery,,gaby bullet,Very good coffee,4,04/27/2025 07:18:28,ChIJeW2XkINshzIR_ZdmogCH7UE
Elmonts Coffee & Roastery,,Chris Brummitt,"Loved this place. Lots of different beans, including some from a plantation just behind the cafe. V knowledge and friendly owners also . You should visit if in Tomohon",5,04/24/2025 06:51:08,ChIJeW2XkINshzIR_ZdmogCH7UE
Elmonts Coffee & Roastery,,Nikos Fournarakis,"Not only the coffee is amazing (make sure you ask about their special blend - if you’re lucky enough and it’s available, make sure you try it), we also enjoyed a lot hanging out with Monchi. He took us to the coffee farm on the mountain and gave us a tour of his little farm in the back of the coffee shop. This place is unmissable both for the quality of the coffee and the people that run it. Thank you for the great day Monchi and Louise! Hope to see you again soon!",5,04/22/2025 12:38:34,ChIJeW2XkINshzIR_ZdmogCH7UE
Elmonts Coffee & Roastery,,Adrian Stenly,Tempat nyaman untuk sharing kopi,5,04/09/2025 11:33:05,ChIJeW2XkINshzIR_ZdmogCH7UE
Elmonts Coffee & Roastery,,Luigi Dosso,"Tappa obbligatoria per chi passa da Tomohon, ci siamo sentiti subito a casa, la coppia gestisce il bar e ha una piantagione di caffè in zona e le piante vengono prodotto in modo biologico e con un occhio attento all'ambiente. Diverse scelte di tipologie di caffè con diversi aromi, noi veniamo dalla Svizzera italiana e non abbiamo un tale coffe shop dove poter testare le differenze del questa bevanda bevuta in tutto il mondo. Assolutamente consigliato Un saluto alla family e grazie della vostra accoglienza",5,04/07/2025 08:17:27,ChIJeW2XkINshzIR_ZdmogCH7UE
RM Rahang Tuna Bitung,,Deny Anyer,"Soal Rasa lain dari pada yg lain , terutama rahang tuna nya + lomboknya bikin nendang",4,08/08/2025 01:49:11,ChIJkzBowJ0BhzIRl5spauKDit0
RM Rahang Tuna Bitung,,Dewi Angela,Makanannya enakk dan nikmat dan ricaanya behh mantaap 🤤🤤,5,06/29/2025 09:58:18,ChIJkzBowJ0BhzIRl5spauKDit0
RM Rahang Tuna Bitung,,Danny Mare,Enak dan gurih,4,10/06/2023 09:08:11,ChIJkzBowJ0BhzIRl5spauKDit0
RM Rahang Tuna Bitung,,Glendy Kaunang,Opo ada suruh rating,5,09/28/2023 09:34:22,ChIJkzBowJ0BhzIRl5spauKDit0
RM TERASA Chinese Food Kakaskasen ll,,Allan Mapaliey,"Ekspetasi saya untuk rasa nasi gorengnya cukup tinggi, tetapi ternyata mediocre. Ayam mentega rasanya not bad lah Fuyunghai enak. Kita coba lagi di kunjungan berikutnya.",4,12/11/2025 01:47:06,ChIJlyFeWnhthzIR8SrVwBimtng
RM TERASA Chinese Food Kakaskasen ll,,CHANDRA VITA,"makanan nya enak , bersih dah terjangkau paling paling cocok kalo datang makan dg tmng'' kampus",5,09/27/2025 05:30:36,ChIJlyFeWnhthzIR8SrVwBimtng
RM TERASA Chinese Food Kakaskasen ll,,Jeroen,Food is okay the amount of meat used is extremely little having eaten in many Indonesian restaurants. Adds extra money at the end bad service unfriendly staff,1,08/19/2025 11:24:32,ChIJlyFeWnhthzIR8SrVwBimtng
RM TERASA Chinese Food Kakaskasen ll,,Bobby Kamagi,Mantap Dan cepat,5,02/23/2025 01:44:57,ChIJlyFeWnhthzIR8SrVwBimtng
RM TERASA Chinese Food Kakaskasen ll,,David Star,dpe menu ccok skli dmulu.. nd pernah mkg situ kong nd kenyang ato nd puas..selalu terbaikk so coba baron2 tmhon mar mmang cma dsitu tu mantapp,5,08/05/2024 00:48:23,ChIJlyFeWnhthzIR8SrVwBimtng
RM TERASA Chinese Food Kakaskasen ll,,Gérard Schaefer,Le prix du menu affiché sur Google n'est pas le même au restaurant.,1,06/08/2024 10:58:28,ChIJlyFeWnhthzIR8SrVwBimtng
RM TERASA Chinese Food Kakaskasen ll,,Marchelline Fratama,"Makanan enak2 terutama nasgor nya smoky gitu, cuma tempat parkir mobil aja yg susah krn dekat pertigaan. Rata2 resto di pinggiran situ ga ada tempat parkir semua sih. Sekian",5,06/01/2024 10:34:27,ChIJlyFeWnhthzIR8SrVwBimtng
RM TERASA Chinese Food Kakaskasen ll,,Eting,"Lokasinya di jalan utama kota Tomohon, makanan enak, porsinya banyak harganya murah meriah.",5,05/31/2024 00:05:07,ChIJlyFeWnhthzIR8SrVwBimtng
RM TERASA Chinese Food Kakaskasen ll,,Delon Eduward Pakaya,"beberapa menu kosong,pdhl mau coba",3,04/08/2024 14:55:05,ChIJlyFeWnhthzIR8SrVwBimtng
RM TERASA Chinese Food Kakaskasen ll,,Donald Alinabur,Kurang dalam pelayanan dan kurang ramah. Khususnya terhadap drifer online,4,03/10/2024 09:29:04,ChIJlyFeWnhthzIR8SrVwBimtng
RM TERASA Chinese Food Kakaskasen ll,,Berny Berny,Waktu tunggu yg smpe 1 jam,1,03/03/2024 06:28:25,ChIJlyFeWnhthzIR8SrVwBimtng
RM TERASA Chinese Food Kakaskasen ll,,Ferdinand Assa,makanan non halal. mie Ba cocok untuk udara yang dingin dan menyejukkan.,4,01/15/2024 13:19:43,ChIJlyFeWnhthzIR8SrVwBimtng
RM TERASA Chinese Food Kakaskasen ll,,Harrol Tumanduk,Salah satu Chinesse Food terbaik di Kota Tomohon,4,12/22/2023 14:35:45,ChIJlyFeWnhthzIR8SrVwBimtng
RM TERASA Chinese Food Kakaskasen ll,,Michael Victor,"Porsi banyak, harga terjangkau. parkiran dibadan jalan.",5,11/24/2023 23:31:39,ChIJlyFeWnhthzIR8SrVwBimtng
RM TERASA Chinese Food Kakaskasen ll,,LediV Reivax,Mantapp makanan sedapp,5,08/18/2023 19:08:24,ChIJlyFeWnhthzIR8SrVwBimtng
RM TERASA Chinese Food Kakaskasen ll,,Prisillia Manangka,Tempat mkang langganan kalo mengidap di Tomohon👍🏻,5,08/17/2023 15:04:21,ChIJlyFeWnhthzIR8SrVwBimtng
RM TERASA Chinese Food Kakaskasen ll,,Franny Leonardo,"Buka sampe jam 12 malam, kalo boleh porsi makanan di tambah",4,08/04/2023 12:16:54,ChIJlyFeWnhthzIR8SrVwBimtng
RM TERASA Chinese Food Kakaskasen ll,,Susan Jkt,Rumah makan disini makanan nya enak enak Kass Kalimantan Barat bnyk menu dan pastinya tempat bersih dan higienis,5,05/26/2023 03:57:10,ChIJlyFeWnhthzIR8SrVwBimtng
RM TERASA Chinese Food Kakaskasen ll,,Davide Pusceddu,Excellent Kwetiau siram telur,4,05/21/2023 05:40:02,ChIJlyFeWnhthzIR8SrVwBimtng
Triple Sari Resto & Cafe,,ku aing,"Tempat yang nyaman dan wajib dikunjungi saat di kota Bitung. Nyaman, bersih, ambience dan fasilitasnya terutama gazebo, playground dll dan terutama rasa makanan-makanannya enak sekali (coba dada tuna, es brenebon) mantap!💯 10/10 ⭐️⭐️⭐️⭐️⭐️ akan datang lagi kalau ke kota Bitung ❤️ :)",5,01/06/2026 12:10:13,ChIJ7z-BbDMBhzIRdAwmBVpp8ag
Triple Sari Resto & Cafe,,Deny Anyer,"Suasana tempat cocok untuk makan Rame-Rame, Rekomendasi buat ngbrol santai / meeting kecil kecilan (bukan sekala besar), kalo bisa usul di ruang utama kasih pendingin/AC biar sejuk dikit 🙏, 🏝🏕 untuk rasa masakannya enak bgt terutama rahang tuna bakar rica & woku tuna.. 🍱🥘 Disini jg tersedia minuman Beer.. 🍻🥂 ""tapi klo bisa di percepat penyajian pesanan nya ya 🙏""",4,11/25/2025 07:03:49,ChIJ7z-BbDMBhzIRdAwmBVpp8ag
Triple Sari Resto & Cafe,,Surya Pradaningrat,"makanan enak, porsi pas. pelayanan cukup baik, tapi bisa dipercepat penyajiannya.",4,11/19/2025 07:35:46,ChIJ7z-BbDMBhzIRdAwmBVpp8ag
Triple Sari Resto & Cafe,,queenie Melhkisedekh,"Best hospitality, yummy food, good ambience, great natural view",5,11/07/2025 08:07:46,ChIJ7z-BbDMBhzIRdAwmBVpp8ag
Triple Sari Resto & Cafe,,Meryawati Durikase,"Nice place, food good, service good, the staffs are good in serving the guests",5,10/25/2025 12:08:10,ChIJ7z-BbDMBhzIRdAwmBVpp8ag
Triple Sari Resto & Cafe,,Grahame Gavin,Tearooms above a fishpond.,5,10/23/2025 05:20:13,ChIJ7z-BbDMBhzIRdAwmBVpp8ag
Triple Sari Resto & Cafe,,Radiah Puspita,"Makanan enaakkk, tempat nyaman, suasana hangattt 😍😍",5,09/21/2025 06:42:54,ChIJ7z-BbDMBhzIRdAwmBVpp8ag
Triple Sari Resto & Cafe,,Inriani Mawuntu,Makanan enak yg paling recommended menurut saya itu perkedel jagung,5,09/07/2025 12:26:59,ChIJ7z-BbDMBhzIRdAwmBVpp8ag
Triple Sari Resto & Cafe,,Zwingly Otniel Poluan,Tempat makan yang nyaman. Makanannya enak.,5,09/06/2025 01:41:07,ChIJ7z-BbDMBhzIRdAwmBVpp8ag
Triple Sari Resto & Cafe,,ansye kalesaran,Makan mujair dan rahang : hambar kayak.. sambal nya pedes ok tapi hambar... Minum es palubutung : kayak es diserut dikasih sirup merah sebagai penghias... Hambar... pisnagnya bisa dihitung jari dan palubutungnya syukuran 1 sendok doang... Pesan ukuran yg medium tapi datang nya yg large tanpa konfirmasi kalo emang habis yg medium..,2,08/21/2025 07:18:56,ChIJ7z-BbDMBhzIRdAwmBVpp8ag
Triple Sari Resto & Cafe,,Hasrul Habib,Ok resto nya..,4,06/02/2025 11:28:27,ChIJ7z-BbDMBhzIRdAwmBVpp8ag
Triple Sari Resto & Cafe,,Bimbo8088,"Ikan Fresh dan Pelayanan Baik, tdk sangka dgn harga terjangkau pelayanan sebaik ini, topp ⭐️",5,04/25/2025 08:25:35,ChIJ7z-BbDMBhzIRdAwmBVpp8ag
Triple Sari Resto & Cafe,,MDR88,Makananya enak dan fresh,5,01/14/2025 06:48:39,ChIJ7z-BbDMBhzIRdAwmBVpp8ag
Triple Sari Resto & Cafe,,Ifo Fox,Suasana yg tenang,5,01/14/2025 04:56:31,ChIJ7z-BbDMBhzIRdAwmBVpp8ag
Triple Sari Resto & Cafe,,Fitraini Hadju,Bagus bgt pkoknya,5,12/10/2024 04:08:49,ChIJ7z-BbDMBhzIRdAwmBVpp8ag
Triple Sari Resto & Cafe,,Hiero_81,Tempat makan yg suasananya nyaman dan pelayanannya cepat,5,11/09/2024 14:32:45,ChIJ7z-BbDMBhzIRdAwmBVpp8ag
Triple Sari Resto & Cafe,,Dewa Purnama Sidi Putra (DEWAP060),Smokol dan makan disini menikmati olahan ikan kota cakalang dan tuna. Tempatnya bersih dan nyaman Menu hanya ada beberapa yaitu olahan ikan.,5,09/18/2024 05:02:09,ChIJ7z-BbDMBhzIRdAwmBVpp8ag
Triple Sari Resto & Cafe,,Henra Sigarlaki,Lumayan adem untuk kota Bitung yg panas ☺️,5,07/26/2024 15:24:48,ChIJ7z-BbDMBhzIRdAwmBVpp8ag
Triple Sari Resto & Cafe,,-さんKocai,Tempatnya cocok banget untuk yg mau bikin mini gathering atau kumpul-2 santai atau formal. Dibagi ke dalam beberapa saung yg cocok bgt untuk private occasion. Surprise ayam lalapannya enak dan lembut banget sambelnya jg sangat friendly untuk yg gk bisa pedes. Rekomendasi pesen ayam lalapan daging sama klapertaartnya.,5,07/20/2024 07:08:31,ChIJ7z-BbDMBhzIRdAwmBVpp8ag
Triple Sari Resto & Cafe,,Steve Rawung,pertanyaan kapan berdirinya triple sari resto&cafe?,4,05/17/2024 11:34:10,ChIJ7z-BbDMBhzIRdAwmBVpp8ag
Triple Sari Resto & Cafe,,Jennie-Rose Schultz,"Wah! Keren sekali tempat ini. Bukan resto saja tapi tempat menarik dan menyenangkan. Ada kolam2 dengan banyak ikan, ada jembatan yg sambungkan semua ruang ruang makan. Ada juga tempat bermain untuk anak anak.",5,05/10/2024 09:14:36,ChIJ7z-BbDMBhzIRdAwmBVpp8ag
Triple Sari Resto & Cafe,,A______ Seoul,Sejukk. Tpi utk pondok2 nya kurang,1,02/15/2024 23:21:11,ChIJ7z-BbDMBhzIRdAwmBVpp8ag
Triple Sari Resto & Cafe,,Iyan CA,"Tempat luas, makanan enak. Agak lama keluar pesanannya.",4,10/08/2023 00:35:47,ChIJ7z-BbDMBhzIRdAwmBVpp8ag
Triple Sari Resto & Cafe,,Yohana Setyoningtyas,Depe makanan pe sadap enak. Kalo ada yg mo ke arah Bitung boleh singgah makan disini. Rekomen sekali suka deng suasana nya.,5,09/19/2023 13:40:02,ChIJ7z-BbDMBhzIRdAwmBVpp8ag
