place_name,address,review_author,review_text,review_rating,review_date,google_id
Ragey Von Von,,Jerry D,sup brenebon makan terakhir awal nov penampilan dapa lihat sudah bujang sup brenebon jadi sudah tidak makan,4,11/15/2025 02:37:38,ChIJU6vnbhFthzIRj7_7m-LW7fA
Ragey Von Von,,KKH,dikunjungi di sini karena atributnya yang legendaris tetapi ditinggalkan dengan kekecewaan brenebon tidak ditawarkan tanya pria itu dan dia bahkan tidak mengucapkan sepatah kata pun orang di kasir tidak boleh mengambil peran itu daging babinya enak tapi belum lengkap tanpa supnya,4,11/14/2025 09:15:32,ChIJU6vnbhFthzIRj7_7m-LW7fA
Ragey Von Von,,Go Dive Indonesia,tempat legendaris untuk makan sate rageybabi di manado menghindari jam makan siang dan makan malam mencari tempat parkir bisa jadi rumit makanannya enak brenebon tumis kangkung dan star ragey tapi mereka juga punya sate babi manis,5,11/11/2025 06:35:49,ChIJU6vnbhFthzIRj7_7m-LW7fA
Ragey Von Von,,Djohanes Sitompul123,lezat sekali ragey lumer di lidah,5,10/31/2025 02:52:05,ChIJU6vnbhFthzIRj7_7m-LW7fA
Ragey Von Von,,Maureen Mandagie,ragey itu enak satenya juga manis harganya sesuai dengan rasanya satu lagiada nasi bungkus dan sop brenebon bagi yang sudah lama tidak pulang kampung ini bisa jadi obat mujarab untuk kerinduan akan kuliner nonhalal yang jarang ditemui di jakarta pelayanan ramah dan cepat,5,10/19/2025 03:02:06,ChIJU6vnbhFthzIRj7_7m-LW7fA
Ragey Von Von,,Verenica Mangundap,harga per kwintal hanya berdasarkan pncucu ragey kangkung sudah hitam pliss tidak worthit sekali sangat sekali,1,09/23/2025 10:21:26,ChIJU6vnbhFthzIRj7_7m-LW7fA
Ragey Von Von,,Joel Abednego,kemarahan terbaik di tomohon berasap gurih lembut direndam semalaman dan dibakar di atas arang asli disajikan dengan nasi panas kangkung berbau bawang putin dan sambal buatan sendiri yang rasanya pas porsinya besar rasanya dalam dan anda pasti akan memimpikannya nanti tempatnya tidak mewah bangku plastik panggangan terbuka obrolan lokal tapi itulah intinya anda di sini untuk makanan yang jujur berani dan tak terlupakan bukan dekorasi harga bukan yang termurah tapi setiap gigitannya sangat berharga anda tidak membayar untuk pelapisan atau suasana anda membayar untuk rasa yang melekat pada anda jika anda berada di tomohon dan melewatkan ini anda mengacau bintang tidak ada catatan pergi saja,5,09/20/2025 16:21:57,ChIJU6vnbhFthzIRj7_7m-LW7fA
Ragey Von Von,,Farensi Venrica,pertama kali coba di tempat ini kcwa si ddtg masih sore masih fruk belum tengah malam bru penyajian buruk sekali bgtu rb porsi bru nya sayor sudah asam nasi dingin begitukah mmg pesanannya atau bgmna kah terlalu besar ekspektasi makan disini bukan tidak mampu mau bli tapi lenkali klo kualitas produk sudah tidak layak jangan di jual ini manusiaaa bukan hewan hewan saja di kasih makan yang bagus masa mau sajikan ke customer beri yg jelek bgni tolong tim resto evaluasi lagi org dapur trkait service excellent nya jgn cuma perhatikan penjualan bru tidak perhatikan kepuasan pelanggan aplgi ini restoran bukan toko sembako,1,09/16/2025 17:23:49,ChIJU6vnbhFthzIRj7_7m-LW7fA
Ragey Von Von,,Junaidy Weken,buruk dluan order sdh di bayar kemudian byk yg baru datang dilayani kurang lebih jam menunggu dan tiba dibilang habis,1,09/05/2025 11:13:57,ChIJU6vnbhFthzIRj7_7m-LW7fA
Ragey Von Von,,lily pijoh,cita rasa rageynya tidak berubah masih enak seperti yg lalu makin praktis krn mkn di mobil,5,07/13/2025 23:43:44,ChIJU6vnbhFthzIRj7_7m-LW7fA
Ragey Von Von,,Alfredo Hrv,rageynya enak tapi lumayan mahal,5,07/06/2025 14:15:41,ChIJU6vnbhFthzIRj7_7m-LW7fA
Ragey Von Von,,Puput Loong,rasa rageynya masih tetap sama daging babinya sangat lembut kulitnya bisa digigit dan dikunyah dengan mudah opsi makan menu babi yg sangat sulit ditolak kalau pergi ke tomohon dan sekitarnya,5,07/04/2025 02:23:13,ChIJU6vnbhFthzIRj7_7m-LW7fA
Ragey Von Von,,harianto wardoyo,bisa di coba ragey nya enak,5,06/23/2025 02:17:33,ChIJU6vnbhFthzIRj7_7m-LW7fA
Ragey Von Von,,Daniel Judah,tidak diragukan lagi tempat terbaik untuk makan ragey di sekitar kawasan tomohon rageynya renyah dan enak ragey sungguh luar biasa dan menakjubkan tempat ini juga terbuka hingga malam hari sehingga anda dapat memuaskan rasa lapar anda di sini pada malam hari kemarahan itu luar biasa tempat ini memiliki tempat parkir tempatnya tidak terlalu ramai pada malam hari,5,06/03/2025 09:23:01,ChIJU6vnbhFthzIRj7_7m-LW7fA
Ragey Von Von,,Mike S,legenda itu benar adanyaini memang tempat paling seru di kawasan tomohon meskipun ada banyak kedai ragey serupa di dekatnya von von menawarkan daging paling banyak dan potongan paling empuk kami datang terlambat dan mereka sudah kehabisan sup brenebon yang biasanya disertakan dalam set tapi kami sudah mencoba semua item lainnya dan saya dapat memberi tahu anda bahwa ragey mereka adalah yang terbaik rasanya berair montok dan beraroma bahkan sate dagingnya pun empuk dan beraroma piring kangkung mereka juga dilengkapi dengan bunga pepaya yang menambah cita rasa itu adalah makanan yang luar biasa pelayanannya baik dari orang yang lebih tua tapi satu pelayan yang seharusnya melayani kami hanya duduk di kursi kasir dan bermain game sepanjang hari setengah mengabaikan permintaan dan pertanyaan kami,5,05/20/2025 03:45:57,ChIJU6vnbhFthzIRj7_7m-LW7fA
Ragey Von Von,,Eko Hindarijanto,waktu pembayaran dikasir tidak diberi perincian harga per porsinya dan struk pembayarannya ini yg perlu diperbaiki jadi tamu yg habis makan bisa tahu persis berapa harga makanan yg dipesannya kasir kurang supel,5,05/17/2025 12:43:12,ChIJU6vnbhFthzIRj7_7m-LW7fA
Ragey Von Von,,Rizky,tidak ka dua kalo kembali sini nya service apalagi kasir beking org sangat gula nae cuma da bingung main ml lalu perlakukan customer sama dgn da menumpang makan sudah harga langit juga service sama dgn ini langsung ilang rasa makan klo tidak hujan tidak mungkin juga mau ba singgah,1,05/01/2025 12:55:44,ChIJU6vnbhFthzIRj7_7m-LW7fA
Ragey Von Von,,Fer sam,tempat makanan yang enak dengan harga yang cukup lumayan mahal tapi selama rasanya enak tidak masalah,4,04/17/2025 08:54:19,ChIJU6vnbhFthzIRj7_7m-LW7fA
Ragey Von Von,,Rizaldy Diamanis,ragey nasi bungkus total rp makan siang jam tanggal feb,1,02/23/2025 17:10:51,ChIJU6vnbhFthzIRj7_7m-LW7fA
Ragey Von Von,,Sky Phoa,ragey vonvon menyajikan sate babi khas minahasa dengan rasa otentik dan tekstur daging yang juicy bumbunya meresap sempurna namun harga tergolong mahal untuk porsi yang diberikan cocok untuk pecinta kuliner tradisional,4,01/26/2025 13:14:45,ChIJU6vnbhFthzIRj7_7m-LW7fA
Ragey Von Von,,Arinda Pramesti,ragey nya enak sate manis nya juga enak,5,01/16/2025 00:43:52,ChIJU6vnbhFthzIRj7_7m-LW7fA
Ragey Von Von,,Ale Vlog,rumah makan non halal menu utama ragey dan sate manis rageynya enak dagingnya empuk dan gurih sambalricanya juga pas sate manisnya lumayan dagingnya empuk cuman bumbunya ketumbar kurang terasa tapi overall satenya enak paketnya sataragey sayur kangkungbrenebon nasi bungkus biji hrg per paket rb cukup mahal sih suasana restonya cukup bersih dan rame dan kalo lagi byk org susah parkir klo mau mkn ragey sy rekom di sini krn sy sudah coba di tpt lain tapi di von von punya cita rasa tersendiri,4,12/30/2024 13:09:07,ChIJU6vnbhFthzIRj7_7m-LW7fA
Ragey Von Von,,Joell Tapilatu,sediakan obat magh harus menunggu pesanan jam pelayanan tidak ramah,1,12/27/2024 08:05:21,ChIJU6vnbhFthzIRj7_7m-LW7fA
Ragey Von Von,,Qyu 16,banyak sekali makanannya aneka daging babi di olah menjadi berbagai menu ayam juga ikan dan berbagai macam sayuran pkknya enak,5,12/17/2024 14:25:58,ChIJU6vnbhFthzIRj7_7m-LW7fA
Ragey Von Von,,vhalent aja,semoga bisa kesana lagi ya,5,12/12/2024 10:09:21,ChIJU6vnbhFthzIRj7_7m-LW7fA
Ragey Von Von,,Gabriel Mactavish,enak cuma sering tutup waktu buka tidak menentu menurut saya ragey paling enak di tomohon,4,11/19/2024 05:53:26,ChIJU6vnbhFthzIRj7_7m-LW7fA
Ragey Von Von,,Meisy Kamalaheng,enak rasa makanannya terima kasih,5,11/02/2024 10:59:45,ChIJU6vnbhFthzIRj7_7m-LW7fA
Mie Gacoan Bitung - W. Maramis,,Bora Yoto,enak dan ramah pelayanan nya serta nyaman,5,01/30/2026 06:53:15,ChIJpZ51GwABhzIRrF_RET7YuRY
Mie Gacoan Bitung - W. Maramis,,Joyne Joyne,sangat nyaman dan enak,5,01/30/2026 06:53:05,ChIJpZ51GwABhzIRrF_RET7YuRY
Mie Gacoan Bitung - W. Maramis,,Mohamad Rafly,pelayanan yg bagus,5,01/29/2026 12:49:07,ChIJpZ51GwABhzIRrF_RET7YuRY
Mie Gacoan Bitung - W. Maramis,,Maryam muhammad,sangat ramah dan baik hati,5,01/29/2026 03:57:57,ChIJpZ51GwABhzIRrF_RET7YuRY
Mie Gacoan Bitung - W. Maramis,,Anisa Thalib,lebih tingkatkan lagi apa yg di pesan krna pernah pesan ice tea tidak manis serta komplain cmn blng dari awal tidak ksih tau seharusnya kan sdh tau takarannya,2,01/29/2026 00:01:26,ChIJpZ51GwABhzIRrF_RET7YuRY
Mie Gacoan Bitung - W. Maramis,,Aiman Syafii,tapi es tehnya tidak dikasih gula nohh,1,01/28/2026 15:24:29,ChIJpZ51GwABhzIRrF_RET7YuRY
Mie Gacoan Bitung - W. Maramis,,Efar Geys,pelayanan baik mksih ebi husain,5,01/28/2026 13:15:43,ChIJpZ51GwABhzIRrF_RET7YuRY
Mie Gacoan Bitung - W. Maramis,,Heri Darkk,baik dan enak,5,01/28/2026 13:13:57,ChIJpZ51GwABhzIRrF_RET7YuRY
Mie Gacoan Bitung - W. Maramis,,Virginia Lengkey,enak dan tempat nyaman,5,01/28/2026 06:56:00,ChIJpZ51GwABhzIRrF_RET7YuRY
Mie Gacoan Bitung - W. Maramis,,Afika Nuryansyah,pelayananya ramah dan baik,5,01/28/2026 06:23:04,ChIJpZ51GwABhzIRrF_RET7YuRY
Mie Gacoan Bitung - W. Maramis,,Kartika Puri montu,pelayanan yang ramah makanan enak dan cepat,5,01/27/2026 13:15:52,ChIJpZ51GwABhzIRrF_RET7YuRY
Mie Gacoan Bitung - W. Maramis,,Julia Noviati R. Dako,makanannya enak cepat dan praktis,5,01/27/2026 13:05:08,ChIJpZ51GwABhzIRrF_RET7YuRY
Mie Gacoan Bitung - W. Maramis,,Nabila Hasan,pelayanan nya ramah,5,01/27/2026 12:56:44,ChIJpZ51GwABhzIRrF_RET7YuRY
tuna house Paniki,,Jitro Behuku,restoran paling buruk pelayanan lama jam lebih baru di antar makanannya rahang tuna nya gatal dimulut karyawannya pelan dan tidak profesional,1,12/24/2025 06:01:57,ChIJo7XwroeghzIRzna5F6f4DPg
tuna house Paniki,,Winda Purnomo Puteri,layanan sangat buruk sudah nunggu lama satu jam lewat makannya tidak dateng malahan orang yg baru datang di layani duluan dan perna pesan rahang tuna ternyata busuk dan sudah gatal pas kita bilang bukannya di ganti malah di bakar lagi dan disajiin lagi sangat kecewa,1,12/24/2025 05:57:57,ChIJo7XwroeghzIRzna5F6f4DPg
tuna house Paniki,,sony cheristanto,mencoba makan tuna woku sedap bumbu rempahnya pas mantap,5,12/16/2025 13:02:43,ChIJo7XwroeghzIRzna5F6f4DPg
tuna house Paniki,,kayla alexandra and mochi,ada pesan ubi rebus karena mau diet tidak makan nasi kenapa kalian punya ubi rebus lalu pergi taruh gula putih dnkso tidak rasa ubi manis ini sudah rasa gula putih iniato kalian membuat versi saja pake gula deng ori,1,12/14/2025 05:29:52,ChIJo7XwroeghzIRzna5F6f4DPg
tuna house Paniki,,Ervina Ahyudanari,i ordered nasi goreng tuna,4,11/29/2025 11:55:17,ChIJo7XwroeghzIRzna5F6f4DPg
tuna house Paniki,,May Bee,bener tunaaaaa sempurna enak sekali,5,11/01/2025 06:46:04,ChIJo7XwroeghzIRzna5F6f4DPg
tuna house Paniki,,Diio Diio,pelayanan yg sangat istimewa makasi,5,10/22/2025 14:33:04,ChIJo7XwroeghzIRzna5F6f4DPg
tuna house Paniki,,Jeremy Rondonuwu,tempat ini sangat menyenangkan tapi aku punya beberapa pemikiran tentang lauk pauknya kangkung cahnya oke tapi menurut saya rasanya bisa lebih enak selain itu untuk harganya mereka pasti bisa menyajikan nasi lebih banyak,4,10/20/2025 13:31:06,ChIJo7XwroeghzIRzna5F6f4DPg
tuna house Paniki,,fajar ramadhan,tuna nya tidak pernah mengecewakantermasuk tuna sashimi,4,10/14/2025 11:34:05,ChIJo7XwroeghzIRzna5F6f4DPg
tuna house Paniki,,Sultan Alrumaithi,makanannya tidak segar dan ikannya bau the food is not fresh and the fish smells rotten very bad experience,1,10/09/2025 05:25:39,ChIJo7XwroeghzIRzna5F6f4DPg
tuna house Paniki,,Arianto Afgan,tuna house paniki di manado menawarkan pengalaman kuliner yang unik dengan menumenu tuna yang lezat restoran ini memiliki beberapa cabang di manado termasuk di paniki mapanget boulevard karangria tuminting kawasan mega mas dan tikala,5,09/30/2025 07:53:02,ChIJo7XwroeghzIRzna5F6f4DPg
tuna house Paniki,,Hirohito Stevie Punuh (Itho),lumayan mohon perbaikan dalam hal kerjasama gofood kena membingungkan trims,5,09/13/2025 11:17:38,ChIJo7XwroeghzIRzna5F6f4DPg
tuna house Paniki,,Andi Siti Fatimah,suasananya nyaman layanannya juga lumayan sayang ikan tunanya kurang segar dengan pilihan sangat terbatas sayang sama judulnya tuna house,4,09/09/2025 14:39:14,ChIJo7XwroeghzIRzna5F6f4DPg
tuna house Paniki,,Lucy Eni,jika anda tidak mampir ke tempat yang ada di kota manado ini sayang sekali makanan khas manado yang sangat lezat dan unik sungguh membuat kita tidak bisa lupa tuna rahang urat tuna yang dibumbui dengan sangat baik disajikan dengan sambal yang sangat nikmat tempat yang nyaman dan bersih,5,08/27/2025 02:37:31,ChIJo7XwroeghzIRzna5F6f4DPg
tuna house Paniki,,Feria Masnduli,tunanya enak sekali bakwan jagungnya jg gurih harga terjangkau,5,08/08/2025 05:41:29,ChIJo7XwroeghzIRzna5F6f4DPg
tuna house Paniki,,Firdausi Samudro,tempat nyaman rasa enak dan cukup puas makan di tempat ini sambal rica dabudabu dan sayur kangkungnya sangat cocok dan segar cocok untuk makan bersama keluarga rekan kerja thanks,5,07/06/2025 13:05:38,ChIJo7XwroeghzIRzna5F6f4DPg
tuna house Paniki,,Budi Inayatno,enak semua makanannya woku rahang tuna semua fresh pelayanan cepat,5,06/25/2025 08:20:07,ChIJo7XwroeghzIRzna5F6f4DPg
tuna house Paniki,,mithajuly rosenberg,maaf banget nih weekdays byk makanan kosong paket mujairnasgor ckalangayam goreng mentegasaos mentega ny tolong yaa stock makanan ny di perbyk,2,06/16/2025 06:25:54,ChIJo7XwroeghzIRzna5F6f4DPg
tuna house Paniki,,Tony Lie,baru pertama makan di sini kakaknya ramah tempatnya nyaman cocok juga bawa anak trus gk lama udh keluar makanannya menit rasanya saya suka bakar manisnya cakep mirip tunas house yg di jakarta harganya lbh murah disini,5,05/28/2025 00:58:08,ChIJo7XwroeghzIRzna5F6f4DPg
tuna house Paniki,,Arthur Mawuntu,makanan enak dengan pilihan makanan sehat rasa tuna dan tendon sangrai sebaiknya ditingkatkan kembali agar sesuai dengan cita rasa sebelumnya harga shasimi bisa lebih murah,4,05/20/2025 15:45:44,ChIJo7XwroeghzIRzna5F6f4DPg
tuna house Paniki,,Sidney Chua,tuna segar yang enak layanan dasar makan dan berangkat tapi akan kembali untuk tuna tempat yang bagus untuk penduduk lokal dan nonlokal karena kebersihannya,4,05/11/2025 10:33:58,ChIJo7XwroeghzIRzna5F6f4DPg
tuna house Paniki,,Yudi Soesanto,kualitas makanannya tidak konsisten ikan tuna di beberapa kesempatan tidak segar,2,04/27/2025 18:58:43,ChIJo7XwroeghzIRzna5F6f4DPg
tuna house Paniki,,GR F,kesini april pesen rahang tuna bakar rica rica perkedel nike dan perkedel milu rasa makanan enak porsi makanan besar,5,04/23/2025 07:52:31,ChIJo7XwroeghzIRzna5F6f4DPg
tuna house Paniki,,Femi Hertanti,rahang tunadada tunaikan nikesemua enak hanya agak lama,5,02/11/2025 14:14:16,ChIJo7XwroeghzIRzna5F6f4DPg
tuna house Paniki,,Abie Ariyo Dandoro,tempat yang bagus untuk makan tuna saya sudah mencoba sate tunanya dan rasanya enak sekali namun nasi gorengnya bahkan lebih enak pasti akan kembali lagi,5,01/21/2025 06:10:55,ChIJo7XwroeghzIRzna5F6f4DPg
tuna house Paniki,,Chan Kia,ini tempat makan bagus kalah di staff banya nongkrong di dapur konsumen musti ke area kasir tuk membutuhkan sesuatu,4,01/20/2025 00:02:50,ChIJo7XwroeghzIRzna5F6f4DPg
tuna house Paniki,,Dicky Agus Setiyawan,makanan enak banget cuman porsinya cukup oke layanan ok suasana ok,5,01/19/2025 07:55:15,ChIJo7XwroeghzIRzna5F6f4DPg
tuna house Paniki,,Erick Bawelle,layanan dan suasana oke tetapi rasa tunanya tidak seprti dulu lagi dan setiap mau pesan paket selalu kosong tpi mungkin kebetulan,4,01/16/2025 08:52:16,ChIJo7XwroeghzIRzna5F6f4DPg
Rm. Heng Mien,,Cherryl Gonibala,minahasa food makan di tempat sepuasnya mantul,5,01/22/2026 17:08:24,ChIJTy9LIpFyhzIRHTAUDr0uUi0
Rm. Heng Mien,,edwinpll,makanan sampe puas makanannya cukup enak dengan harga yabg terjangkau,4,12/03/2025 13:09:30,ChIJTy9LIpFyhzIRHTAUDr0uUi0
Rm. Heng Mien,,Zzz,harga rb ambil sepuasnya dpa sate ada menu babi ayam lagi enak pkknya blh tamba tamba,5,11/23/2025 23:19:57,ChIJTy9LIpFyhzIRHTAUDr0uUi0
Rm. Heng Mien,,Jerry D,mungkin kalau siang mau makan karena kalau malam lewat waktu makan sepertinya menu nya jadi kurang,4,11/15/2025 02:39:10,ChIJTy9LIpFyhzIRHTAUDr0uUi0
Rm. Heng Mien,,Priska Tuparia,makanan enak meskipun mostly menunya ituitu aja tempat luas dan sejuk cocok untuk yg mau makan terjangkau tapi bebas nambah dan pilih byk menu,5,10/25/2025 12:26:39,ChIJTy9LIpFyhzIRHTAUDr0uUi0
Rm. Heng Mien,,Drew,lokasi strategis pelayanan baik all you can eat makanan minahasa pilihan menunya cukup bervariasi,5,10/12/2025 16:16:52,ChIJTy9LIpFyhzIRHTAUDr0uUi0
Rm. Heng Mien,,Immanuel Tungka,makan siang bareng istri suasananya enak menunya enak,4,10/08/2025 22:06:31,ChIJTy9LIpFyhzIRHTAUDr0uUi0
Rm. Heng Mien,,Henrix Kaunang,menu makanannya sudah agak beda dan tidak sebanyak dlu tapi soal rasa makanan masi cukup enak dengan harga yang terjangkau,5,09/11/2025 15:06:27,ChIJTy9LIpFyhzIRHTAUDr0uUi0
Rm. Heng Mien,,nadjlk ndz,membahayakan lalu lintas kendaraan,1,08/26/2025 12:36:48,ChIJTy9LIpFyhzIRHTAUDr0uUi0
Rm. Heng Mien,,marphon wowiling,menu cukup tinggal ditambah varian ya,4,08/23/2025 20:28:17,ChIJTy9LIpFyhzIRHTAUDr0uUi0
Rm. Heng Mien,,lily pijoh,makanan khas minahasamakan sepuasnya anak umur tahun keatas di hitung seperti orang dewasa di hitung satu orang anak umur tahun sampai tahun di hitung setengah harga perorang ribu,4,07/20/2025 21:21:51,ChIJTy9LIpFyhzIRHTAUDr0uUi0
Rm. Heng Mien,,Frangky Sveizen Tjiang,makan puas hanya makanan enak terutama sate babi enak walaupun harga rb pertusuk,5,07/11/2025 05:19:28,ChIJTy9LIpFyhzIRHTAUDr0uUi0
Rm. Heng Mien,,Jajan Nyok,satu rumah makan dengan konsep all you can eat versi masakan minahasa menunya cukup banyak kalo mau makan daftar dlu supaya dikasi piring semua ambil sendiri ya mulai dari nasi sayur daging dan sop menu nya banyak yang nonhalal makan berdua bayar ribuan termasuk botol air mineral,4,07/07/2025 06:51:52,ChIJTy9LIpFyhzIRHTAUDr0uUi0
Rm. Heng Mien,,Albert Tambariki,tempat yang nyaman untuk makan,5,06/24/2025 13:00:11,ChIJTy9LIpFyhzIRHTAUDr0uUi0
Rm. Heng Mien,,Winston D,ditemukan lalat mati di dalam sup kacang merah kami memberitahukan hal ini kepada kasir tetapi kami bahkan tidak menerima maaf dan masih membayar penuh,1,06/07/2025 11:17:22,ChIJTy9LIpFyhzIRHTAUDr0uUi0
Rm. Heng Mien,,Johan Myway,masakan minahasa makan sepuasnya,4,05/29/2025 08:45:40,ChIJTy9LIpFyhzIRHTAUDr0uUi0
Rm. Heng Mien,,Bravo Vermeulen,ini tempat yang bagus untuk makan tapi sayangnya gedungnya terbakar hari ini,5,01/30/2025 15:16:00,ChIJTy9LIpFyhzIRHTAUDr0uUi0
Rm. Heng Mien,,j budianto surya,makanan enak dan tempat nyaman,4,01/17/2025 07:49:24,ChIJTy9LIpFyhzIRHTAUDr0uUi0
Rm. Heng Mien,,Roy Kupo,rumah makan dengan konsep all you can it versi minahasa menu hari ini terong saus telur telur saus jantung pisang ayam kari ayam rica mujair woku sayur tumis laksa sup sup brenebon ikan asam manis sambal goreng renga perkedel jagungpangi loba pepaya bulu babi rica menunya enak menunya biasa saja rporangppn,4,01/16/2025 04:18:04,ChIJTy9LIpFyhzIRHTAUDr0uUi0
Rm. Heng Mien,,Daniel Van Gulla,tempat istirahat yang bagus,5,01/14/2025 11:09:29,ChIJTy9LIpFyhzIRHTAUDr0uUi0
Rm. Heng Mien,,firgina eklesia,akhirnya bisa kembali datang dan makan lagi setelah terakhir datang di tahun suka sekali dengan system yang baru jadinya bisa coba semua jenis makanan yang ditawarkan harganya juga masih tergolong affordable makanannya sayur jantung pisang selalu jadi favorite pelayanannya juga cepat dan ramah semoga bisa berkunjung lagi,5,01/12/2025 05:47:59,ChIJTy9LIpFyhzIRHTAUDr0uUi0
Rm. Heng Mien,,Petrus J Yaenuri,khusus non muslim ya karena makanan khas minahasa disini,5,10/11/2024 12:39:32,ChIJTy9LIpFyhzIRHTAUDr0uUi0
Rm. Heng Mien,,Sir David,tempat makan legendaris sekarang sudah sistem all you can eat ber kemarin sekitaran rb untuk makan teh dapat sate ayam juga renga mantap,4,10/02/2024 02:56:57,ChIJTy9LIpFyhzIRHTAUDr0uUi0
Rm. Heng Mien,,Alfred Kompudu,restoran terbaik di area ini dengan program makan sepuasnya dan harga ekonomis semua makanan mereka enak dan senang berada di sana perlu ditingkatkan pelayanan dan keramahtamahannya,5,08/16/2024 07:13:14,ChIJTy9LIpFyhzIRHTAUDr0uUi0
Rm. Heng Mien,,Seyes Orain,tidak terlalu efektif,3,08/12/2024 04:39:48,ChIJTy9LIpFyhzIRHTAUDr0uUi0
favehotel Bitung,,Rio Alvyrani,hotelnya cukup bagus dengan view kota bitung dan kamar mandi bersih serta pelayanan cukup bagus,5,01/30/2026 22:45:20,ChIJo_5eBjMBhzIROr56-XGuoLI
favehotel Bitung,,Maria Chandra,nyaman dech pokokx pelayanan ramah,5,01/29/2026 00:53:36,ChIJo_5eBjMBhzIROr56-XGuoLI
favehotel Bitung,,Aldo Integrale,pelayanan bagus dan lokasi strategis,5,01/28/2026 23:48:06,ChIJo_5eBjMBhzIROr56-XGuoLI
favehotel Bitung,,Rahmad Sigit,sekitar hotel terasa sepi,5,01/27/2026 23:58:59,ChIJo_5eBjMBhzIROr56-XGuoLI
favehotel Bitung,,Satrio Musyaffa,nyaman tempat tidur,5,01/27/2026 23:56:18,ChIJo_5eBjMBhzIROr56-XGuoLI
favehotel Bitung,,Patria Utama,mantap pelayanannya bagus,5,01/27/2026 00:00:30,ChIJo_5eBjMBhzIROr56-XGuoLI
favehotel Bitung,,Emma Batty,dari checkin hingga check out layanannya luar biasa kamar yang indah bersih dan memiliki shower air panas persis seperti yang saya pesan secara online,5,01/25/2026 23:12:44,ChIJo_5eBjMBhzIROr56-XGuoLI
favehotel Bitung,,Hayrini Gailea,favehotel merupakan hotel di pusat kota bitung yang sangat mudah diakses pelayanan kebersihan dan fasilitasnya sangat mendukung ada kolamnya juga jgn takut bosan klo nginap disinii,5,01/24/2026 02:30:46,ChIJo_5eBjMBhzIROr56-XGuoLI
favehotel Bitung,,wanda andriwiz,kami menginap disini malam saja booking hotel via traveloka overall bagus amenities cukup lengkap kalo ditambah shower cap lebih mantap lagi kami menginap di kamar lantai kamar oke cuman selang semprotan airnya tekanannya msh kurang kencang,4,01/24/2026 00:45:16,ChIJo_5eBjMBhzIROr56-XGuoLI
favehotel Bitung,,marcmilya kezia roring,baik staff ramah kamar bersih recomended,5,01/24/2026 00:10:41,ChIJo_5eBjMBhzIROr56-XGuoLI
favehotel Bitung,,Bao,nyaman bersih nilai uang yang tidak ada duanya,5,01/23/2026 01:25:27,ChIJo_5eBjMBhzIROr56-XGuoLI
favehotel Bitung,,Salim Murdi,tempat strategispelayannan juga memuaskan utk sarapan sdh ada kemajuan juga,5,01/23/2026 00:48:41,ChIJo_5eBjMBhzIROr56-XGuoLI
favehotel Bitung,,Sarah Diana Yulianti,wifi nya oke kamar bersih setiap hari makanannya termasuk enak dan selalu ada menu lokalnya seperti ayam tinorangsak garo dll,5,01/22/2026 00:18:19,ChIJo_5eBjMBhzIROr56-XGuoLI
favehotel Bitung,,Ferdinand Rumangu,harus deposit ribu utk check in sedangkan di voucher yg diterbitkan tidak ada pemberitahuan mengenai perihal ini dan akhirnya yg rugi konsumen karena tidak bisa check in,1,01/21/2026 11:09:39,ChIJo_5eBjMBhzIROr56-XGuoLI
favehotel Bitung,,Yosua Wenas,hotel yang berusaha yang terbaik untuk memberikan pelayanan terbaik,5,01/21/2026 00:00:29,ChIJo_5eBjMBhzIROr56-XGuoLI
favehotel Bitung,,RICKY MUROS,layanan kamar cukup baik,3,01/20/2026 23:46:12,ChIJo_5eBjMBhzIROr56-XGuoLI
favehotel Bitung,,Devi Papia,selama mengikuti kegiatan menginap di hotel ini fasilitas pelayanannya sangat baik,5,01/19/2026 23:08:18,ChIJo_5eBjMBhzIROr56-XGuoLI
favehotel Bitung,,Choiril Mahmudi Mahmudi,lokasi bagus ke manapun mudah,5,01/19/2026 04:17:48,ChIJo_5eBjMBhzIROr56-XGuoLI
favehotel Bitung,,Gee Ramdhann,menginap di hotel nyamandan ok,3,01/16/2026 00:44:10,ChIJo_5eBjMBhzIROr56-XGuoLI
favehotel Bitung,,Fahmi Schu,sudah berapa kali ikut kegiatan kantor di hotel ini pelayanan baik ruangan kegiatan bersih rapih dengan staff rama,5,01/14/2026 00:23:50,ChIJo_5eBjMBhzIROr56-XGuoLI
favehotel Bitung,,Slametto Slametto,pelayanan sangat baik dan nyaman,5,01/13/2026 23:37:19,ChIJo_5eBjMBhzIROr56-XGuoLI
favehotel Bitung,,romi zulkarnain,pelayanan nya mantep dan makanannya sangat worth it best,5,01/12/2026 23:31:35,ChIJo_5eBjMBhzIROr56-XGuoLI
favehotel Bitung,,Sinta Ussu,pelayanan nya bagus,5,01/12/2026 01:32:13,ChIJo_5eBjMBhzIROr56-XGuoLI
favehotel Bitung,,Elzio Putra,pelayanan sangat baik dan respon cepat,5,01/10/2026 01:55:30,ChIJo_5eBjMBhzIROr56-XGuoLI
Raja Sate BBQ dan Restoran Asia,,Laurent Girault,kami mencicipi banyak sate di indonesia yang ini banyak kulit ayamnya dan sungguh tidak luar biasa harganya mahal dengan tusuk per orang,3,01/24/2026 23:58:23,ChIJQy8-NBd1hzIRKo4_7aV6BEo
Raja Sate BBQ dan Restoran Asia,,Sujin,saya pergi ke sana berdasarkan rekomendasi lokal itu adalah sate terbaik yang pernah saya rasakan di indonesia,5,01/20/2026 12:59:47,ChIJQy8-NBd1hzIRKo4_7aV6BEo
Raja Sate BBQ dan Restoran Asia,,hermanto mahmud,lama tidak lain kali tidak cukup masak nasi goreng jeleknya sudah lama banget masaknya jadi buruan mas grobak hidangkan curiga kompornya cuma satu cuma ada satu kali kalau ditambah lagi kuntui batunggunya tenggelam asam lambung jadi di toto by kami saja no,1,12/06/2025 13:48:37,ChIJQy8-NBd1hzIRKo4_7aV6BEo
Raja Sate BBQ dan Restoran Asia,,yogaswara diera,tempatnya klasik ada ruangan ac dan non ac harus cobain kolombi woku santang surprisingly enak,4,11/14/2025 11:18:09,ChIJQy8-NBd1hzIRKo4_7aV6BEo
Raja Sate BBQ dan Restoran Asia,,agus hermanto,sate sapi bakar rica asparagus,5,10/28/2025 08:37:36,ChIJQy8-NBd1hzIRKo4_7aV6BEo
Raja Sate BBQ dan Restoran Asia,,Remon Klok,menurut penduduk setempat ini adalah tempat sate di manado jadi datanglah dengan antisipasi dekorasi sederhana tapi sambutan ramah dan makanannya tampak enak sampai ratatouille sendiri muncul di jendela untuk melihat apakah kami menyukainya nafsu makan hilang dilaporkan dengan rapi dibayar dan pergi sayang sekali karena satenya kelihatannya enak sekali tapi seekor tikus di sebelah piringmu rasanya terlalu merepotkan,1,10/08/2025 11:25:36,ChIJQy8-NBd1hzIRKo4_7aV6BEo
Raja Sate BBQ dan Restoran Asia,,Majed Turk,bbq daging sapi adalah yang terbaik sate ayam tidak begitu enak saya sarankan untuk melewatkannya layanan sangat cepat saus kacang dan sambal pedas keduanya sangat enak tempatnya sangat bersih saya kira jika anda datang ketika sangat sibuk situasinya akan berbeda tetapi anda akan bodoh jika mengharapkan layanan yang sama ketika tempat itu penuh dengan klien karena ini adalah restoran yang sangat besar layanan bintang sangat ramah dan super cepat dengan senyuman,4,10/07/2025 11:33:10,ChIJQy8-NBd1hzIRKo4_7aV6BEo
Raja Sate BBQ dan Restoran Asia,,Frederik J.,sate yang sangat lezat saya tidak pernah berpikir saya bisa menyukai tuna tetapi saya terbukti sebaliknya sangat direkomendasikan,5,09/20/2025 08:06:48,ChIJQy8-NBd1hzIRKo4_7aV6BEo
Raja Sate BBQ dan Restoran Asia,,Tri Noormuliyaningsih,kami pesan sate sapi sop makaroni ayam penyajian satenya unik dengan tempat panggangan tekstur sate sapinya empuk tidak alot rasanya juga enak dimakan tanpa bumbu kacang juga sudah enak sop makaroni ayamnya juga enak porsi cukup untuk orang rasa gurihnya pas pesanan makanan cepat datangnya suasana tempat juga enak,5,04/29/2025 23:52:24,ChIJQy8-NBd1hzIRKo4_7aV6BEo
Raja Sate BBQ dan Restoran Asia,,Ellavester Xuanyi See,banyak tikus dan kotor tikus sejujurnya sangat menjijikkan saya tidak akan kembali lagi terlepas dari rasa makanannya itu tidak sepadan,1,04/26/2025 14:50:56,ChIJQy8-NBd1hzIRKo4_7aV6BEo
Raja Sate BBQ dan Restoran Asia,,Drew,sate ayam disini selalu jadi favorit saya nasi goreng spesialnya juga porsi jumbo dan banyak isiannya edited maret satu tempat langganan grabfood tempat yang paling sering dipesan makanan tahun menurut year in review grab sate ayam saos raja nasi goreng spesial ayam garo rica ayam bumbu manado sangat rekomendasi,5,03/30/2025 10:40:50,ChIJQy8-NBd1hzIRKo4_7aV6BEo
Raja Sate BBQ dan Restoran Asia,,jaap jansen,sate sayuran dan mie yang lezat anda harus menunggu lama untuk makanannya setelah menunggu setengah jam pramusaji kembali memberi tahu kami bahwa sejumlah hidangan yang kami pesan sudah habis itu bisa saja terjadi namun anehnya hal ini baru dikomunikasikan setelah sekian lama menunggu,3,03/28/2025 05:44:31,ChIJQy8-NBd1hzIRKo4_7aV6BEo
Raja Sate BBQ dan Restoran Asia,,PRISCA,banyak tikus berlarian menu makanan tidak sesuai pesanan lain yang datang disuruh bungkus mala bwa di meja udang di dalamnya tidak dibersihkan,1,03/22/2025 06:25:57,ChIJQy8-NBd1hzIRKo4_7aV6BEo
Raja Sate BBQ dan Restoran Asia,,Teddy Julius,sebaiknya pesanan dipercepat masaknya,5,03/01/2025 05:50:11,ChIJQy8-NBd1hzIRKo4_7aV6BEo
Raja Sate BBQ dan Restoran Asia,,OCTA DANDY SAIYAR,pertama kali diajak ksini ramai pengunjung foreign mungkin kmi kemalaman sebelum timnas tanding jadi paket seafood pesanan habis dan kasih kabar kelamaan hanya keluar beberapa sate dan nasi goreng selamat makan,5,10/17/2024 12:01:09,ChIJQy8-NBd1hzIRKo4_7aV6BEo
Raja Sate BBQ dan Restoran Asia,,Bramanto Wijaya,tempat ini terlihat bagus di luar tetapi di dalamnya memiliki suasana lama tempat itu cukup kosong pelayan tampaknya tidak mengerti tentang makanan dan ketersediaannya dia tidak tahu banyak tentang menunya setiap kali kami bertanya padanya banyak menu yang memang tidak tersedia butuh beberapa saat agar makanan siap kita harus terus bertanya pada pelayan nama restorannya mungkin menyarankan bahwa ini adalah kedai sate tetapi mereka hanya menjual sate ikan mereka juga memiliki hidangan lain seperti ikan woku yaitu ikan yang dimasak dengan kuah kuning tumis kangkung dan tumis terong goreng woku ikannya enak tapi tulang ikannya terlalu banyak dan dagingnya lebih sedikit sate ikannya lebih enak selain itu makanannya oke,4,10/11/2024 05:44:07,ChIJQy8-NBd1hzIRKo4_7aV6BEo
Raja Sate BBQ dan Restoran Asia,,Feliks Arrung,makanannya lama sekali kami menerima makanan satu per satu sangat buruk,1,09/27/2024 12:53:31,ChIJQy8-NBd1hzIRKo4_7aV6BEo
Raja Sate BBQ dan Restoran Asia,,Burhan Bahar,restorannya luas dengan posisi tempat duduk dan meja yang menarik makanannya juga enak sambal ladanya enak dan seperti sambal khas manado rasanya cukup pedas di sini anda bisa membayar menggunakan aplikasi bank malaysia jadi sangat nyaman,4,09/14/2024 15:15:49,ChIJQy8-NBd1hzIRKo4_7aV6BEo
Raja Sate BBQ dan Restoran Asia,,Paul IJsendoorn,mengecewakan dalam banyak hal tidak ada sate kambing cumi sapi kenapa ini andalan sate kalau sudah habis semua tidak ada jus jeruk cocacola atau minuman lain yang tersedia jugapelayan yang tersenyum ramah tetapi meja lain disajikan sebelum kami kami berangkat ke restoran lain,1,09/10/2024 06:27:55,ChIJQy8-NBd1hzIRKo4_7aV6BEo
Raja Sate BBQ dan Restoran Asia,,Ratu Suoth,pelayanan bagusbaik dan ramah makanannya yummy rekomended sihh raja sate kalo kmdo jgn lpa mampir yaa gayss,5,06/04/2024 12:46:07,ChIJQy8-NBd1hzIRKo4_7aV6BEo
Raja Sate BBQ dan Restoran Asia,,Elvira Madonsa,wow makanannya endul skeles rekomended buanget klo mdo makan disini yaaaa,5,06/04/2024 12:44:29,ChIJQy8-NBd1hzIRKo4_7aV6BEo
Raja Sate BBQ dan Restoran Asia,,Rex Orah,makanannya oke aku makan kuah asam sup ikan ini bisa menjadi lebih baik,3,05/30/2024 13:03:34,ChIJQy8-NBd1hzIRKo4_7aV6BEo
Raja Sate BBQ dan Restoran Asia,,Quirijn van den pol,sayangnya makanan paling mengecewakan yang pernah kami makan di indonesia sejauh ini gado gadonya hambar terongnya hambar sambal asam manisnya hambar satusatunya makanan yang rasanya enak adalah sate ayam seperti yang diharapkan dari restoran sate tapi butuh lebih dari menit untuk keluar dari dapur pilihan menunya banyak tapi banyak yang terjual bintang karena pelayannya baik kepada kami,2,04/13/2024 02:14:45,ChIJQy8-NBd1hzIRKo4_7aV6BEo
Raja Sate BBQ dan Restoran Asia,,Serba Ada,insyaalloh halal kakaknya cantik ramah full senyum sate ayam rica nya enak daging semua tanpa lemak,5,04/06/2024 11:57:49,ChIJQy8-NBd1hzIRKo4_7aV6BEo
Raja Sate BBQ dan Restoran Asia,,Ridwan Andriansyah,tpt makannya cukup luas ada yg ruangan ac ada yg tidak smoking area utk makanannya banyak variasinya tp yg rekomen memang sate ikannya dgn sambal rica,5,02/29/2024 08:23:47,ChIJQy8-NBd1hzIRKo4_7aV6BEo
Raja Sate BBQ dan Restoran Asia,,Esobel Jaen,sate terbaik di kota saya makan di sini dua kali ketika saya di manado mereka juga memiliki siput di menunya anda cukup berjalan kaki dari sini ke pusat kota manado jadi ini adalah tempat yang bagus untuk makan dan minum bir setelah berbelanja,5,01/24/2024 01:51:44,ChIJQy8-NBd1hzIRKo4_7aV6BEo
Raja Sate BBQ dan Restoran Asia,,Andrew Tjipto,tidak bakal datang lagi ke raja sate orang lagi sakit parah lagi puasa daging sapi pesan sate ayam malah dikasih sapi semua makanan terpaksa harus saya muntahkan lg di toilet raja sate sebagai pelanggan lama saya benar kecewa,1,01/06/2024 06:41:20,ChIJQy8-NBd1hzIRKo4_7aV6BEo
Raja Sate BBQ dan Restoran Asia,,Rizky Ramdhani,satenya empuk juicy disajikan dengan grill arang mini jadi tetap panas sambalnya jg nendang untuk mie cakalang dan asparagusnya jg enak pas bgt dimakan saat hujan,5,11/29/2023 07:41:09,ChIJQy8-NBd1hzIRKo4_7aV6BEo
Tuur Ma'asering Kumelembuai Tomohon,,Graceys,kalo kesana jangan sekali pake baju seksipasti breezeee dinginn poll walopun siang harienak bangeeeeeeeeeet kereeeen,5,01/30/2026 11:35:16,ChIJjeMAfCwThzIRp7ygIFauE4o
Tuur Ma'asering Kumelembuai Tomohon,,susan hiedayat,tpt nya bagus adem dan indah pemandangan nya,4,01/27/2026 22:24:19,ChIJjeMAfCwThzIRp7ygIFauE4o
Tuur Ma'asering Kumelembuai Tomohon,,Hansye Mokalu,tempat terbaik untuk melihat proses pembuatan tradisional alkohol orang minahasaserta tempat melihat proses pembuatan gula aren jika beruntung kita bisa melihat proses pengambilan air aren dari pohon secara tradisional rekomendasi untuk di kunjungi,5,01/27/2026 17:20:04,ChIJjeMAfCwThzIRp7ygIFauE4o
Tuur Ma'asering Kumelembuai Tomohon,,faridmultianty multianty,satu tempat yang wajib dikunjungi untuk mendapatkan pengetahuan terkait gula merahdari nira pluus bakal dapat ilmu terkait penyulingan nira menjadi minuman khusus buat pecinta minuman yang lain dan bisa melihat danau tondano dari ketinggian,5,01/22/2026 12:08:05,ChIJjeMAfCwThzIRp7ygIFauE4o
Tuur Ma'asering Kumelembuai Tomohon,,IRV,pendirian yang bagus pemandangan yang bagus bagus untuk perhentian singkat,5,01/18/2026 09:42:04,ChIJjeMAfCwThzIRp7ygIFauE4o
Tuur Ma'asering Kumelembuai Tomohon,,stephy s,tempat wisata penyulingan cap tikus tiket masuk per orang nanti bisa dituker sama cap tikus atau saguer suka sih tempatnya sejuk tempat untuk santai sejenak,5,01/17/2026 08:18:46,ChIJjeMAfCwThzIRp7ygIFauE4o
Tuur Ma'asering Kumelembuai Tomohon,,D Korn,fasilitas indah di tengah hutan ada juga makanan bukan pilihan besar sebagai turis anda bisa melihatnya,4,01/13/2026 16:41:33,ChIJjeMAfCwThzIRp7ygIFauE4o
Tuur Ma'asering Kumelembuai Tomohon,,Petrus Lasut,woooaauw pengalaman alam yang menyenangkan dan segar suka jika makanan disajikan lebih cepat akan sempurna,4,01/04/2026 04:22:58,ChIJjeMAfCwThzIRp7ygIFauE4o
Tuur Ma'asering Kumelembuai Tomohon,,Erica,sebuah spot alam yang indah dikelilingi pepohonan palem yang rimbun dan suasana hutan yang damai udaranya sejuk dan menyegarkan cocok untuk bersantai dan melepaskan diri dari kebisingan kota tempat ini sebagian besar dibangun dengan bambu dan kayu menciptakan suasana tradisional dan nyaman terutama dengan lampu gantung yang hangat biaya masuknya adalah rp per orang dan sudah termasuk minuman tradisional gratis pilih antara saguer atau cap tikus yang merupakan bonus besar jajanan lokal seperti pisang goreng juga tersedia dan nikmat dinikmati sambil menikmati alam sekitar banyak area tempat duduk dan spot foto tenang nyaman dan sangat direkomendasikan jika berkunjung ke tomohon,5,12/27/2025 06:37:17,ChIJjeMAfCwThzIRp7ygIFauE4o
Tuur Ma'asering Kumelembuai Tomohon,,Agung Nugroho,tempat yang luar biasa hanya saja saya datang sdh menjelang sore kurang lama kunjungannya parkiran ok tiket k tiket bisa tukar minuman lokal pride minahasa bisa melihat proses penyulingan minuman lokal minahasa recommended,5,12/26/2025 10:12:59,ChIJjeMAfCwThzIRp7ygIFauE4o
Tuur Ma'asering Kumelembuai Tomohon,,LexAlex,jangan lupa untuk menjaga alam,5,12/21/2025 06:24:01,ChIJjeMAfCwThzIRp7ygIFauE4o
Tuur Ma'asering Kumelembuai Tomohon,,Themmy Lee,tjap tikus arak manado edo do eeeee,5,11/29/2025 09:23:51,ChIJjeMAfCwThzIRp7ygIFauE4o
Tuur Ma'asering Kumelembuai Tomohon,,Mergo Tresna Abdela,tempat penyulingan air nira tradisional air nira yang dipanen oleh petani dimasak menggunakan tungku sederhana kemudian dialirkan melalui buluh besar ke dalam tempat pemrosesan teknologi yang sangat konvensional tapi tempatnya sangat unik suasana di sini tenang terutama pada saat habis hujan ada tempat untuk melihat pemandangan danau,4,11/26/2025 12:26:02,ChIJjeMAfCwThzIRp7ygIFauE4o
Tuur Ma'asering Kumelembuai Tomohon,,Muhammad Ridwan,untuk bersantai cukup ok,4,11/25/2025 12:54:30,ChIJjeMAfCwThzIRp7ygIFauE4o
Tuur Ma'asering Kumelembuai Tomohon,,himawan d' mbambesh,suasana asri belajar tentang penyulingan minuman asli minahasa cap tikus,5,11/15/2025 08:03:58,ChIJjeMAfCwThzIRp7ygIFauE4o
Tuur Ma'asering Kumelembuai Tomohon,,Chan Kia,tempatnya asik sekali menu enak dan murah pegawainya ramah informatif dan jago bahasa inggris welcome drink nya luarbiasa,5,11/06/2025 03:24:32,ChIJjeMAfCwThzIRp7ygIFauE4o
Tuur Ma'asering Kumelembuai Tomohon,,Claudia Andrea,suasana yang sangat menyenangkan dengan rumah bambu lampu dan pemandangan yang indah mencicipinya menyenangkan terima kasih,5,10/28/2025 12:01:26,ChIJjeMAfCwThzIRp7ygIFauE4o
Tuur Ma'asering Kumelembuai Tomohon,,Lin,cantik jika anda berada di wilayah tersebut anda pasti harus melihat dan makanminum sesuatu di sini terutama kue kering cucur dan onde onde,5,09/17/2025 05:04:16,ChIJjeMAfCwThzIRp7ygIFauE4o
Tuur Ma'asering Kumelembuai Tomohon,,Marcel Cybon,tempat yang dibangun dengan luar biasa instagramable banget tapi kami sarankan datang lebih awal sebelum ramai datang kami pertama kali sendirian dan wanita ramah yang menjalankan tempat itu punya waktu untuk mengajak kami berkeliling dan mengambil sampel bersama kami sebelum kemudian orang banyak tiba,5,09/07/2025 08:18:11,ChIJjeMAfCwThzIRp7ygIFauE4o
Tuur Ma'asering Kumelembuai Tomohon,,Daniel Taroreh,pelayanannya lambat banget sudah pesan makan lebih dulu tapi lebih mementingkan orang yg baru memesan makanan dan pengantaran makanan lebih dari jam mohon di koreksi untuk pelayan ibu berkacamata,1,09/06/2025 12:34:52,ChIJjeMAfCwThzIRp7ygIFauE4o
Tuur Ma'asering Kumelembuai Tomohon,,Ekaput,caffe dengan nuansa tradisional masih alami begitu masuk langsung disambut dengan edukasi mengenai penyulingan minuman khas masyarakat lokal saguer dan cap tikus alkohol bisa nyantai sambil menikmati alam mantaplah,5,09/03/2025 10:47:28,ChIJjeMAfCwThzIRp7ygIFauE4o
Tuur Ma'asering Kumelembuai Tomohon,,Penjelajah Pemula,tempat wisata penyulingan wine tradisional minahasa cap tikus,5,08/23/2025 04:38:42,ChIJjeMAfCwThzIRp7ygIFauE4o
Tuur Ma'asering Kumelembuai Tomohon,,Frederick Wijaya,ada pendakian singkat dari pintu masuk ke area restoran sebenarnya tiket masuknya murah untuk cap tikus saguer sepuasnya mangkuk kelapa ramah lingkungan adalah nilai tambah juga menyediakan makanan berat yang tidak saya pesan dan makanan ringan yang layak pemandangannya menakjubkan dikelilingi oleh alam pilihan musik oke lampu cantik di malam hari udara dingin menyegarkan karena berada di luar ruangan,5,08/22/2025 16:35:12,ChIJjeMAfCwThzIRp7ygIFauE4o
Tuur Ma'asering Kumelembuai Tomohon,,Ronaldo Sirait,pelayanan ny ramah,5,08/05/2025 10:45:23,ChIJjeMAfCwThzIRp7ygIFauE4o
Tuur Ma'asering Kumelembuai Tomohon,,Haposan Alessandro,cafe bernuansa tradisional dengan bangunan kayu dan bambu dengan atap ijuk yang tertata rapi lokasi cafe yang berada di tengah hutan pohon aren dan dataran tinggi semakin menambah kesan alami sejuk htm k per orang yang bisa di tukar dengan welcome drink saguer cap tikus yang di suguhkan menggunakan tempurung batok kelapa kita juga bisa melihat langsung proses penyulingan cap tikus selain itu di cafe ini ada berbagai pilihan menu makanan dengan hrga yg terjangkau di sni tidak banyak pilihan spot foto toilet ckp bersih kondisi jalan cukup sempit untuk dilewati mobil parkiran mobil tidak cukup luas pelayanan ramah namun kurang cekatan dan jumlah pelayan tidak banyak jd ketika cafe ramai pengunjung orderan kita agak lama have a nice day,4,07/08/2025 15:31:12,ChIJjeMAfCwThzIRp7ygIFauE4o
Tuur Ma'asering Kumelembuai Tomohon,,Jajan Nyok,satu destinasi nongkrong di daerah tomohon yang berjarak sekitar jaman dari pusat kota manado tempatnya asyik tenang dan sejuk waktu ke sini pas lagi hujan sehingga tidak banyak pengunjung ada tiket masuk korang free minum cap tikus dan saguer yang dibuat langsung di sini mulai dari panen penyulingan sampai dengan penyajian terdapat menu lain juga yang dijual baik nasi ataupun snack puding gula merah nya juga enak yaasyik buat nongkrong beramai,5,07/07/2025 06:48:01,ChIJjeMAfCwThzIRp7ygIFauE4o
Tuur Ma'asering Kumelembuai Tomohon,,Pratik K,minuman baru untuk dicoba dan pemandangan indah di danau lonow,5,07/02/2025 02:21:13,ChIJjeMAfCwThzIRp7ygIFauE4o
King Fish Bitung,,Cendana Oktiladha,pilihan ikan segar banyak dan enak cepat pelayanannya namun tiada mushola,5,11/13/2025 02:35:00,ChIJxea05tIBhzIRs4qeuMvjYsQ
King Fish Bitung,,Fenty.M Duduong,t strategis tenang menu oke pelayanan mantap,4,11/12/2025 01:53:18,ChIJxea05tIBhzIRs4qeuMvjYsQ
King Fish Bitung,,Dina Batunan,mkanan enak dan lumayan cepat penyajian nya,5,09/05/2025 06:24:01,ChIJxea05tIBhzIRs4qeuMvjYsQ
King Fish Bitung,,Martha Zacharias,makan ikan bumbu woku disini enak tapi suasananya kurang nyaman ruangan terbuka tidak tersedia ruangan ber ac panaaas tapi ada kipas angin pelayan kurang bersahabat,3,06/12/2025 22:46:06,ChIJxea05tIBhzIRs4qeuMvjYsQ
King Fish Bitung,,danu pras,makanan nya enak menu rahang tuna mantap,4,06/01/2025 18:59:25,ChIJxea05tIBhzIRs4qeuMvjYsQ
King Fish Bitung,,Ahmad Junaidi,rahang tuna nya mantaprecomended,5,05/31/2025 12:13:07,ChIJxea05tIBhzIRs4qeuMvjYsQ
King Fish Bitung,,Effendy Usman,suara speaker yg terlalu besar mengurangi suasana santai,5,04/11/2025 23:04:27,ChIJxea05tIBhzIRs4qeuMvjYsQ
King Fish Bitung,,alexander marthin,makan bisa pilih jenis ikannya segar lagi layanan baik dan cepat suasana menarik hati krn lokasinya yg lapangluas,5,03/07/2025 23:56:08,ChIJxea05tIBhzIRs4qeuMvjYsQ
King Fish Bitung,,Yeonsu Oh,saya memesan jus jeruk tapi rasanya lebih seperti lumpur dengan es daripada jus tapi sebenarnya saya menyukainya jadi saya memesan minuman lagi saya biasanya tidak terlalu suka ikan bakar tapi saat pertama kali menggigit saya terkejut melihat betapa lezatnya ikan itu dagingnya kenyal dan sangat gurih namun lembut saus di sebelah kiri fotonya pedas jadi menurutku orang korea akan menyukainya benarbenar merekomendasikan ikan merahnya sangat lezat dan mereka juga menyajikan gongsimchae goreng harganya k saya berpikir untuk mampir sekali lagi sebelum meninggalkan bitung hari ini dari,5,01/20/2025 20:29:54,ChIJxea05tIBhzIRs4qeuMvjYsQ
King Fish Bitung,,Adi Muhammad,makanannya enak khusus nya ikan bakar yajus nya,5,11/20/2024 01:31:02,ChIJxea05tIBhzIRs4qeuMvjYsQ
King Fish Bitung,,Aisha Pradipta,tempat luas bisa untuk rame tipikal ikan yg dibakar kering,4,11/14/2024 01:24:04,ChIJxea05tIBhzIRs4qeuMvjYsQ
King Fish Bitung,,Deddy Taufik Hidayat,resto yg menyajikan seafood dan banyak pilihan berbagai jenis ikan tuna dll,5,10/14/2024 12:36:57,ChIJxea05tIBhzIRs4qeuMvjYsQ
King Fish Bitung,,Hundrey Mewoh,tempatnya luas tapi bising banyak kendaraan kontainer lalu lalang,4,09/21/2024 05:25:21,ChIJxea05tIBhzIRs4qeuMvjYsQ
King Fish Bitung,,Sutan Mudo,makanan disini enak otentik harga juga relatif,5,08/09/2024 15:03:45,ChIJxea05tIBhzIRs4qeuMvjYsQ
King Fish Bitung,,Feadri Justy Aulia,makanannya enak enak,5,08/08/2024 07:46:46,ChIJxea05tIBhzIRs4qeuMvjYsQ
King Fish Bitung,,Santy Rahayu,masakannya lumayan sayangnya rahang tunanya kurang banyak daging mungkin karena saya datang jam siang,4,08/05/2024 05:15:19,ChIJxea05tIBhzIRs4qeuMvjYsQ
King Fish Bitung,,nur zakiah febriyani,tunanya enak,3,07/08/2024 17:10:15,ChIJxea05tIBhzIRs4qeuMvjYsQ
King Fish Bitung,,Deivie Salindeho,saya pesan rahang tuna rasanya biasa aja sambalnya biasa aja dan sedikit untuk harga segitu biasanya sih sudah dapat dengan suasana dan rasa yang lebih mantap,3,07/02/2024 03:28:03,ChIJxea05tIBhzIRs4qeuMvjYsQ
King Fish Bitung,,Rena Kyaa,ruangan luas rekomen untuk banyak orang pilihan ikan lumayan ikan sudah sepaket dengan nasi dan sayur kangkung parkir luas waktu masak tidak terlalu lama,5,06/18/2024 04:58:22,ChIJxea05tIBhzIRs4qeuMvjYsQ
King Fish Bitung,,Jeje WalTa,pelayanan buruk ikan hamis makanan lama sekali datangnya,1,06/12/2024 06:45:26,ChIJxea05tIBhzIRs4qeuMvjYsQ
King Fish Bitung,,vini wantalangi,mohon lebih diperhatikan pesanan ikan goropa hitam yang datang goropa merah dengan alasan kena kunyit jadi berubah warna merah,1,05/15/2024 08:07:26,ChIJxea05tIBhzIRs4qeuMvjYsQ
King Fish Bitung,,Lenora M Liuw,rica bakar enak skali pake minyak kelapa momasa sandiri jadi nya rasa khas skali pelayanan oke bakar ikan cepat tidak pake tunggu lama cuma ada lumayan banyak lalat yang beking pengunjung yg makan kurang nyaman terima kasih,4,05/13/2024 14:07:34,ChIJxea05tIBhzIRs4qeuMvjYsQ
New Regal's Cafe and Resto,,Titie Kirana,live music tengah malam,5,01/31/2026 19:31:09,ChIJJYR0mxN1hzIRGLc8IqvYDbM
New Regal's Cafe and Resto,,Andrea Mait,enak enak sekaliiiii,5,01/19/2026 18:00:31,ChIJJYR0mxN1hzIRGLc8IqvYDbM
New Regal's Cafe and Resto,,Nabilla Habsyi,restoran dengan pilihan makanan lokal manado yang cukup variatif dan harga terjangkau resto ini bagus skali kalau bawa tamu dari luar daerah buat cobain makanan khas manado rasanya yang enak pilihan makanan juga banyak serta harga yang terjangkau menjadi pertimbangan untuk jadi pilihan selain itu lokasinya yang sangat strategis karena berada di pusat kota manado jadi memudahkan orang buat kesini nice menu wajib kalau kesini cobain bubur manado milu siram nasi kuning dan pisang goroho goreng yang dipadukan dengan sambal roanya,5,07/05/2025 18:09:46,ChIJJYR0mxN1hzIRGLc8IqvYDbM
New Regal's Cafe and Resto,,Yves Vincent,kopi hitam gula arennya mantap ada live music juga,5,05/21/2025 23:06:48,ChIJJYR0mxN1hzIRGLc8IqvYDbM
New Regal's Cafe and Resto,,Jecksen Takasihaeng,kasir tidak jujur,1,03/16/2025 16:47:53,ChIJJYR0mxN1hzIRGLc8IqvYDbM
New Regal's Cafe and Resto,,Fitri Apriyadi Jalan & Jajan,regals cafe and resto yang terletak di megamas manado memang menjadi tempat favorit banyak orang termasuk anda untuk berkumpul dan menikmati hidangan lezat suasana yang nyaman dan santai menjadikannya pilihan yang tepat untuk makan bersama temanteman atau keluarga satu menu yang anda sukai nasi kuning disajikan dengan cita rasa yang kaya gurih dan pas di lidah nasi kuning di regals sering dipadukan dengan laukpauk yang menggugah selera menjadikannya hidangan yang tidak bisa dilewatkan kuah kaldu yang disajikan juga menjadi favorit dengan rasa yang segar dan kaya rempah menambah kenikmatan pada setiap suapan tak ketinggalan jus alpukat yang segar dan kental menjadi pilihan sempurna untuk menambah kesegaran saat menikmati hidangan kombinasi rasa manis dan gurih dari jus alpukat ini cocok untuk melengkapi hidangan anda di regals cafe dengan suasana yang nyaman dan pelayanan yang ramah regals cafe resto benarbenar menjadi tempat yang pas untuk menikmati hidangan yang lezat sembari bercengkerama dengan temanteman,5,01/02/2025 05:05:22,ChIJJYR0mxN1hzIRGLc8IqvYDbM
New Regal's Cafe and Resto,,Novillia Bansaleng,live music bagus tempat nongkrong yg asik tapi sayang pelayanannya sangat lama order makanan jam tapi sampai jam makanan belum ada,2,04/27/2024 16:52:35,ChIJJYR0mxN1hzIRGLc8IqvYDbM
New Regal's Cafe and Resto,,Fabian Dendeng,makanannya enak pelayanannya bagus dan suasananya menyenangkan untuk berkumpul bersama temanteman beli terkadang terasa ramai dan riuh ketika harus ada janji dengan rombongan tim atau rekan kerja secara keseluruhan ini adalah tempat yang menyenangkan untuk hangout dan terutama untuk menghibur,4,11/02/2023 23:57:49,ChIJJYR0mxN1hzIRGLc8IqvYDbM
New Regal's Cafe and Resto,,Cindy Lanovia,murah banyak pilihan makanan dan rasa makanan cukup enakgak yang enak banget sih tapi oklah cuma sayang alas mejanya kurang estetik coba di ganti sama warna hitam polos pasti jadi lebih menarik apalagi buat foto,4,09/26/2023 12:10:37,ChIJJYR0mxN1hzIRGLc8IqvYDbM
New Regal's Cafe and Resto,,ORREBOSS,recommended tempat makan dengan menu khas makanan manado dan sejenisnya makanan dan minuman yang di jual disini dari segi rasa dan bumbu cukup ok disini tidak menerima quiris tapi bisa kredit card minimum k untuk pembelanjaan harga bersahabat tidak terlalu mahal makan kesini cocok berameh bergroup dengan teman ada washtafel toilet dan juga wifi dengan kecepatan yang sangat cukup untuk bermain medsos staff baik ramah dan service bagus kebersihanya cukup dan juga tempat parkir minimalis untuk motor dan mobil saran kasir lebih murah senyum ajaya,5,04/29/2023 06:53:21,ChIJJYR0mxN1hzIRGLc8IqvYDbM
New Regal's Cafe and Resto,,Tony Sigit,banyak menu pilihan makanan dan makanan ringan live musik cocok untuk bersantai,5,04/21/2023 21:31:36,ChIJJYR0mxN1hzIRGLc8IqvYDbM
New Regal's Cafe and Resto,,JOE,makanan sambel enak apalagi sambel buat pisang goreng rica roa rekom banget pilihan makanan juga banyak yang low sampai high jga ada tpi menurutku tidak terlalu mahal jga masih kategori wajar rasa makanan okeleh kalo mau makan malam dan tidak suka berisik aq ngak saranin makan disini karna kalo malam ada live musiknya atau bisa juga makan di lantai bawah biar tidak terlalu berisik pelayanan juga cepat dan ramah menurutku yaa layanan pembayaran cash debit emoney jga bisa cukup rekom tmpat ini,4,04/11/2023 11:55:33,ChIJJYR0mxN1hzIRGLc8IqvYDbM
New Regal's Cafe and Resto,,Ahmad Farhan,enak buat nongkrong,5,03/16/2023 01:21:06,ChIJJYR0mxN1hzIRGLc8IqvYDbM
New Regal's Cafe and Resto,,Heriyanto Sugandi,harganya terjangkau tempat nya rnak mungkin karena di kawasann mayan buat nongki,4,03/05/2023 11:33:24,ChIJJYR0mxN1hzIRGLc8IqvYDbM
New Regal's Cafe and Resto,,Aru Rangga Raenaldy,pilihan cafe untuk makan siang yang sangat pas karena banyak menu yang tersedia dengan harga yang cukup terjangkau menu yang menjadi favorit adalah sup kaldu bubur manado sampai nasi gorengnya tersedia juga mie goreng atau mie kuah bagi pecinta mie aneka minuman maupun snack harga mulai dari ribuan bagi yang ingin menikmati beer disini juga tersedia untuk yang ingin makan siang disini sebaiknya melakukan pemesanan terlebih dahulu karena cukup lumayan lama menunggu sebelum disajikan lokasi yang cukup strategis karena berada di kawasan megamas lebih tepatnya bersebelahan dengan mega mall cafe untuk cukup ramai di siang maupun malam hari untuk orangorang yang hobi kumpul bersama teman maupun keluarga,4,02/15/2023 01:38:14,ChIJJYR0mxN1hzIRGLc8IqvYDbM
New Regal's Cafe and Resto,,Reinhard Komansilan,musik langsung yang hebat,5,02/02/2023 16:10:21,ChIJJYR0mxN1hzIRGLc8IqvYDbM
New Regal's Cafe and Resto,,TB S,tempatnya lumayan live music jg ada cm kurang pas meja bertaplak plastik,2,02/01/2023 09:06:41,ChIJJYR0mxN1hzIRGLc8IqvYDbM
New Regal's Cafe and Resto,,Fadly Punuh,rekomendasi tempat santai,4,01/13/2023 16:28:06,ChIJJYR0mxN1hzIRGLc8IqvYDbM
Gardenia Restaurant,,Ivan Telwe,satu tempat yang direkomendasikan untuk dikunjungi saat berada di tomohon tempatnya pemandangannya bagus langsung ke gunung lokon ini memiliki homestay juga restoran bagus yang menyajikan makanan lokal dan barat kekurangannya adalah mereka hanya memiliki pelayan dan terkadang butuh beberapa saat untuk merespons atau menerima yang lain saya percaya sesuatu yang dapat mereka tingkatkan di masa depan,5,01/14/2026 05:03:39,ChIJP8lDsY1shzIRDEdszca-KCQ
Gardenia Restaurant,,Debby Sondakh,makanan dan suasana top deh sayang penyajian lama padahal tamunya saat kami datang tidak banyak,5,12/27/2025 00:06:27,ChIJP8lDsY1shzIRDEdszca-KCQ
Gardenia Restaurant,,Koni Kaliyani,paling suka onde ondenya langsung masuk mulut jadi kalo makan tidak belepotan kalau dapat kepala lebih mengkal lagi tambah enak rasanya,5,11/21/2025 01:26:08,ChIJP8lDsY1shzIRDEdszca-KCQ
Gardenia Restaurant,,The Kwa Family,resort bintang sekaligus restoran berkelas di kota tomohon,5,11/02/2025 12:38:00,ChIJP8lDsY1shzIRDEdszca-KCQ
Gardenia Restaurant,,Renggo Tawan,tempat makan terbaik yang pernah ada saya sangat suka makan disini bersama dengan suami dan teman teman saya saya juga sering mengajak keluarga dan anak anak saya untuk makan disini jika saya tidak sibuk makanan yang ada disini di tambah dengan suasananya yang begitu bagus sangat sempurnah,5,10/18/2025 05:40:06,ChIJP8lDsY1shzIRDEdszca-KCQ
Gardenia Restaurant,,Josephine Satyono,restoran gardenia country inn di tomohon adalah tempat yang indah untuk dikunjungi bersama keluarga dan teman ini dikelola dengan baik dan baik meskipun beberapa bagian memerlukan lebih banyak fokus untuk pemeliharaan pemandangan gunung lokon sungguh pemandangan yang fantastis banyak tanaman dan bunga tropis langka dapat ditemukan di sekitar tempat tersebut makanannya enak menu internasional meski saya mengharapkan lebih banyak menu tradisional minahasa saya merekomendasikan tempat ini,5,10/15/2025 00:48:51,ChIJP8lDsY1shzIRDEdszca-KCQ
Gardenia Restaurant,,Chita Sidharto,kami di sini untuk makan siang tempatnya enaktapi makanannya tidak begitu banyak saya mencoba steak beef patty dingin dan agak asin meskipun bumbunya enak suami saya mencoba kari daging sapi jepang tidak apaapa tapi suasananya enak banget,4,10/12/2025 21:58:58,ChIJP8lDsY1shzIRDEdszca-KCQ
Gardenia Restaurant,,adryan sasahang,jauh dari manado untuk makan dengan pemandangan yg indah saat sedang duduk dan mau order tiba pelayan datang menyuruh pindah kepojok karena tempat di prioritaskan untuk tamu menginap mohon maaf saya harus kasih bintang untuk pelayanan yg sperti ini saran saya jika untuk di taruh signacrilic reservasi shngga tidak ad tmu lain yg mnggunakan meja tsb,1,10/12/2025 03:42:52,ChIJP8lDsY1shzIRDEdszca-KCQ
Gardenia Restaurant,,Marjut Langefeld,restoran gardenia country inn di tomohon sungguh menakjubkan pemandangannya benarbenar menakjubkan seperti bersantap di surga yang dikelilingi bunga dan alam subur dengan pemandangan gunung berapi lokon desainnya elegan dan penuh pesona makanannya luar biasa lezat disajikan oleh pribadi yang penuh perhatian sulit menemukan katakata yang cukup untuk memuji tempat yang indah ini terima kasih banyak atas pengalaman yang sempurna,5,10/10/2025 10:58:54,ChIJP8lDsY1shzIRDEdszca-KCQ
Gardenia Restaurant,,Martina Glaus,kamarnya sangat bagus dan taman serta tamannya indah staf sangat membantu,4,09/29/2025 09:55:11,ChIJP8lDsY1shzIRDEdszca-KCQ
Gardenia Restaurant,,Thomas Müller,belum pernah melihat begitu banyak bunga fantastis,5,09/25/2025 20:07:53,ChIJP8lDsY1shzIRDEdszca-KCQ
Gardenia Restaurant,,Jeffrey Claudius,gardenia restaurant surga kuliner di tengah taman kalau kamu suka suasana alam yang asri dan penuh warna gardenia restaurant wajib masuk bucket list kamu tempat ini bertemakan taman yang dipenuhi berbagai jenis bunga cantik dan sering banget terlihat burungburung langka beterbangan bebas di sekitar bikin serasa makan di surga kecil banyak fotografer datang ke sini hanya untuk mengabadikan momen pilihan menu di sini lengkap banget dari masakan lokal sampai internasional satu yang wajib dicoba sop buntut rasanya seperti masakan rumahan bumbunya ringan tidak terlalu kuat cocok buat yang suka rasa sederhana potongan kentang dan wortelnya besarbesar pas banget buat sharing berdua nasi goreng mantap ada banyak varian ayam seafood bahkan babi tinggal pilih sesuai selera pasta dan steak juga tersedia buat kamu yang ingin menu western pisang goreng luar crunchy dalam lembut enak banget buat camilan sore kentang goreng potongannya gedegede karena dari kentang utuh real potato vibes untuk minuman kamu bisa pilih mulai dari lemon tea juice hingga coffee segar dan pas banget nemenin makanan catatan penting karena semua makanan dimasak fresh dari awal waktu tunggu bisa sekitar menit hingga jam jadi kalau kamu tidak mau kelamaan nunggu baiknya pesan jam sebelum waktu makan atau langsung pesan semua di awal biar tidak nambahnambah lagi nanti dan tidak menunggu lama jadi kalau kamu cari tempat makan yang enak suasana damai dan instagramable gardenia restaurant adalah pilihan yang sangat tepat enjoy,5,09/10/2025 06:56:16,ChIJP8lDsY1shzIRDEdszca-KCQ
Gardenia Restaurant,,Erma Irawati,restonya cantik dikelilingi kebun bunga warna warni yg cantik dengan background gunung lokon tempat ini sangat cocok buat menikmati pemandangan dengan sajian kue khas manado sayang untuk pelayanan lumayan lamamungkn se jam baru makanan yg kami pesan di sajikan rasa makanan yg kami pilih biasa aja nothing specialbrenebon dan perkedel jagungnya mengecewakan tapi utk view dan suasananya juara,4,09/02/2025 02:11:14,ChIJP8lDsY1shzIRDEdszca-KCQ
Gardenia Restaurant,,Nicolas Barrault,pengaturan yang sangat indah namun penantian tanpa akhir jam untuk hidangan berkualitas biasabiasa saja,2,08/15/2025 13:15:42,ChIJP8lDsY1shzIRDEdszca-KCQ
Gardenia Restaurant,,Guido van der Giessen,lingkungan sekitar sangat indah tetapi makanan dan terutama waktu harus menunggu kurang enak kami akhirnya menunggu lebih dari jam sebelum semua orang mendapatkan makanan lalu cuacanya juga dingin,2,07/22/2025 11:29:24,ChIJP8lDsY1shzIRDEdszca-KCQ
Gardenia Restaurant,,Anastasia M,layanan bisa lambat karena semuanya dibuat dari awal tapi mengapa terburuburu ketika pemandangan dan suasananya sama bagusnya dengan di gardenia mereka dimaksudkan untuk dinikmati secara perlahan,5,07/21/2025 07:08:44,ChIJP8lDsY1shzIRDEdszca-KCQ
Gardenia Restaurant,,Siska Wiratandi,view bagus udara sejuk makanan lmyn tapi menunggunya lama menit sebaiknya order sebelumnya,4,07/10/2025 13:39:41,ChIJP8lDsY1shzIRDEdszca-KCQ
Gardenia Restaurant,,Wendy dan Ita,rumah makan di daerah tomohon ini memiliki view yang sangat bagus dengan background gunung goa banyak dikunjungi turis asing dari macanegara,5,07/04/2025 02:06:41,ChIJP8lDsY1shzIRDEdszca-KCQ
Gardenia Restaurant,,Antonius Suharmono,makanan enak tapi pelayanan jelek banget minta minum saja pake lama banget keluarnya,2,06/27/2025 06:21:11,ChIJP8lDsY1shzIRDEdszca-KCQ
Gardenia Restaurant,,Bayu Sindrianata,pemandangan dan suasananya nyaris sempurna dikelilingi taman bunga n view perbukitan tp kalau soal rasa makanan dan minuman msh average lah saya pesan kopi sandwich ayam bakar lemon tea satai ba dll smg bisa ditingkatkan lg soal rasa bahkan walaupun dari secangkir kopi,5,06/02/2025 07:33:34,ChIJP8lDsY1shzIRDEdszca-KCQ
Gardenia Restaurant,,Ale Vlog,pemamdangan di tpt ini aangat indah lrn dikelilingi oleh aneka macam bunga lokal udara sejuk asri dan tempatnya bersih terdapat ratusan spesies bunga lokal tempat ini selain reatoran ada juga hotelresort pemandangan gunung lokon sangat terlihat jelas dari tpt ini restorannya menyediakan aneka macam mknan nasional dan aneka macam kue tradisonal minahasa gardenia lokasinya cukup dekat dari jln poros dan jalan masuknya bagus tempat parkir luas,4,05/11/2025 15:50:37,ChIJP8lDsY1shzIRDEdszca-KCQ
Gardenia Restaurant,,James Wewengkang,satu restoran terbaik di kota tomohon kwalitas makanan dan pelayanan baiksuasana taman yang indah,5,05/06/2025 04:16:30,ChIJP8lDsY1shzIRDEdszca-KCQ
Gardenia Restaurant,,Astria Santa Natalia Mantiri,viewnya lokon bagus tapi pelayanannya di resto amt sgt bad kurang responsive dan org dapurnya tukang gosip dan jutek makanannya b aja totally selling the view only with bad service n food quality wont go back here twice,2,05/04/2025 06:33:28,ChIJP8lDsY1shzIRDEdszca-KCQ
Gardenia Restaurant,,Arlin Cicilia,suka suasana di sini pemandangan menakjubkan tapi makanannya butuh waktu lama untuk disiapkan jadi saya tidak merekomendasikannya untuk seseorang yang ingin cepat makan dan pergi,4,04/24/2025 08:08:54,ChIJP8lDsY1shzIRDEdszca-KCQ
Gardenia Restaurant,,Johan Myway,cocok buat bersantai makanannya enak udaranya sejuk taman bunga yang indah dengan view gunung lokon,5,04/21/2025 10:35:15,ChIJP8lDsY1shzIRDEdszca-KCQ
Gardenia Restaurant,,Charisma Christy,pelayanannya lamaa banget makanannya datang sudah dingin,1,04/05/2025 07:38:39,ChIJP8lDsY1shzIRDEdszca-KCQ
Gardenia Restaurant,,Jaqualine Kainama,minumannya tidak ada gulanya sama sekali nunggu makanan jam lebih yang bikin bagus yah cuma tempatnya karena banyak bunganya,2,04/05/2025 03:32:55,ChIJP8lDsY1shzIRDEdszca-KCQ
Pasar Tua Kuliner Bitung,,Deny Anyer,rm bu sri bagi saya masakan nya cocok di lidah orang jawa,4,10/09/2025 13:34:40,ChIJj8wEPZIBhzIRweNVpzF4bWk
Pasar Tua Kuliner Bitung,,Aulia Margaretha Ginting,begitu banyak pilihan untuk sarapan makan siang atau makan malam terletak di pusat bisnis bitung,5,08/03/2025 00:58:00,ChIJj8wEPZIBhzIRweNVpzF4bWk
Pasar Tua Kuliner Bitung,,Lovell Michael Tombokan,krim asam tuna tude goreng,3,07/19/2025 00:13:39,ChIJj8wEPZIBhzIRweNVpzF4bWk
Pasar Tua Kuliner Bitung,,Adi Muhammad,jika mencari nasi padang atau sotomie ayam dsb area pasar tua bitung emang pas bagi anda khususnya bagi yg muslim ini tempat yg recomended,5,05/18/2025 05:54:36,ChIJj8wEPZIBhzIRweNVpzF4bWk
Pasar Tua Kuliner Bitung,,Voyska Eranda Daleru,banyak yg jualan kuliner yang paling saya suka disitu ada yang jualan martabak,4,04/26/2025 22:59:59,ChIJj8wEPZIBhzIRweNVpzF4bWk
Pasar Tua Kuliner Bitung,,Erozz Candra Alfatih,ini kompleks saya,5,03/09/2025 14:15:11,ChIJj8wEPZIBhzIRweNVpzF4bWk
Pasar Tua Kuliner Bitung,,erfan erfan,makan soto daging enak tapi tempatnya tidak besar kalau makan siang harus nunggu dulu,5,01/01/2025 21:45:53,ChIJj8wEPZIBhzIRweNVpzF4bWk
Pasar Tua Kuliner Bitung,,Tri Sumaryo,jam buka,3,12/15/2024 05:43:52,ChIJj8wEPZIBhzIRweNVpzF4bWk
Pasar Tua Kuliner Bitung,,Mad Bumburo,tempat makan terutama ikan laut yg sangat baik,5,02/26/2024 01:18:45,ChIJj8wEPZIBhzIRweNVpzF4bWk
Pasar Tua Kuliner Bitung,,Wahyu Gofar Effendi,makanan bervariasi sesuai selera harga terjangkau,5,01/08/2024 15:11:05,ChIJj8wEPZIBhzIRweNVpzF4bWk
Pasar Tua Kuliner Bitung,,Arnia Rental Gorontalo,sangat bagus dan tidak banyak mengocek kantong,5,01/03/2024 23:54:42,ChIJj8wEPZIBhzIRweNVpzF4bWk
Pasar Tua Kuliner Bitung,,Becool,suasana sepeeti di tempat lain seperti biasanya makaman lumayan pedas,4,11/03/2023 00:37:11,ChIJj8wEPZIBhzIRweNVpzF4bWk
Pasar Tua Kuliner Bitung,,Marenda Pandu Rizqi,makanan tradisional makanan laut panggang,5,04/08/2023 06:21:29,ChIJj8wEPZIBhzIRweNVpzF4bWk
Pasar Tua Kuliner Bitung,,Putut Supriyanto,tempat untuk nongkrong makan,5,03/27/2023 23:21:38,ChIJj8wEPZIBhzIRweNVpzF4bWk
Pasar Tua Kuliner Bitung,,Hartono,sorebanyak yang nga buka,3,03/24/2023 08:08:15,ChIJj8wEPZIBhzIRweNVpzF4bWk
Nasi Kuning Selamat Pagi Kampung Kodo,,Nurman Riyadi Rahman,waktu pertama kali landing di manado langsung menuju ke sini buat sarapan sudah lama juga tidak makan nasi kuning selama hidup di jakarta rasanya enak lauknya ada abon ikan telur rebus sama kentang goreng kering yaa seperti nasi kuning di sulawesi pada umumnya lahhh,4,01/04/2026 03:08:56,ChIJQcPWfWp1hzIRsQzImvGZTII
Nasi Kuning Selamat Pagi Kampung Kodo,,kartika sari,lokasi rumah makannya seharusnya di sebelah warung tegal sebrang aston hotel,4,12/24/2025 01:05:28,ChIJQcPWfWp1hzIRsQzImvGZTII
Nasi Kuning Selamat Pagi Kampung Kodo,,frederika pricilya,pembayaran harus cash tidak terima via qris atau transfer,4,12/21/2025 00:35:26,ChIJQcPWfWp1hzIRsQzImvGZTII
Nasi Kuning Selamat Pagi Kampung Kodo,,Eni Eni,tempatnya memang bersih tapi nasi kuningnya b aja trusss lamaaaaaa ibu nya jadi kasir jadi server butuh waktu menit lebih untuk order makan dan bayar,3,12/19/2025 01:02:42,ChIJQcPWfWp1hzIRsQzImvGZTII
Nasi Kuning Selamat Pagi Kampung Kodo,,boedhy yanto,nasi kuning legend di kota manado top rasanya,5,12/14/2025 15:16:26,ChIJQcPWfWp1hzIRsQzImvGZTII
Nasi Kuning Selamat Pagi Kampung Kodo,,Bramanto Wijaya,mereka menjual nasi kuning warnanya dari kunyit itu datang dengan benang daging dan benang tuna itu juga memiliki kentang potong dadu keripik kentang bergaris dan telur rebus makanannya enak hatihati dengan sambal cabai awalnya enak dan pedas tetapi menjadi lebih panas entah kenapa rasa pedasnya tidak kunjung hilang setelah beberapa saat jika tidak tahan dengan bumbunya lebih baik sisihkan sambalnya tempat ini buka setiap hari selama jam mereka tidak memiliki cukup tempat parkir,5,11/28/2025 00:48:43,ChIJQcPWfWp1hzIRsQzImvGZTII
Nasi Kuning Selamat Pagi Kampung Kodo,,Bondan Kerap,satu rumah makan nasi kuning terbaik di manado hanya lokasinya agak tersembunyi,5,11/18/2025 05:58:31,ChIJQcPWfWp1hzIRsQzImvGZTII
Nasi Kuning Selamat Pagi Kampung Kodo,,Mulyadi,nasi kuning enak jam di manado,5,11/16/2025 23:04:31,ChIJQcPWfWp1hzIRsQzImvGZTII
Nasi Kuning Selamat Pagi Kampung Kodo,,Rony Mamoru,ke manado tidak lengkap kalau belum mencicipi nasi kuning selamat pagi benarbenar menu sarapan yang memuaskan,5,11/12/2025 13:55:07,ChIJQcPWfWp1hzIRsQzImvGZTII
Nasi Kuning Selamat Pagi Kampung Kodo,,Pramita Sari,nasi kuning selamat pagi manado adalah tempat sarapan legendaris yang benarbenar mewakili cita rasa manado nasi kuningnya harum beraroma dan disajikan dengan lauk pauk yang lezat seperti sambal cakalang dan semur daging sapi tempatnya bersih dan ramah cocok untuk sarapan lezat bersama keluarga teman atau kolega favorit lokal yang wajib dicoba ketika mengunjungi kota manado,5,11/03/2025 11:55:48,ChIJQcPWfWp1hzIRsQzImvGZTII
Nasi Kuning Selamat Pagi Kampung Kodo,,faisal pahlevy,nasi kuning yang enak di seputar kota manado,5,10/10/2025 14:55:42,ChIJQcPWfWp1hzIRsQzImvGZTII
Nasi Kuning Selamat Pagi Kampung Kodo,,Jony Rahardja,tadi naik kapal ke bunaken dibawain temen nasi kuning katanya dari sini uniq dibungkus daun woka asli enak banget sedep gurih pol,5,09/27/2025 10:40:19,ChIJQcPWfWp1hzIRsQzImvGZTII
Nasi Kuning Selamat Pagi Kampung Kodo,,Ernest Laoh,ba mampir untuk makan,5,09/24/2025 05:38:13,ChIJQcPWfWp1hzIRsQzImvGZTII
Nasi Kuning Selamat Pagi Kampung Kodo,,Agas Koncoro,saya pesan special abon ikan harga di grabfood kenapa cuma datng isi abon saya mending saya pesan nasi kuning abon yg biasa gk jelas ini,1,09/06/2025 18:06:43,ChIJQcPWfWp1hzIRsQzImvGZTII
Nasi Kuning Selamat Pagi Kampung Kodo,,Habibi maulana ahmad,luarbiasa baik saya makan saat sahur dan waktu mau bayar diberikan gratis rasa dan pelayanannya mantab,5,09/05/2025 15:14:20,ChIJQcPWfWp1hzIRsQzImvGZTII
Nasi Kuning Selamat Pagi Kampung Kodo,,Pelz TV,pelayananpelayan tidak ramah pricy,1,08/23/2025 16:49:25,ChIJQcPWfWp1hzIRsQzImvGZTII
Nasi Kuning Selamat Pagi Kampung Kodo,,Juniver Parentah,pelayanan tidak ramah,2,08/23/2025 16:49:21,ChIJQcPWfWp1hzIRsQzImvGZTII
Nasi Kuning Selamat Pagi Kampung Kodo,,Agus IF,nasi dengan suwiran tuna daging dan telur dengan ricasambal pedas lezat,5,07/24/2025 05:13:08,ChIJQcPWfWp1hzIRsQzImvGZTII
Nasi Kuning Selamat Pagi Kampung Kodo,,Taufik Masruri,k naskus istimewa katanyatp enak juga dibungkus daun manado bukan papua,4,07/13/2025 23:01:32,ChIJQcPWfWp1hzIRsQzImvGZTII
Nasi Kuning Selamat Pagi Kampung Kodo,,Diki (Dik),abon nya lagi abis atau belum ada,3,07/07/2025 03:03:50,ChIJQcPWfWp1hzIRsQzImvGZTII
Nasi Kuning Selamat Pagi Kampung Kodo,,Gabriel Garry Kasenda,tidak pernah gagal nasi kuning enak banget dan recomended banget,5,04/15/2025 12:03:42,ChIJQcPWfWp1hzIRsQzImvGZTII
Nasi Kuning Selamat Pagi Kampung Kodo,,HobiJalan2,naskunnya enak sambelnya tidak terlalu pedas tp enak cuma tempatnya aja yg sederhana banget meski makan di tempat jangan lupa minta dikemas daun woku biar nasinya wangi dan sedep,5,03/15/2025 07:34:39,ChIJQcPWfWp1hzIRsQzImvGZTII
Nasi Kuning Selamat Pagi Kampung Kodo,,agus hermanto,memang seenak itu nasi kuningnya sambalnya pedes mantap,5,03/06/2025 13:13:20,ChIJQcPWfWp1hzIRsQzImvGZTII
Nasi Kuning Selamat Pagi Kampung Kodo,,Ivan Pots,saya driver ojol ad mau ambil orderan saya dluan datang dri pembeli lain tapi saya punya mereka tidak membuat mungkin mereka lupa karna faktor usia wkwk,3,02/08/2025 23:27:14,ChIJQcPWfWp1hzIRsQzImvGZTII
Nasi Kuning Selamat Pagi Kampung Kodo,,drniken 09,pergi ke sana di luar waktu makan jadi hanya saya dan teman saya penjualnya sangat perhatian sopan dan baik hati makanannya wow enak dengan topping yang melimpah dan jika anda suka sambal pedas sambalnya luar biasa wajib dikunjungi setiap kali anda pergi ke manado oh dan jika anda khawatir tentang halal yang ini halal,5,02/08/2025 01:28:22,ChIJQcPWfWp1hzIRsQzImvGZTII
Nasi Kuning Selamat Pagi Kampung Kodo,,Mamamialezatos,saya tidak tau sepeetinya ada tempat berbeda dengan nama yang sama yg saya datangi di dalam gang nasi kuningnya keras tidak enak dan sedikit sekali abon dan dagingnya pelayanan lama dan tempat tidak nyaman semoga yg tempat lagi tidak dirugikan dengan review jelek dari rumah makan lain dengan nama yg sama,1,12/22/2024 07:01:37,ChIJQcPWfWp1hzIRsQzImvGZTII
Kopi Janji Jiwa Tomohon,,Theofilus Ponamon,suasana yg baik bersama keluarga,5,01/04/2026 01:28:54,ChIJQfrxTCNthzIRUJJfHhgmJPA
Kopi Janji Jiwa Tomohon,,Aloysius Langitan,lokasi suasana ok tapi mengecewakan pelayanan kita pesan bayar kasir udh selesai makan wajar nanya tuh minuman tidak sampe sisa teh manisnya yg lain sdh di tanya tuh minum oh bukan kita ok tidak masalah tp jawab nada nya ketus ngegasmana kami tau tuh minuman kaluar dr mana jd tanya donk yg bawa makanan di meja kita jg byr dikasir kan cm tau biasa semua kluar dr dapur bukan di meja kasir teh datang teh basi,1,12/31/2025 07:23:55,ChIJQfrxTCNthzIRUJJfHhgmJPA
Kopi Janji Jiwa Tomohon,,Andi Baso Agung,tempat nongki nongki jika lg di tomohon yah disini suasana enak sejuuuuuuuk banget sambil nikmati pemandangan gunung lokon di sore hari harga makanan n minuman terjangkau,5,12/13/2025 09:14:48,ChIJQfrxTCNthzIRUJJfHhgmJPA
Kopi Janji Jiwa Tomohon,,Prisa Amanda,tempat yang nyaman makanannya enak kopinya enak dan semuanya terjangkau cocok untuk bersantai atau nongkrong,5,12/09/2025 09:52:16,ChIJQfrxTCNthzIRUJJfHhgmJPA
Kopi Janji Jiwa Tomohon,,Sahat Parlindungan Hutapea,enak sekali lokasi dan pelayanan serta kopinya mantap,5,11/27/2025 05:41:46,ChIJQfrxTCNthzIRUJJfHhgmJPA
Kopi Janji Jiwa Tomohon,,zanzan Baziad,indah staf sangat membantu tempat suasana makanan sangat nyaman cocok dengan cuaca di sini,5,11/15/2025 11:58:21,ChIJQfrxTCNthzIRUJJfHhgmJPA
Kopi Janji Jiwa Tomohon,,Farhan,tempatnya nyaman barista pelayan ramah makanan enak,5,10/25/2025 08:34:45,ChIJQfrxTCNthzIRUJJfHhgmJPA
Kopi Janji Jiwa Tomohon,,Jemmy Palempung,tempat sangat bagus,5,09/28/2025 15:21:30,ChIJQfrxTCNthzIRUJJfHhgmJPA
Kopi Janji Jiwa Tomohon,,Asa Dilaga,minuman lama jadi pdhl cuma kopi item banyaknya org ditempat buat kopi tp kerja lama tlg perhatikan lagi soal pelayanan,1,09/14/2025 10:32:45,ChIJQfrxTCNthzIRUJJfHhgmJPA
Kopi Janji Jiwa Tomohon,,Marselino Maleke,tempat nya cozy dan bagus untuk kumpul kumpul bersama teman serta pelayanan dan fasilitas nya bagus recommended banget,5,09/05/2025 07:03:22,ChIJQfrxTCNthzIRUJJfHhgmJPA
Kopi Janji Jiwa Tomohon,,Daniel Judah,tempat yang bagus untuk minum kopi sambil melihat gunung lokon pemandangan dari tempat ini luar biasa ruang terbuka di kedai kopi ini juga sangat bagus udaranya segar pemandangannya alami dan tenang tempat yang cocok untuk kumpul santai bersama temanteman minuman dan makanannya cukup enak tapi itu bukan daya tarik utama tempat ini tempatnya bersih dan terawat dengan baik tempat ini tidak memiliki tempat parkir khusus parkirnya adalah parkir jalan di luar area tempatnya sepertinya tertutup dari luar tetapi cukup masuk ke dalam tempatnya buka dari pagi hari jadi cocok buat kamu yang ingin ngopi pagipagi,5,09/03/2025 07:49:07,ChIJQfrxTCNthzIRUJJfHhgmJPA
Kopi Janji Jiwa Tomohon,,Lytha Pijoh,pesan sapo tahu datang lebih dari menit baby cornnya terasa asam dan hazelnut choco tapi hazelnutnya bukan rasa hazelnut tidak ada fasilitas yang tersedia di atas meja,4,08/21/2025 01:28:00,ChIJQfrxTCNthzIRUJJfHhgmJPA
Kopi Janji Jiwa Tomohon,,Edo B,tempat yang nyaman saya datang untuk makan siang suasana yang teduh dan nyaman makanan tersedia banyak pilihan dari ringan sampai berat mantap,5,08/13/2025 07:12:15,ChIJQfrxTCNthzIRUJJfHhgmJPA
Kopi Janji Jiwa Tomohon,,Irene Z,kereeen banget tempatnya di alam pemandangan bagus udara sejuk tempat yang pas untuk bersantai sambil ngopi,5,07/18/2025 01:40:52,ChIJQfrxTCNthzIRUJJfHhgmJPA
Kopi Janji Jiwa Tomohon,,zenith,banyak spot bagus untuk fotofoto cocok untuk kumpulkumpul tempatnya nyaman dan luas bisa melihat pemandangan indah dengan udara segar,5,07/08/2025 10:38:12,ChIJQfrxTCNthzIRUJJfHhgmJPA
Kopi Janji Jiwa Tomohon,,bocil gaming,enakksuasana yang sejuk dan pemandangan yang indah,4,07/07/2025 09:25:17,ChIJQfrxTCNthzIRUJJfHhgmJPA
Kopi Janji Jiwa Tomohon,,Ray Leonardo Ransulangi,tempat sejuk nyaman cocok utk org introvert,5,07/03/2025 07:23:15,ChIJQfrxTCNthzIRUJJfHhgmJPA
Kopi Janji Jiwa Tomohon,,Aprilia April,tempat asyikk mnum kopi di tomohon,5,07/01/2025 12:41:13,ChIJQfrxTCNthzIRUJJfHhgmJPA
Kopi Janji Jiwa Tomohon,,Natalia Adriana,tempat ngopi terbaik ditomohon,5,06/24/2025 23:55:10,ChIJQfrxTCNthzIRUJJfHhgmJPA
Kopi Janji Jiwa Tomohon,,Taufiq Putra,ini sih the real ngopi with view,5,06/13/2025 06:46:54,ChIJQfrxTCNthzIRUJJfHhgmJPA
Kopi Janji Jiwa Tomohon,,lily pijoh,pemandangan indah latar gunung lokon karyawannya ramah kopinya enak and murah,5,05/27/2025 02:53:58,ChIJQfrxTCNthzIRUJJfHhgmJPA
Kopi Janji Jiwa Tomohon,,Andy Rezki Juliarno,pemandangan gunung lokon yang menakjubkan,5,05/24/2025 23:59:01,ChIJQfrxTCNthzIRUJJfHhgmJPA
Kopi Janji Jiwa Tomohon,,Julita Bernadeth,makanan lama sekali diantar pesan tinutuan jam menit baru ready dengan kondisi pengunjung yang hanya sekitar orang,4,05/12/2025 05:26:43,ChIJQfrxTCNthzIRUJJfHhgmJPA
Kopi Janji Jiwa Tomohon,,Gabriel,pesan spaghetti bolognese k yang datang spaghetti k di warong,1,05/12/2025 02:51:51,ChIJQfrxTCNthzIRUJJfHhgmJPA
Kopi Janji Jiwa Tomohon,,TONNY NANGKA,banyakpilihan menu lokal mapun international pelayanan ramah bisa coba spagheti ok,5,05/08/2025 12:08:56,ChIJQfrxTCNthzIRUJJfHhgmJPA
Kopi Janji Jiwa Tomohon,,mariana kilis,tempat ngopi yang nyaman menyatu dengan alam tapi klo sore sudah dingin karena memang kondisi kota tomohon yg memang dingin makanan juga banyak pilihan menu,4,04/07/2025 08:05:11,ChIJQfrxTCNthzIRUJJfHhgmJPA
Kopi Janji Jiwa Tomohon,,Snap Fire,tempatnya nyaman dan tidak terlalu ramai cocok buat nongkrong atau sekadar istirahat sebentar pelayanannya juga ramah dan cepat,5,03/31/2025 09:38:00,ChIJQfrxTCNthzIRUJJfHhgmJPA
Kopi Janji Jiwa Tomohon,,Rivaldo Ruaw,pelayanan sangat baik,5,03/31/2025 09:20:58,ChIJQfrxTCNthzIRUJJfHhgmJPA
Kopi Janji Jiwa Tomohon,,Oktafio Mamangkey,sudah beberapa kali ke sini dan selalu nyaman tempatnya enak buat kerja atau sekadar ngobrol pelayanannya juga tidak pernah mengecewakan,5,03/31/2025 09:09:39,ChIJQfrxTCNthzIRUJJfHhgmJPA
GARAGE COFFE LAB,,Mawar Rauf,percuma banyak karyawan layanan kurang mantap masa menu pisang goreng aja hampir jam perbaiki lagi dong pelayanan nyaaa,1,12/29/2025 11:17:14,ChIJ-YAlrZ0BhzIRNt2dJrX4aO8
GARAGE COFFE LAB,,Donz Palar,pelayanannya lambat sekali,1,11/05/2025 07:32:50,ChIJ-YAlrZ0BhzIRNt2dJrX4aO8
GARAGE COFFE LAB,,Sha Zam,sangat kecewa pesanan lama sudah tunggu berjam jam baru di infokan makanan habis,1,11/03/2025 06:00:13,ChIJ-YAlrZ0BhzIRNt2dJrX4aO8
GARAGE COFFE LAB,,Emily Chan71,untuk ayam gepreknya ayamnya kecil sambalnya pakai tomat kyk dabu dan tidak masuk di lidah saya,2,09/28/2025 06:58:11,ChIJ-YAlrZ0BhzIRNt2dJrX4aO8
GARAGE COFFE LAB,,GR F,datang kesini april cicipi kopi dan makanannya yang enak pesan kopi palem pisang goreng sambal roa fetucini carbonara sangat direkomendasikan,5,04/23/2025 13:45:01,ChIJ-YAlrZ0BhzIRNt2dJrX4aO8
GARAGE COFFE LAB,,Anna Ko,kedai kopirestoran yang bagus dengan suasana luar biasa pilihan yang baik ketika anda mendambakan sedikit makanan barat sandwich dll serta kopi dan minuman yang sangat enak bitung tidak terlalu internasionalturis jadi itulah yang kami butuhkan setelah minggu menikmati makanan lokal,4,04/04/2025 02:43:23,ChIJ-YAlrZ0BhzIRNt2dJrX4aO8
GARAGE COFFE LAB,,Iyan Mulyadi,cafe garage adalah tempat yang sempurna untuk bersantai dan menikmati suasana yang unik dengan konsep industrial yang keren dan dekorasi ala garasi cafe ini memberikan nuansa yang berbeda dari kebanyakan tempat nongkrong lainnya makanan dan minumannya juga tidak kalah menarik menu yang variatif mulai dari kopi berkualitas hingga hidangan lezat membuat setiap kunjungan terasa istimewa barista dan stafnya ramah serta selalu siap melayani dengan profesionalisme selain itu cafe garage sering menghadirkan live music atau event menarik yang menambah keseruan cocok untuk nongkrong bersama teman atau sekadar menikmati waktu sendiri dengan suasana yang nyaman sangat direkomendasikan,5,02/28/2025 12:49:02,ChIJ-YAlrZ0BhzIRNt2dJrX4aO8
GARAGE COFFE LAB,,patrick tenda,enak dan seru tempatnya,5,01/17/2025 02:41:56,ChIJ-YAlrZ0BhzIRNt2dJrX4aO8
GARAGE COFFE LAB,,Smoothy Aiko,menunggu makanan sangat lama jam,2,12/28/2024 12:32:18,ChIJ-YAlrZ0BhzIRNt2dJrX4aO8
GARAGE COFFE LAB,,Voyska Eranda Daleru,adem biar sudah abis makan kami masih boleh duduk lama kg bakarlota cocok for tempat reuni teman masa kecil,5,11/27/2024 23:16:50,ChIJ-YAlrZ0BhzIRNt2dJrX4aO8
GARAGE COFFE LAB,,Lavenia Kawet,tempat yang bagus kafe ahli dan pelayanan yang sangat baik,5,11/15/2024 13:41:04,ChIJ-YAlrZ0BhzIRNt2dJrX4aO8
GARAGE COFFE LAB,,Memey Angkouw,makanan nya sampai jam tidak nyampe nyampe,1,10/19/2024 12:55:29,ChIJ-YAlrZ0BhzIRNt2dJrX4aO8
GARAGE COFFE LAB,,Jolly Manoppo,tempat yg cocok buat santai sambil menunggu mobil yg sementara di cuci,5,09/13/2024 02:48:07,ChIJ-YAlrZ0BhzIRNt2dJrX4aO8
GARAGE COFFE LAB,,Indri Kembi,tidak profesional makanan sampai jam,1,07/13/2024 13:38:27,ChIJ-YAlrZ0BhzIRNt2dJrX4aO8
GARAGE COFFE LAB,,ARRON JACOBUS,enak buat nongkrong sambil kerja,4,05/30/2024 14:25:50,ChIJ-YAlrZ0BhzIRNt2dJrX4aO8
GARAGE COFFE LAB,,Ratna Rahim,sangat bagus pelayanannya,5,05/25/2024 01:18:25,ChIJ-YAlrZ0BhzIRNt2dJrX4aO8
GARAGE COFFE LAB,,Selly Puspa,makanannya enak terima kasih,4,04/27/2024 13:47:54,ChIJ-YAlrZ0BhzIRNt2dJrX4aO8
GARAGE COFFE LAB,,Mern,sangat direkomendasikan tempat untuk dikunjungi pokoknya tempat ini satu tempat favorit untuk makan enak nyaman dan aman anda bisa makan makanan ringan atau makan siang sambil mobil anda dicuci harga standar,5,03/30/2024 06:31:42,ChIJ-YAlrZ0BhzIRNt2dJrX4aO8
GARAGE COFFE LAB,,Deirus Rizki Khair,panggungnya berada di dalam ruangan,5,03/04/2024 06:48:03,ChIJ-YAlrZ0BhzIRNt2dJrX4aO8
GARAGE COFFE LAB,,basrin tunaloin,maaf saya berikan rating satu agar owner menegur cara pelayanan para karyawan satu pesanan bisa makan wkt jam adalah hal yg disengaja saya jg bayar seperti lainya yg pastinya jk saya diminta bukti akan saya berikan trm ksh,1,02/15/2024 11:07:14,ChIJ-YAlrZ0BhzIRNt2dJrX4aO8
GARAGE COFFE LAB,,monalisa Tatoda,datang ke sini untuk cuci mobil tapi makanannya agak enak banyak sekali pilihannya acnya dingin sekali cocok untuk cuaca bitung yang panas kering dan lembab,5,02/01/2024 14:08:48,ChIJ-YAlrZ0BhzIRNt2dJrX4aO8
GARAGE COFFE LAB,,yanas prabuana,untuk steak wagyu kurang begitu enak mohon perbaiki cita rasanya saos tidak sepadan garnish tidak sesuai tapi untuk makanan lain overall its okay layanan cukup suasana cozzy feel banget buat nongkrong,4,01/05/2024 06:44:10,ChIJ-YAlrZ0BhzIRNt2dJrX4aO8
GARAGE COFFE LAB,,Susana Theys,tempat hang out di bitung yang paling cozy,5,12/04/2023 11:44:39,ChIJ-YAlrZ0BhzIRNt2dJrX4aO8
GARAGE COFFE LAB,,Alvin Oktavianus,ok sambil nggu mobil dicuci bisa duduk santai di ruangan ber ac sambil makan minum,4,11/25/2023 09:08:08,ChIJ-YAlrZ0BhzIRNt2dJrX4aO8
GARAGE COFFE LAB,,ChefKingdom27,saya kesana bareng teman dari amerika menunya bagus,5,10/25/2023 07:14:10,ChIJ-YAlrZ0BhzIRNt2dJrX4aO8
GARAGE COFFE LAB,,Yanto Caddy,t favorit untuk ngopi es kopi brown sugar verry recommended,5,10/08/2023 14:16:18,ChIJ-YAlrZ0BhzIRNt2dJrX4aO8
Wisata Bahari Kawasan Megamas,,Jajan Nyok,satu tempat makan di kota manado yang letaknya di pinggir laut jadi bisa menikmati view nya banyak varian menu mulai dari seafood ayam juga daging rasanya cukup enak juga ada minuman seperti kelapa batok lemon tea kopi teh dan lainlain kalo mau menikmati view bagusnya datang ke sini sore hari sampai ke malam menikmati sunset ada indoor maupun outdoor yaaa,4,05/26/2025 08:07:19,ChIJ_wmqbxF1hzIRbJQd11yHsVA
Wisata Bahari Kawasan Megamas,,Stanley Supit,restaurant sea food paling lengkap di manado berada di atas laut kawsan bahu mall pantai manado menu makanan lengakp utk sea food chinese food halal pkknya the best lah,5,08/11/2024 02:31:44,ChIJ_wmqbxF1hzIRbJQd11yHsVA
Wisata Bahari Kawasan Megamas,,Yvets _To,makanannya eunak bisa buat acara hut atau reunian,5,08/06/2024 22:00:30,ChIJ_wmqbxF1hzIRbJQd11yHsVA
Wisata Bahari Kawasan Megamas,,Noly Legi,kalaupun saya hanya mampir untuk mengantar pelanggan indrive menurut saya pengunjungnya banyak,5,07/08/2024 16:00:31,ChIJ_wmqbxF1hzIRbJQd11yHsVA
Wisata Bahari Kawasan Megamas,,Hesni Theo,cocok untuk bersantap bersama keluarga karena porsi makanannya cukup besar makanannya enak dan lezat,5,06/01/2024 14:13:26,ChIJ_wmqbxF1hzIRbJQd11yHsVA
Wisata Bahari Kawasan Megamas,,Hart Shu,tempat layanan antar jempu,5,03/20/2024 08:01:25,ChIJ_wmqbxF1hzIRbJQd11yHsVA
Wisata Bahari Kawasan Megamas,,Enggelin Mainti,suasana pantai yg romantis,5,03/07/2024 01:37:26,ChIJ_wmqbxF1hzIRbJQd11yHsVA
Wisata Bahari Kawasan Megamas,,Hanna Pramandari,tempat terbaik untuk makan dan menikmati matahari terbenam di kawasan kota manado kami memesan ikan bakar bobara yang disajikan dengan sambal dabu dabu rica tumis kangkung dan air jeruk nipis rekomendasi terbaiknya adalah lobster harga ikan mulai dari kons dan tumis sayur mulai dari k dari lokasi ini kita bisa menikmati laut dan cakrawala manado,5,07/30/2023 11:46:44,ChIJ_wmqbxF1hzIRbJQd11yHsVA
Wisata Bahari Kawasan Megamas,,Ferdinand Lendo,makanan enak,5,07/06/2023 09:06:38,ChIJ_wmqbxF1hzIRbJQd11yHsVA
Wisata Bahari Kawasan Megamas,,Estelita Mangare,makanannya enakenak pelayanan juga ramah,5,05/27/2023 14:29:57,ChIJ_wmqbxF1hzIRbJQd11yHsVA
Wisata Bahari Kawasan Megamas,,Rudswie Yone,tempat parkir luas makanan enak dan staf ramah,5,05/20/2023 05:04:22,ChIJ_wmqbxF1hzIRbJQd11yHsVA
Wisata Bahari Kawasan Megamas,,Raflin Uno,tempat yang tepat bersama keluarga dengan suasana dan pemandangan kota manado yang indah,5,04/21/2023 06:19:55,ChIJ_wmqbxF1hzIRbJQd11yHsVA
Wisata Bahari Kawasan Megamas,,Indrajid N,pesan goropu bakar dan udang asin ikannya segar tapi tidak istimewa biasa saja,3,03/30/2023 13:58:55,ChIJ_wmqbxF1hzIRbJQd11yHsVA
Wisata Bahari Kawasan Megamas,,Stenley,bagi saya pribadidatang di wisata bahari satu moment tak terlupakan,5,02/13/2023 22:56:43,ChIJ_wmqbxF1hzIRbJQd11yHsVA
Wisata Bahari Kawasan Megamas,,kamdi akang,tempatmya nyaman makanannya enak pelayanan baik,4,01/22/2023 08:02:38,ChIJ_wmqbxF1hzIRbJQd11yHsVA
Alang Alang Cafe & Resto,,Marianne R,kesini krna anak suka steak sayang beef steaknya kosong tp chicken steak jg tidak mngecewakan anak suka bgt mereka memuji makanan yg premium harga sesuai dgn kualitas sedikit masukan utk minuman yg kurang menurut lidah kami anak order chocolate ice blend yg mnurut kami rasa coklatnya sangat kurangdominan rasa susu dan ice lemon tea jg tea dan lemonnya tidak berasa,5,01/25/2026 10:46:45,ChIJo_zDMxdthzIReefrJXyDoSU
Alang Alang Cafe & Resto,,JEVI FERDINAN MONINTJA,lama skalii nya pesanan jadi pesan jam datang jam pesanan yg di pesan juga salah sudah saki maag dulu baru mau makan,1,01/18/2026 11:18:30,ChIJo_zDMxdthzIReefrJXyDoSU
Alang Alang Cafe & Resto,,Zhenin,suasana bagus rasa makanan dibawah standard cuma pesan nasi goreng menunngu super lama,1,01/18/2026 06:18:42,ChIJo_zDMxdthzIReefrJXyDoSU
Alang Alang Cafe & Resto,,Yonanta Asa dilaga,itu pegawainya gada senyumnya lalu minta tusuk gigi tidak dikasi pandang enteng rokok ketinggalan bilang hilang kalo tidak niat kerja gausa kerja,1,01/08/2026 06:34:31,ChIJo_zDMxdthzIReefrJXyDoSU
Alang Alang Cafe & Resto,,Drew,lokasi strategis pelayanan baik kami datang saat ramai dan pelayannya memberitahu mengenai lama pembuatan makanan kami memutuskan untuk menunggu dengan estimasi yg disampaikan makanan datang sesuai dgn estimasi yg di sampaikan well done nasi goreng hot plate wagyu steak bbq sauce mie kuah cakalang sop buntut pancake choco ice cream pisang goroho ori,5,12/30/2025 04:38:33,ChIJo_zDMxdthzIReefrJXyDoSU
Alang Alang Cafe & Resto,,Vinsmoke,penyajian makanannya sangat lama pelayannya bad attitude,1,12/28/2025 14:18:52,ChIJo_zDMxdthzIReefrJXyDoSU
Alang Alang Cafe & Resto,,Rafifa Bunga Jashinta,lama sekali baru pesan jeruk dan steak nunggu jam,1,12/27/2025 12:10:30,ChIJo_zDMxdthzIReefrJXyDoSU
Alang Alang Cafe & Resto,,elang yudha,lama bngt dan yng mencatat orderan salah semua,1,12/27/2025 12:08:50,ChIJo_zDMxdthzIReefrJXyDoSU
Alang Alang Cafe & Resto,,Arthur Wongkar,yg hobi beef steak tidak perlu jauh ke manado lagi,5,12/16/2025 08:45:03,ChIJo_zDMxdthzIReefrJXyDoSU
Alang Alang Cafe & Resto,,Bonita Sumaga,klo sudah kelas resto harusnya tidak nunggu smpe sejam lebih,2,12/14/2025 07:09:38,ChIJo_zDMxdthzIReefrJXyDoSU
Alang Alang Cafe & Resto,,Jennifer Towert,kami satusatunya orang di sana dan bertanya apakah itu terbuka mereka menjawab ya tapi mungkin mereka tidak mengerti kami duduk dan mereka mengambil pesanan kami dan membawakan minuman lalu menghilang selama menit staf berkeliaran tanpa melakukan apa pun dan kami akhirnya mendapatkan nasi goreng hal terburuk yang pernah kami alami di indonesia dan bingung bagaimana hal ini memakan waktu begitu lama layanan buruk makanan buruk sikap buruk pengaturan dan bangunan bagus,2,11/06/2025 07:06:42,ChIJo_zDMxdthzIReefrJXyDoSU
Alang Alang Cafe & Resto,,Chita Sidharto,makanannya enak,5,10/12/2025 22:03:26,ChIJo_zDMxdthzIReefrJXyDoSU
Alang Alang Cafe & Resto,,Immanuel Tungka,makan siang di kota tomohon dengan keluarga dari tondano,4,10/08/2025 22:12:11,ChIJo_zDMxdthzIReefrJXyDoSU
Alang Alang Cafe & Resto,,Jimmy Auw,kami menikmati steak daging sapi tenderloin dan sirloin di alang alang resto di tomohon dimasak dengan sempurna berair dan beraroma es tehnya menyegarkan dan suasana nyaman dengan pemandangan indah sambil menunggu makanan kurang lebih menit membuat pengalaman makan siang semakin nikmat sangat direkomendasikan,5,09/22/2025 11:31:36,ChIJo_zDMxdthzIReefrJXyDoSU
Alang Alang Cafe & Resto,,Jeffrey Claudius,tempatnya asri makanannya juga nikmat enjoy,5,09/09/2025 05:51:16,ChIJo_zDMxdthzIReefrJXyDoSU
Alang Alang Cafe & Resto,,Oktaviani Jonas,pelayanan lama sdh sejam nunggu pdhl lg tidak rame plus hrga di buku menu sama dikasir berbeda katanya di buku menu belum update hrsnya hal sprti ini tidak blh trjd dirmh makan,1,09/06/2025 10:09:51,ChIJo_zDMxdthzIReefrJXyDoSU
Alang Alang Cafe & Resto,,Marco Untu,many colokan listrik gk jadi pdhl tempatnya very wfcwfr support,4,08/30/2025 00:46:15,ChIJo_zDMxdthzIReefrJXyDoSU
Alang Alang Cafe & Resto,,François Morin,saya terbiasa makan barbekyu enak dan daging lainnya di rumah prancis dan saya dapat memberi tahu anda bahwa iga sapinya luar biasa jadi ya lemaknya banyak tetapi jika anda ingin bersenangsenang dan lapar ambil piring enak banget saya rekomendasikan,5,08/16/2025 12:55:57,ChIJo_zDMxdthzIReefrJXyDoSU
Alang Alang Cafe & Resto,,Surya Wicaksana (surgum),berangkat dari manado yg pas lagi hangatnya menuju panas ke tomohon yg menyejuk kan lokasinya tidak susah di temukan homy udara sejuk banyak pohon wajib cobain sop buntut deh,5,08/02/2025 13:35:59,ChIJo_zDMxdthzIReefrJXyDoSU
Alang Alang Cafe & Resto,,Viani Mewo,enak sekali apalagi sop buntutnya top,5,07/31/2025 09:25:55,ChIJo_zDMxdthzIReefrJXyDoSU
Alang Alang Cafe & Resto,,Filly Kalalo,sangat bersih nyaman pelayanan sangat memuaskan makananya enak semua komplit joszzz,5,07/31/2025 09:22:16,ChIJo_zDMxdthzIReefrJXyDoSU
Alang Alang Cafe & Resto,,Mashudi Adi Nugroho,tempat makannya cozy cocok untuk romatic dinner,5,07/18/2025 12:48:56,ChIJo_zDMxdthzIReefrJXyDoSU
Alang Alang Cafe & Resto,,mr wayong wayong,makanan barat terbaik,5,06/13/2025 10:49:21,ChIJo_zDMxdthzIReefrJXyDoSU
Alang Alang Cafe & Resto,,elvaretta agustin,tenderloin steaknya enak,4,05/12/2025 13:19:24,ChIJo_zDMxdthzIReefrJXyDoSU
Alang Alang Cafe & Resto,,Johan Myway,lumayan buat bersantai tapi koq sepi ya mungkin karena lagi hujan,4,03/24/2025 03:36:17,ChIJo_zDMxdthzIReefrJXyDoSU
Alang Alang Cafe & Resto,,De Xpl0r3r,lokasi strategis parkiran free dekat dgn objek wisata gunung lokon dan bukit doa gunung mahawu dan dekat vihara ekayana dari pusat kota tomohon berjarak km udara adem dan sehat banyak pepohonan minus waktu pesan makanan kurang lebih menit baru tersedia makanan yang dipesan,4,02/15/2025 14:09:40,ChIJo_zDMxdthzIReefrJXyDoSU
Alang Alang Cafe & Resto,,Evi Tombeng Galilea,yang terbaik,5,02/01/2025 16:21:25,ChIJo_zDMxdthzIReefrJXyDoSU
Dapur Desa,,Laudya Aneke,dapur desa makanan yang ada di tempat ini begitu sempurnah dan sangat enak saya sangat suka dengan tempat terbaik ini saya juga sering sekali makan makanan yang ada disini bersama dengan keluarga saya teman anak anak dan suami saya untuk makan bersama di sini,5,10/25/2025 07:15:03,ChIJGdE9klABhzIRDMu9QqnUO8A
Dapur Desa,,Syalom Smeilan,tempat makan terbaik yang pernah ada saya sering sekali membawa anak anak dan suami saya untuk makan bersama di sini saya sangatlah senang dengan makanan yang ada di sini karena begitu enak dengan pelayanannyajuga yang begitu luar biasa anak anak dan suami saya sangat suka dengan tempat ini,5,10/17/2025 07:02:51,ChIJGdE9klABhzIRDMu9QqnUO8A
Dapur Desa,,Warrick Lightfellow,satu makanan enak di bitung apalagi jika anda mencari tuna,5,08/13/2025 15:43:06,ChIJGdE9klABhzIRDMu9QqnUO8A
Dapur Desa,,Dave Angkouw,pelayanan terlalu lama,1,03/20/2025 12:35:26,ChIJGdE9klABhzIRDMu9QqnUO8A
Dapur Desa,,River Song,coba rahang tuna bakarnya dan ndak nyesel dagingnya tebal dan dimasak ndak terlalu kering atas rekomendasi pemilik sambelnya untuk yg ndak bisa makan pedes hatihati rating harganya sesuai lah dengan makanannya pelayanan ramah kurangnya sayang krn agak lama menyiapkan pesanan,5,08/11/2024 10:17:15,ChIJGdE9klABhzIRDMu9QqnUO8A
Dapur Desa,,Adi Surya (ADIS),restoran ikan bakar enak sekali,4,08/06/2024 03:39:12,ChIJGdE9klABhzIRDMu9QqnUO8A
Dapur Desa,,Tribrata Putra Rianto,ikan mujair dagingnya sangat lembut dan pelayananya sangat cepat untuk harganya terjangkau murah,5,07/17/2024 01:20:40,ChIJGdE9klABhzIRDMu9QqnUO8A
Dapur Desa,,Julandy Bandu,seni adalah ledakan menarik,5,07/17/2024 01:03:05,ChIJGdE9klABhzIRDMu9QqnUO8A
Dapur Desa,,Elly Samuel,kalau ke kota bitung jangan sampai tidak mampir di tempat ini rahang tuna dan oci bakar mantul sekali,5,05/14/2024 07:31:50,ChIJGdE9klABhzIRDMu9QqnUO8A
Dapur Desa,,Lovell Michael Tombokan,makan ikan bakar ada dada tuna dan rahang tuna fovorit juga ada ikanikan lainnya,1,04/03/2024 00:10:54,ChIJGdE9klABhzIRDMu9QqnUO8A
Dapur Desa,,Amelia Pardi,enak sih cm lama banget,5,11/10/2023 10:46:54,ChIJGdE9klABhzIRDMu9QqnUO8A
Dapur Desa,,Siswanto 86,makan siang pengunjung masih sedikit semua menunya sangat recommended tuna bakarnya sangat enak,4,04/28/2023 09:31:36,ChIJGdE9klABhzIRDMu9QqnUO8A
Dapur Desa,,Indra Kusuma,terbaik enak jika ada yang butuh pembelian mobil daihatsu bisa hub,5,02/26/2023 12:48:10,ChIJGdE9klABhzIRDMu9QqnUO8A
"Kelapa 17 Megamas - Kepala, Rusuk, Kaki Babi",,Berlin septenus Zalukhu,makanan enak pelayanan cepat,5,01/23/2026 08:28:36,ChIJ5ylDPxp1hzIRPNpK2eUXKPE
"Kelapa 17 Megamas - Kepala, Rusuk, Kaki Babi",,Harlis Harefa,baru pertama kesini diajak teman gacor,5,01/14/2026 15:40:42,ChIJ5ylDPxp1hzIRPNpK2eUXKPE
"Kelapa 17 Megamas - Kepala, Rusuk, Kaki Babi",,arif tel,da yang terbaik,5,01/14/2026 15:30:17,ChIJ5ylDPxp1hzIRPNpK2eUXKPE
"Kelapa 17 Megamas - Kepala, Rusuk, Kaki Babi",,Krisman Daniel Waruwu,sangat puas dengan pengalaman makan malam di sini menu variatif harga juga terjangkau sesuai dengan kualitas yang diberikan tempatnya juga cocok untuk berkumpul dengan keluarga atau temanteman ini sudah menjadi rumah makan favorit saya setiap kali datang selalu puas makanan selalu konsisten rasanya pelayan profesional dan ramah serta tempatnya selalu terawat bersih terutama masakan khas lokalnya yang sangat autentik,5,01/06/2026 12:36:23,ChIJ5ylDPxp1hzIRPNpK2eUXKPE
"Kelapa 17 Megamas - Kepala, Rusuk, Kaki Babi",,Finca Lestina Nazara,makanannya enak semua pelayanannya cepat karyawan ramah,5,01/06/2026 12:28:42,ChIJ5ylDPxp1hzIRPNpK2eUXKPE
"Kelapa 17 Megamas - Kepala, Rusuk, Kaki Babi",,Kezia gloryadachi,makanannya enak pelayannya juga ramahramah,5,01/06/2026 12:18:10,ChIJ5ylDPxp1hzIRPNpK2eUXKPE
"Kelapa 17 Megamas - Kepala, Rusuk, Kaki Babi",,Jhonly Michael Rogi,makan ragey meter sangat puas pokoknya makanannya enak semua cuma kalau berbeda dipesan jadinya makan masing takut dingin makanannya paling lama capcay jadinya tinggal bungkus,5,01/05/2026 15:57:56,ChIJ5ylDPxp1hzIRPNpK2eUXKPE
"Kelapa 17 Megamas - Kepala, Rusuk, Kaki Babi",,Safri dawolo,tempat suasana dan rasa makanannya the best,5,01/04/2026 15:20:56,ChIJ5ylDPxp1hzIRPNpK2eUXKPE
"Kelapa 17 Megamas - Kepala, Rusuk, Kaki Babi",,mayu sugimoto,saya memesan menu khas babi bakar babi goreng dan kangkung gorengannya dihidangkan beberapa saat kemudian namun saat bakarnya disajikan mereka berkata sekarang sudah siap saya terkejut melihat betapa baik perilaku para staf bakar yang dibumbui dengan manis itu lezat saya bersyukur tidak banyak toko yang buka pada hari tahun baru,5,01/01/2026 14:09:22,ChIJ5ylDPxp1hzIRPNpK2eUXKPE
"Kelapa 17 Megamas - Kepala, Rusuk, Kaki Babi",,Yarusu Lahagu,tempat andalan keluarga,5,12/26/2025 10:24:16,ChIJ5ylDPxp1hzIRPNpK2eUXKPE
"Kelapa 17 Megamas - Kepala, Rusuk, Kaki Babi",,Andi kriswan Mendrofa,lidah tak bisa bohong,5,12/26/2025 10:09:32,ChIJ5ylDPxp1hzIRPNpK2eUXKPE
"Kelapa 17 Megamas - Kepala, Rusuk, Kaki Babi",,Nengah Suantara,pelayan tidak menguasai menu makanan yg di jual pesan makan paket tapi tidak dapat sayur tanya di kasir saat bayar harusnya dapat tapi pelayan saat dipanggil tidak ada rasa bersalah nama pelayan zuvi pesan babi tore malah yg datang babi goreng warna coklat gelap sangat mengecewakan,1,12/26/2025 04:54:51,ChIJ5ylDPxp1hzIRPNpK2eUXKPE
"Kelapa 17 Megamas - Kepala, Rusuk, Kaki Babi",,Zaman Zega,keluarga babi,5,12/20/2025 16:22:26,ChIJ5ylDPxp1hzIRPNpK2eUXKPE
"Kelapa 17 Megamas - Kepala, Rusuk, Kaki Babi",,Meikarianis Zega,kelapa yg d ruko lantai rame poll,5,12/20/2025 16:19:40,ChIJ5ylDPxp1hzIRPNpK2eUXKPE
"Kelapa 17 Megamas - Kepala, Rusuk, Kaki Babi",,glen pateh,pesen makanan jam menit baru sampe tolong di perbaiki cara manage pesanan nya berurutan jangan sampai konsumen asam lambung dulu baru makanan sampe,1,12/20/2025 09:51:32,ChIJ5ylDPxp1hzIRPNpK2eUXKPE
"Kelapa 17 Megamas - Kepala, Rusuk, Kaki Babi",,Muhammad Raihan Assagaf,butuh tambahan orang,5,12/13/2025 12:03:53,ChIJ5ylDPxp1hzIRPNpK2eUXKPE
"Kelapa 17 Megamas - Kepala, Rusuk, Kaki Babi",,melisa gledis Watung,duluan pesan orang lain yg dapat trus bilang habis setelah itu kariawan nyinyir parah ini tempat makan,1,12/12/2025 12:18:31,ChIJ5ylDPxp1hzIRPNpK2eUXKPE
"Kelapa 17 Megamas - Kepala, Rusuk, Kaki Babi",,BI HANA,kepala babi terlalu banyak untuk orang semua lauknya enak berdasarkan pengalaman ini layak untuk dikunjungi,4,12/08/2025 05:45:25,ChIJ5ylDPxp1hzIRPNpK2eUXKPE
"Kelapa 17 Megamas - Kepala, Rusuk, Kaki Babi",,KKH,berbagai macam hidangan daging babi yang lezat dan harga terjangkau disajikan di sini pilih tempat ac dalam ruangan tetapi lebih hangat daripada area teluk luar ruangan es brenebon adalah suatu keharusan,5,11/14/2025 09:19:04,ChIJ5ylDPxp1hzIRPNpK2eUXKPE
"Kelapa 17 Megamas - Kepala, Rusuk, Kaki Babi",,이주희,meskipun beberapa item menunya tidak tepat iga babinya secara umum enak stafnya ramah dan baik tapi mengecewakan karena kurang bersih,4,11/12/2025 08:20:11,ChIJ5ylDPxp1hzIRPNpK2eUXKPE
"Kelapa 17 Megamas - Kepala, Rusuk, Kaki Babi",,Yohanes Legimin,ragey yg panjang sepertinya ada yg kurang tapi apa yah sulit dibilang,5,11/10/2025 04:58:56,ChIJ5ylDPxp1hzIRPNpK2eUXKPE
"Kelapa 17 Megamas - Kepala, Rusuk, Kaki Babi",,kurlev Vy,lokasi pinggir pantai bisa lihat orang mancing mania mangstab tempat makan bisa yang di ruko bisa juga yang di pondok diseberang jalan kepala babi is good digoreng original terasa daging babinya porsi bisa buat org atau lebih sambal dabudabu also is good,5,10/29/2025 10:45:33,ChIJ5ylDPxp1hzIRPNpK2eUXKPE
"Kelapa 17 Megamas - Kepala, Rusuk, Kaki Babi",,Rafael Rudolf Wenur,pertama kali ke sini karena rekomendasi temen semua enak iga bakar knckle sama kepala madu mantap,5,10/19/2025 13:48:33,ChIJ5ylDPxp1hzIRPNpK2eUXKPE
"Kelapa 17 Megamas - Kepala, Rusuk, Kaki Babi",,Giovanny Daely,selalu dengan kepala babi di sini sudah coba tempat lain tapi masi kelapa terbaik,5,10/19/2025 08:58:17,ChIJ5ylDPxp1hzIRPNpK2eUXKPE
"Kelapa 17 Megamas - Kepala, Rusuk, Kaki Babi",,Marvel Ndruma,makanan cepat pas sudah lapar enak semua,5,10/19/2025 08:44:43,ChIJ5ylDPxp1hzIRPNpK2eUXKPE
"Kelapa 17 Megamas - Kepala, Rusuk, Kaki Babi",,xtinct77able,selama perjalanan saya ke manado saya paling menikmati tempat ini babi,5,10/17/2025 06:08:10,ChIJ5ylDPxp1hzIRPNpK2eUXKPE
"Kelapa 17 Megamas - Kepala, Rusuk, Kaki Babi",,Roby Stevi Lumbu,makanan enak tapi menu tidak semua selalu tersedia,3,10/13/2025 01:54:34,ChIJ5ylDPxp1hzIRPNpK2eUXKPE
"Kelapa 17 Megamas - Kepala, Rusuk, Kaki Babi",,Mike S,pilihan daging babi yang enak kelapa benarbenar sesuai dengan reputasinya semuanya enak dan mirip dengan yang saya makan di tomohon hampir semua menu mereka wajib dicoba buku jari babinya luar biasa tetapi terjual dengan sangat cepat harganya lumayan mahal untuk manado tapi tetap nikmat banget para staf bekerja cepat sesuai standar manado,5,10/09/2025 07:00:29,ChIJ5ylDPxp1hzIRPNpK2eUXKPE
"Kelapa 17 Megamas - Kepala, Rusuk, Kaki Babi",,Carina Tuwaidan,rasa mantap pelayanan maksimal pesanan pertama hangus pelayan meminta maaf dan di ganti baru ini tempat makan ba terbaik di manado,5,10/03/2025 19:39:41,ChIJ5ylDPxp1hzIRPNpK2eUXKPE
Taman Kelong Cafe dan Resto,,EKO PRIHARTONO,tempat rekreasi keluar di area manado resto juga ada tempatnya asri luas ada mushola,5,01/27/2026 06:59:16,ChIJWUBg-YlthzIRAzQCK6RuK94
Taman Kelong Cafe dan Resto,,sissyanti Kaluwulang,kalo nyari tempat makan bfast brunch lunch dinner kesini aja satu resto estetik di tomohon bisa foto foto cantikk ada biaya masuknya per otang tapi base on experience beberapa kali kesini pesanannya makanan dan minumannya lama banget datang kemejaa jadi kalo mau kesini harus sebelum lapar biar pas sudah lapar makanannya sudah adaa,4,01/27/2026 06:27:30,ChIJWUBg-YlthzIRAzQCK6RuK94
Taman Kelong Cafe dan Resto,,Firdaus,makanan sebenarnya enak cuma pas saya datang dengan istri di hari minggu siang makanan dihidangkan terlalu lama hampir jam menunggu manajemen waktu di dapur perlu diperbaiki lagi,3,01/26/2026 04:35:52,ChIJWUBg-YlthzIRAzQCK6RuK94
Taman Kelong Cafe dan Resto,,ficellia maria,tempat nya bagus makanan nya oke tapi pelayan nya aneh awalnya foto pakai kamera ditegur trus saya lanjut foto pakai hp malah dilihatin terus sama orang kasir bikin tidak nyaman aneh banget kayak baru liat manusia aja,2,01/21/2026 06:40:37,ChIJWUBg-YlthzIRAzQCK6RuK94
Taman Kelong Cafe dan Resto,,Kadek Anggi Krisnawan,saya berkendara sekitar menit dari manado town square dan tiba di sebuah restoran yang dikelilingi oleh banyak tanaman hijau pemandangan perbukitan danau bahkan pegunungan pemandangannya sungguh indah taman kelong langsung menjadi tempat favorit saya di tomohon saya tidak mencoba makanannya karena saya datang tepat setelah makan siang tetapi suasananya saja sudah luar biasa suasananya sangat sejuk tenang dan menyegarkan cocok untuk bersantai dan menikmati alam tiket masuknya k dan bisa ditukar dengan makanan atau minuman di kafe bagus sekali areanya sangat luas banyak ruang untuk berjalanjalan dan menikmati pemandangan pasti layak untuk dikunjungi,5,01/17/2026 04:43:34,ChIJWUBg-YlthzIRAzQCK6RuK94
Taman Kelong Cafe dan Resto,,Spydi,sebuah objek wisata alam yang dikelilingi taman bunga dan danau dengan biaya masuk sebesar rp per orang bisa ditukar dengan air mineral botol ml dan kue bangket di sini juga terdapat restoran yang menawarkan berbagai macam makanan dan minuman terakhir kali saya berkunjung saya memesan daging sapi lada hitam dan spageti carbonara namun entah kenapa masakannya terasa terlalu asin namun pemandangan di sini sungguh menakjubkan sehingga cocok untuk dikunjungi bersama teman keluarga atau pasangan,5,01/16/2026 05:39:53,ChIJWUBg-YlthzIRAzQCK6RuK94
Taman Kelong Cafe dan Resto,,Rian Manus,tempat yang nyaman untuk liburan dan banyak spot foto,5,01/15/2026 03:00:04,ChIJWUBg-YlthzIRAzQCK6RuK94
Taman Kelong Cafe dan Resto,,Princessa Tundo,tempatnya sangat bagusmakananya sangatlah enak tersedia berbagai banyak makananmemiliki banyak tempat untuk berfoto dan pelayananya sangat ramah,5,01/13/2026 03:16:44,ChIJWUBg-YlthzIRAzQCK6RuK94
Taman Kelong Cafe dan Resto,,Agata Tundo,tepatnya sangat bangus indahsejuk dan nyaman pelayanannya ramah dan sopan makanannya enak dan tempatnya bersih juga memiliki banyak spot foto yang bagus,5,01/13/2026 02:58:22,ChIJWUBg-YlthzIRAzQCK6RuK94
Taman Kelong Cafe dan Resto,,Lestary Tindas,tempat ini sangat indah dan nyaman serta sejuk makanannya sangat enak cepat sampainya dan pelayanannya juga sangat baik,5,01/13/2026 02:06:02,ChIJWUBg-YlthzIRAzQCK6RuK94
Taman Kelong Cafe dan Resto,,Mii Mine,tempatnya bagus suasana alam yang natural biaya masuk rp rb px bisa ditukar ke air mineral atau kue tradisional tapi ketika ingin menukarkan tix seperti dipersulit kami sudah sampai di kasir yang di atas tidak diperkenankan menukar tix harus ditukar dibawah katanya kalau mau tukar tix disitu harus dikonsumsi disitu padahal hal anehnya kami hanya ingin menukarkan ke air mineral saja tapi tetap diperkenakan kalau mau tukar tix jadi air mineral harus diminum disitu notes there is pig barn nearby,1,01/10/2026 08:50:43,ChIJWUBg-YlthzIRAzQCK6RuK94
Taman Kelong Cafe dan Resto,,Gagah Triambodo,tempat yang nyaman dan santai,5,01/10/2026 00:43:38,ChIJWUBg-YlthzIRAzQCK6RuK94
Taman Kelong Cafe dan Resto,,borneo Div5,tidak rekomendasi pelayananya lama,1,01/09/2026 04:02:08,ChIJWUBg-YlthzIRAzQCK6RuK94
Taman Kelong Cafe dan Resto,,Salakory Christin,tolong diupdate jam bukanya ya kalau belum ready terima orderan makanan di jam kami nunggu jam loh untuk bisa order makanan perbaiki komunikasi antar petugas yang satu bilang jam sudah bisa order yang satu bilangnya setengah jam lagi,2,01/06/2026 04:26:45,ChIJWUBg-YlthzIRAzQCK6RuK94
Taman Kelong Cafe dan Resto,,Thekensh guy,tempatnya dan makanannya bagus tapi kenapa pesanannya lama banget sudah hampir jam saya menunggu tapi tidak datang,2,01/04/2026 11:43:12,ChIJWUBg-YlthzIRAzQCK6RuK94
Taman Kelong Cafe dan Resto,,Quincey xilia,ba tunggu makanan sama dengan ba antri sembakolma sekali,2,01/04/2026 05:25:03,ChIJWUBg-YlthzIRAzQCK6RuK94
Taman Kelong Cafe dan Resto,,Quensa Lumintang,pelayanan nya kurang dan menunggu makanan nya sampe jam lebih pdhl hanya nasi gorengsudah pesan lebih dulu tapi orang lain yg lebih dahulu kan,1,01/03/2026 10:44:48,ChIJWUBg-YlthzIRAzQCK6RuK94
Taman Kelong Cafe dan Resto,,Didit Pratiwi,,5,01/03/2026 08:18:27,ChIJWUBg-YlthzIRAzQCK6RuK94
Taman Kelong Cafe dan Resto,,Hans Bachtiar,suasana view nyaris bintang sayang alam yg sejuk terkontaminasi dengan bau peternakan yg menyengat,4,01/03/2026 08:12:28,ChIJWUBg-YlthzIRAzQCK6RuK94
Taman Kelong Cafe dan Resto,,Debby Sondakh,suasana pemandangan udara wow the best makanan ok kebersihan juga ok,5,12/27/2025 00:08:57,ChIJWUBg-YlthzIRAzQCK6RuK94
Taman Kelong Cafe dan Resto,,Caemae tida,tempat oke bgs buat santai foto foto tapi makanannya lama banget nyampe masalahnya meja yang nyampe belajangan makananya masa duluan sampai makanannya kita sudah mau sejam sudah bilang sampe x ke pelayannya tapi tetep msdh belum keluar juga parah orang jadi bad mood dari jam an order skrng sudah jam sore belum nyampe juga jam sdh menunggunya haduhh,3,12/26/2025 08:42:15,ChIJWUBg-YlthzIRAzQCK6RuK94
Taman Kelong Cafe dan Resto,,Bayu Sindrianata,makanannya enak viewnya bagus walaupun kurang tinggi tp ada tanaman n danau buatan yg bikin keliatan adem,5,11/29/2025 08:54:47,ChIJWUBg-YlthzIRAzQCK6RuK94
Taman Kelong Cafe dan Resto,,Ranggi Achdiat,tempatnya bagus pemandangannya sangat menakjubkan berbagai jenis tanaman untuk makanannya ayam kungpow dan cakalang rica adalah pilihan yang bagus,5,11/27/2025 12:05:13,ChIJWUBg-YlthzIRAzQCK6RuK94
Taman Kelong Cafe dan Resto,,Melody Mamonto,tempat mantap kurangnya di kopi sih ribu dpa kopi bgtu suasana deng pemandangan yg bagus sekali lansung dpa rasa ta iko deng kopi punya rasa selebihnya untuk pemandangan dll mantap,5,11/25/2025 22:53:33,ChIJWUBg-YlthzIRAzQCK6RuK94
Taman Kelong Cafe dan Resto,,elly sugiarta,tempat sejuk makanan lezat dan lengkap,5,11/24/2025 12:14:41,ChIJWUBg-YlthzIRAzQCK6RuK94
Taman Kelong Cafe dan Resto,,Bayu Wibisana,makanan enak minuman juga enak tempatnya nyaman,5,11/18/2025 16:00:18,ChIJWUBg-YlthzIRAzQCK6RuK94
Taman Kelong Cafe dan Resto,,Christa Widjaja,makanan enak patut dicoba,5,11/17/2025 13:44:14,ChIJWUBg-YlthzIRAzQCK6RuK94
Taman Kelong Cafe dan Resto,,KKH,datang ke sini karena rekomendasi teman cuacanya tidak sempurna tapi masih merupakan tempat yang bagus untuk mampir saat berkeliling kami tidak memesan makanan karena kami sudah kenyang ketika kami tiba dari tampilannya terlihat bagus dan disajikan dengan baik,5,11/16/2025 04:31:58,ChIJWUBg-YlthzIRAzQCK6RuK94
Taman Kelong Cafe dan Resto,,Jonathan Karwur,pelayanan yg sopan dan ramahhmakan cepat sajimantull bangetspv cantik,5,11/15/2025 11:21:27,ChIJWUBg-YlthzIRAzQCK6RuK94
Pizza Hut Restoran,,RATNA PALLE,pelayanan sangat memuaskan,5,01/14/2026 11:09:25,ChIJY3jxz28BhzIRvznpDxq_ZKY
Pizza Hut Restoran,,Gabriella Ezra Putri Prasetyo,sangat baik pelayanannya saya suka,5,01/13/2026 10:33:15,ChIJY3jxz28BhzIRvznpDxq_ZKY
Pizza Hut Restoran,,Chika Najoan,pizza hut bitung ok banget pelayanannya,5,01/11/2026 11:36:40,ChIJY3jxz28BhzIRvznpDxq_ZKY
Pizza Hut Restoran,,Olivia renti,cocok untuk kumpul keluargaaamantapp pizza masi dingin,5,01/11/2026 11:31:13,ChIJY3jxz28BhzIRvznpDxq_ZKY
Pizza Hut Restoran,,Gian Me,bagus terima kasih banyak saudari,5,01/11/2026 09:56:45,ChIJY3jxz28BhzIRvznpDxq_ZKY
Pizza Hut Restoran,,Maya Tevillahginsu,staffnya saangat ramah tempatnya bersih dan cepat pelayanan nya,5,01/11/2026 09:54:40,ChIJY3jxz28BhzIRvznpDxq_ZKY
Pizza Hut Restoran,,Fatir Djafar,tempat bersih pelayanan ramai polll makanannya enaak,5,01/10/2026 07:16:23,ChIJY3jxz28BhzIRvznpDxq_ZKY
Pizza Hut Restoran,,Keepflyy,sangat puas karena pelayanannya ramah dan pesanan saya cepat siap saya akan lebih sering kesini daripada domino,5,01/08/2026 11:27:00,ChIJY3jxz28BhzIRvznpDxq_ZKY
Pizza Hut Restoran,,Steven Husain,mantappp saya driver gojekk sllu ambilorderan di pizza hut bitungg selalu cepatttttdan karyawannya gercepp mantap,5,01/08/2026 11:14:36,ChIJY3jxz28BhzIRvznpDxq_ZKY
Pizza Hut Restoran,,Dniell,mantappp piza hut bitunggg,5,01/08/2026 09:19:18,ChIJY3jxz28BhzIRvznpDxq_ZKY
Pizza Hut Restoran,,Josef Wattimury,semuanya baik hanya saja sewaktu tidak tersedia minuman hangat,3,12/28/2025 00:43:54,ChIJY3jxz28BhzIRvznpDxq_ZKY
Pizza Hut Restoran,,FrisquellaRegina Sanjaya,kalo sudah bingung mau cari cemilan yg disukai anggota keluarga maka pilihannya jatuh ke pizza gampang semua suka dan cocok,4,12/27/2025 14:37:19,ChIJY3jxz28BhzIRvznpDxq_ZKY
Pizza Hut Restoran,,Reza Mokodompit,pelayanan yang ramah,5,12/22/2025 10:09:11,ChIJY3jxz28BhzIRvznpDxq_ZKY
Pizza Hut Restoran,,Febrian Yehezkiel Daniel,baik dan tidak mengecewakan,5,11/18/2025 10:28:43,ChIJY3jxz28BhzIRvznpDxq_ZKY
Pizza Hut Restoran,,Mark Lanongbuka,kasirnya sangat cantik,5,11/18/2025 08:38:39,ChIJY3jxz28BhzIRvznpDxq_ZKY
Pizza Hut Restoran,,Abdurr Suma,tempatnya nyaman ada smoking area jadi enak buat para perokok makanannya enak apalagi untuk pizza durian nya,5,11/18/2025 08:32:11,ChIJY3jxz28BhzIRvznpDxq_ZKY
Pizza Hut Restoran,,SUNNY HEO,pizza setengahsetengah hanya tersedia dalam satu set konfigurasi dan salad buahnya terasa seperti koktail buah jadi pizzanya ringan dan lezat namun manajer aula bertugas melayani aula sendirian jadi pizza disajikan lama setelah pizza keluar dan adonan sudah dingin,4,10/01/2025 05:30:16,ChIJY3jxz28BhzIRvznpDxq_ZKY
Pizza Hut Restoran,,Jennifer Aprily,cocok sekali untuk disantap bersama keluarga karena kalau tidak mampu beli sendiri besoknya ambil saja dan tetap enak,5,06/07/2025 19:23:44,ChIJY3jxz28BhzIRvznpDxq_ZKY
Pizza Hut Restoran,,Dzikrul Fikri,idola ini adalah pizza no ahhhhhhhh ramah dan ceria,5,04/21/2025 11:18:42,ChIJY3jxz28BhzIRvznpDxq_ZKY
Pizza Hut Restoran,,Gwain's World,menunya tidak lengkap,4,04/17/2025 10:18:45,ChIJY3jxz28BhzIRvznpDxq_ZKY
Pizza Hut Restoran,,Philippe Solages,karena tidak adanya restoran pizza lain di kota kami datang ke sini ya tuhan apakah jaringan ini tahu seperti apa rasa pizza yang sebenarnya sangat buruk dan terlebih lagi harganya mahal terakhir kali ini dijanjikan amerika dan sebaliknya meksiko dan kanada,1,04/04/2025 05:19:12,ChIJY3jxz28BhzIRvznpDxq_ZKY
Coto Makassar Phoenix Manado,,Gladies Theresia,cotonya enakkurangnya hnya menunya tidak ada harganyaada baiknya di taruh harga makanan dan minumanya,5,10/20/2025 12:15:33,ChIJDQk1EBl1hzIRY4GNJdUVUfo
Coto Makassar Phoenix Manado,,Yohanis Larungkondo,suasana yg nyaman,5,09/24/2025 17:12:40,ChIJDQk1EBl1hzIRY4GNJdUVUfo
Coto Makassar Phoenix Manado,,Grip Grip,pesan go food coto tidak di kasih tauco sangat mengecewakan,1,07/13/2025 05:22:12,ChIJDQk1EBl1hzIRY4GNJdUVUfo
Coto Makassar Phoenix Manado,,heidy Sisilia,nasi goreng asin sekali pas kompalin ke pelayan jawabannya bukan kita yang masak pelayanan kurang baik,1,07/11/2025 05:25:39,ChIJDQk1EBl1hzIRY4GNJdUVUfo
Coto Makassar Phoenix Manado,,Regina Beret,pesan ayam lalapan minta yg paha yg datang dada pelayan sudah respon tapi tidak di tulis nya pelayan pake headset pas komplain tidak sesuai pesanan nya pelayan sempat bawa makanan ke blakang lalu bcrita dengan kasir tidak lama kembali bawa makanan yg sama cuma dpa blg paha abis yg ini saja tnpa konfirmasi lebe dulu sblm membuat pesanan terpaksa makan karna sudah kelaparan beri masukan di kasir lain kali klo tidak ada konfirmasi dulu trus pesanan org kalo boleh ditulis nya kasir org papua cuma tatawa nya pandang enteng lalapan tidak enak nasi kering keras ayam kering asin coto makkasar lah harga mahal lalu tidak enak sekali lagi terpaksa makan krna sudah nae asam lambung terimakasih,1,06/23/2025 14:13:35,ChIJDQk1EBl1hzIRY4GNJdUVUfo
Coto Makassar Phoenix Manado,,Nur Deifi Datuela,harga mahal rasa biasa saja payah banget nyesel makan disni jangan datang lagi,1,05/14/2025 14:13:44,ChIJDQk1EBl1hzIRY4GNJdUVUfo
Coto Makassar Phoenix Manado,,Marchelline Fratama,mahal tp porsi seeutik kalo orang sunda bilang krn pernah nemu coto makassar yg daging nya besar tp cuma rb seporsi tp sayang pindah lokasi,4,04/10/2025 05:00:22,ChIJDQk1EBl1hzIRY4GNJdUVUfo
Coto Makassar Phoenix Manado,,Yulia Widyasari,cukup enak boleh untuk dicoba dagingnya sangat kecil seperti untuk gigitan anakanak tidak ada ac di dalam bebas rokok,5,12/22/2024 07:48:37,ChIJDQk1EBl1hzIRY4GNJdUVUfo
Coto Makassar Phoenix Manado,,Aldin Aldin,lebih cocok dibilang sup dibanding coto,1,11/28/2024 04:43:36,ChIJDQk1EBl1hzIRY4GNJdUVUfo
Coto Makassar Phoenix Manado,,Val Cute,legenda coto di manado,5,11/22/2024 10:00:33,ChIJDQk1EBl1hzIRY4GNJdUVUfo
Coto Makassar Phoenix Manado,,Cody Windy,buat bintang toko tidak wujud lagi d ditu kosongtutup,1,11/05/2024 11:42:56,ChIJDQk1EBl1hzIRY4GNJdUVUfo
Coto Makassar Phoenix Manado,,Joel Anderson,tempat ini memiliki coto terbaik di manado pelayanannya cepat dan makanannya enak selamat untuk pak robby dan stafnya,5,10/23/2024 14:48:43,ChIJDQk1EBl1hzIRY4GNJdUVUfo
Coto Makassar Phoenix Manado,,J.R Jeffry BOELOERAN,tidak seperti menu tahun yang lalu,4,09/06/2024 01:49:25,ChIJDQk1EBl1hzIRY4GNJdUVUfo
Coto Makassar Phoenix Manado,,Caroline Beasley,makanan enak pelayanannya cepat suasana estetic,5,08/30/2024 06:04:53,ChIJDQk1EBl1hzIRY4GNJdUVUfo
Coto Makassar Phoenix Manado,,Petter Hentongseke,coto biasa berkedok makasar kebanyakan vetsin kayak beda dengan coto makasar yang lain beda jauh lagi,1,05/06/2024 09:44:32,ChIJDQk1EBl1hzIRY4GNJdUVUfo
Coto Makassar Phoenix Manado,,Indra Kountur,tempatnya sudah lebih bersih dan nyaman pelayanan juga tetap ramah,5,01/11/2024 04:24:31,ChIJDQk1EBl1hzIRY4GNJdUVUfo
Coto Makassar Phoenix Manado,,Sergeyenev Manfred,menyajikan hidangan soto yang rasanya terus dipertahankan selama bertahuntahun,5,10/03/2023 04:20:20,ChIJDQk1EBl1hzIRY4GNJdUVUfo
Coto Makassar Phoenix Manado,,Donald Parengkuan,tempat makan coto favorit sebelum pandemi dan baru kali ini balik makan disini dan ternyata tempatnya sudah lebih modern dari sebelumnya untuk rasa sepertinya kuah agak encer dan tidak seperti dulu tapi untungnya bisa request tambah condiment seperti seledry dan bawang goreng jadi bisa racik kuahnya untuk harga lumayan tapi kalo bandingkan beli coto lain yang di foodcourt akhirnya sama saja tapi lebih fresh overall masih tetap suka dengan rasanya walau agak sedikit beda dari sebelumnya,5,09/25/2023 15:34:05,ChIJDQk1EBl1hzIRY4GNJdUVUfo
Coto Makassar Phoenix Manado,,Kerstan Djaja,bagi yang kangen dengan rasa coto makassar yang khas disini tempatnya terletak di pinggir jalan sam ratulangi rasa coto makassar nya daging nya banyak dan kuah nya sangat enak tidak hanya coto makassar tersedia juga pilihan makanan lain disini sangat recommended,5,07/02/2023 09:16:05,ChIJDQk1EBl1hzIRY4GNJdUVUfo
Coto Makassar Phoenix Manado,,Hertje Supit,cotto andalan kalau datang kemanadokalau mau pulang kawangkoan singgah dulu layanan biasa saja suasana mantap tidak terang benderang pokoknya mantap,5,06/20/2023 11:06:14,ChIJDQk1EBl1hzIRY4GNJdUVUfo
Coto Makassar Phoenix Manado,,Farno F Abdul,keistimewaan makassar,5,03/01/2023 12:34:20,ChIJDQk1EBl1hzIRY4GNJdUVUfo
Coto Makassar Phoenix Manado,,DON JUSTIN PITOY,dari tahun sampai rasanya masih sama,5,02/16/2023 01:57:42,ChIJDQk1EBl1hzIRY4GNJdUVUfo
Coto Makassar Phoenix Manado,,Steviana Kulas,jangan lupa kunjungi juga toko informa electronic megamall dapatkan promomenarik lainnya guys,5,01/28/2023 07:06:28,ChIJDQk1EBl1hzIRY4GNJdUVUfo
Coto Makassar Phoenix Manado,,Febry Fidelia,aku menyukainyauu cotto itu sangat bagus dan asli mereka akan menyajikan cotto dengan ketupat nasi kukus yang dibungkus daun kelapa ketupatnya akan disajikan secara terpisah dan anda dapat memilih berapa banyak ketupat yang anda inginkan minuman di sini biasa saja tapi cottonya enak sekali pelayannya kurang ramah banget waktu saya kesana jadi bintang untuk pelayanannya pembayaran kartu diterima,5,01/20/2023 12:46:23,ChIJDQk1EBl1hzIRY4GNJdUVUfo
Tomohon Grill,,Adnariko,tempatnya bagus dagingnya enak lagunya bagus memanggang sambil menikmati musik,5,12/17/2025 12:19:31,ChIJxwJDjQ5thzIRinWjKfRRCXs
Tomohon Grill,,Leontine Lobud,pelayanannya baik makannya enak,5,11/08/2025 10:27:23,ChIJxwJDjQ5thzIRinWjKfRRCXs
Tomohon Grill,,Yovanka N Manuhutu,tomohon grill keren,5,11/08/2025 10:25:28,ChIJxwJDjQ5thzIRinWjKfRRCXs
Tomohon Grill,,Vella Founder,harga dengan makanan tidak worth it bahan makanan seperti sudah rusak pada saat di sajikan utk kelas bbq tidak ada lettuce kimchi pelayanan dari pihak resto katanya resto katanya harus review bgs bru bonus ice cream,1,11/02/2025 04:41:56,ChIJxwJDjQ5thzIRinWjKfRRCXs
Tomohon Grill,,Clarence Rori,pelayanan sangat memuaskan sangat ramah,5,10/27/2025 10:39:56,ChIJxwJDjQ5thzIRinWjKfRRCXs
Tomohon Grill,,YT XLuB,enakk dan puas,5,10/25/2025 08:49:11,ChIJxwJDjQ5thzIRinWjKfRRCXs
Tomohon Grill,,Grace Ruth Alow,pelayanan baik tempat nyaman makanan enak,5,10/24/2025 13:14:34,ChIJxwJDjQ5thzIRinWjKfRRCXs
Tomohon Grill,,Juliana Sumanti,makanan enak ingin sekali datang ke sini lagi,5,10/22/2025 09:41:47,ChIJxwJDjQ5thzIRinWjKfRRCXs
Tomohon Grill,,Anugerah Christian Rompis,tempatnya bagus makanannya memuaskan pelayanan ok,5,10/22/2025 09:37:07,ChIJxwJDjQ5thzIRinWjKfRRCXs
Tomohon Grill,,Jessika Kaidun,best restaurant grill in tomohon north sulawesi,5,09/29/2025 11:38:29,ChIJxwJDjQ5thzIRinWjKfRRCXs
Tomohon Grill,,Calvin Wongso,tempatnya cozy dan makanannya enak,5,09/01/2025 12:32:07,ChIJxwJDjQ5thzIRinWjKfRRCXs
Tomohon Grill,,Brandon Saviola,tempatnya nyaman dan enak,5,09/01/2025 12:27:40,ChIJxwJDjQ5thzIRinWjKfRRCXs
Tomohon Grill,,Megi Tindangen,prosedur ngacooo mau makan biarr happy malah badmood sudah sadddd,1,08/17/2025 12:26:11,ChIJxwJDjQ5thzIRinWjKfRRCXs
Tomohon Grill,,Kimon 2005,semuanya baikbaik saja meskipun restorannya kosong tidak ada alasan untuk jera,5,08/01/2025 13:48:54,ChIJxwJDjQ5thzIRinWjKfRRCXs
Tomohon Grill,,Maria Maria,aku suka banget kesini loh cantik banget estetik dan instagramable kadang kesini sama keluarga kadang bareng temen kantor kadang bareng temen maen kalo kamu mau booking untuk acara khusus kamu bisa juga loh mungkin acara wisudaan lamaran ultah wedding meeting kantor tinggal hubungi aja itu nomer adminnya pudingnya wuiihh nagih gaess salad buah aduh seger banget apalagi cuaca panas gini ya side dish nya enakenak ada beef ayam mie lengkap deh trus kalo kamu ambil paket ya dagingnya alamaaakk banyaaak banget tidak pelit deh puas makan sampai kenyang bangeeet suasana cozy nyaman banget yadan private cocok untuk acara ultah wedding ataupun meeting kantor bisa banget ya dekorasinya cantik kekinian bagus untuk spot foto karena menampilkan konsep modern dan traditional bersamaan untuk yang mau acara wedding yang simple juga bisa loh untuk jumlah orang atau mau bikin acara lamaran romantis alaala barat seperti film titanic aduh cocok banget tau makanannya enak bersih pemandangan bagus cuma ribu per orang kamu bisa grill beef pork chicken sepuasnya seladanya seger gaess murah bangeeett ayolah buruan kesini aku sudah berkalikali kesini mulai dari ultah meeting kantor dan meet up bareng temen akuparkirnya luas ruang makannya lega makanannya top,5,07/31/2025 00:22:37,ChIJxwJDjQ5thzIRinWjKfRRCXs
Tomohon Grill,,Felicia Bella Kurniawan,saya biasanya tidak membuat ulasan buruk tapi ini sangat sangat buruk hanya saja jangan datang ke sini,1,07/20/2025 09:38:34,ChIJxwJDjQ5thzIRinWjKfRRCXs
Tomohon Grill,,Calvin Arthur,tempatnya nyama daging fresh semua bumbu saos enak recommended,5,06/26/2025 06:15:57,ChIJxwJDjQ5thzIRinWjKfRRCXs
Tomohon Grill,,R Alfin Zaneta Sumpena,tempatnya bersih bebas refill pelayanan ramah,5,06/21/2025 08:39:52,ChIJxwJDjQ5thzIRinWjKfRRCXs
Tomohon Grill,,Agung saputra sarniawan Hambali,bersih dan bagus,5,06/21/2025 08:36:49,ChIJxwJDjQ5thzIRinWjKfRRCXs
Tomohon Grill,,Roni Lie,tempat nyaman untuk kumpul keluarga makanan cocok di kita orang jakarta ada b,5,06/12/2025 12:30:09,ChIJxwJDjQ5thzIRinWjKfRRCXs
The Gade Coffee & Gold Bitung,,Zulkifli Tarimakase,keren tempatnya cocok bagi orang mau santai sambil menunggu teman,5,01/03/2026 06:24:13,ChIJaZQQZqIBhzIRhtl6NtMyBYo
The Gade Coffee & Gold Bitung,,ATG Paradise,selama di bitung langganan tiap malam ngopi v di sini cuma varian bean nya kurang cuma sedikit selebihnya ok tempat nyaman,5,12/25/2025 13:52:33,ChIJaZQQZqIBhzIRhtl6NtMyBYo
The Gade Coffee & Gold Bitung,,kevin learmonth,kafe yang bagus di bitung parkir di luar kafe memesan tembakan ganda flat white dan mangkuk nasi ayam teriyaki makanannya oke barista berhasil membuat kopi fw dengan baik memintanya menjadi panas dan dia hampir sampai kopi terasa oke kafe yang ditata dengan baik,4,07/09/2025 01:30:01,ChIJaZQQZqIBhzIRhtl6NtMyBYo
The Gade Coffee & Gold Bitung,,Rivaldi Mulia Rachman,base kopinya enak,5,02/24/2025 16:42:58,ChIJaZQQZqIBhzIRhtl6NtMyBYo
The Gade Coffee & Gold Bitung,,mac mcque,pisang goreng kopi yang enak dan saus yang sangat pedas,5,01/09/2025 02:47:12,ChIJaZQQZqIBhzIRhtl6NtMyBYo
The Gade Coffee & Gold Bitung,,Elliot Morgan,paul dan yesi sangat ramah dan baik hati kopinya enak dan mencoba camilan lokal wifi yang bagus juga,5,12/09/2024 03:01:46,ChIJaZQQZqIBhzIRhtl6NtMyBYo
The Gade Coffee & Gold Bitung,,Sisil Rompa,makanan dan minum enak recommended pelayanannya juga sangat baik tempatnya nyaman dan estetik,5,11/27/2024 06:04:25,ChIJaZQQZqIBhzIRhtl6NtMyBYo
The Gade Coffee & Gold Bitung,,Rafael Pinasang,sangat baikdan makanannya enakdan pelayanannya ramah,5,11/27/2024 04:56:13,ChIJaZQQZqIBhzIRhtl6NtMyBYo
The Gade Coffee & Gold Bitung,,Fanly Makagiansar,tempatnya bagus untuk nogkrong dan minumannya enak,5,11/26/2024 04:11:49,ChIJaZQQZqIBhzIRhtl6NtMyBYo
The Gade Coffee & Gold Bitung,,Lusi Maria,pelayanan bagus makanan enakkkk,5,11/25/2024 04:18:20,ChIJaZQQZqIBhzIRhtl6NtMyBYo
The Gade Coffee & Gold Bitung,,Ever Kaunang,rekommm matchaanyee wenakk,5,11/23/2024 14:44:11,ChIJaZQQZqIBhzIRhtl6NtMyBYo
The Gade Coffee & Gold Bitung,,diana lidia,aku suka banget kopi dan pisangnya enakkk,5,11/23/2024 07:03:36,ChIJaZQQZqIBhzIRhtl6NtMyBYo
The Gade Coffee & Gold Bitung,,Fajri Maulana Anugrah,saya mencoba kopi asin di sini dan itu sangat enak selain itu tempatnya sangat tenang sehingga anda bisa menggunakan tempat ini untuk membaca buku atau lainlain saya pasti akan kembali lagi mengunjungi tempat ini,5,11/23/2024 03:42:30,ChIJaZQQZqIBhzIRhtl6NtMyBYo
The Gade Coffee & Gold Bitung,,CCTV Manado,thax kopinya enak oke,5,11/22/2024 04:51:13,ChIJaZQQZqIBhzIRhtl6NtMyBYo
The Gade Coffee & Gold Bitung,,F LIANDRI,saya pergi ke tempat untuk acara apa pun yang terpenting saya suka kopinya minuman ekstra van leening moca,5,11/19/2024 04:28:30,ChIJaZQQZqIBhzIRhtl6NtMyBYo
The Gade Coffee & Gold Bitung,,Adie Siby,tempatnya nyaman,5,11/18/2024 14:42:27,ChIJaZQQZqIBhzIRhtl6NtMyBYo
The Gade Coffee & Gold Bitung,,Hasni Yunus,minuman nya enak dan fresh penyajiannya cepat kasir ramah,5,11/15/2024 05:06:39,ChIJaZQQZqIBhzIRhtl6NtMyBYo
The Gade Coffee & Gold Bitung,,Airmadidi Stockpoint,saya menyukainya,5,11/15/2024 02:07:01,ChIJaZQQZqIBhzIRhtl6NtMyBYo
The Gade Coffee & Gold Bitung,,Eric,servis yang bagus dan suasana nyaman makanan juga enak dan terjangkau,5,11/14/2024 10:19:57,ChIJaZQQZqIBhzIRhtl6NtMyBYo
The Gade Coffee & Gold Bitung,,ireyne Polii,favoritooo matchaaaaaa enakk poullll,5,11/11/2024 14:50:52,ChIJaZQQZqIBhzIRhtl6NtMyBYo
The Gade Coffee & Gold Bitung,,Luciana Leonard,rice bowl nya enak,5,11/11/2024 12:06:16,ChIJaZQQZqIBhzIRhtl6NtMyBYo
The Gade Coffee & Gold Bitung,,Cl,kopi yang enak cium aromanya staf yang ramah dan akan merekomendasikan barang bagus suasana dingin yang menyenangkan ingin datang lagi lain kali,5,11/07/2024 03:10:40,ChIJaZQQZqIBhzIRhtl6NtMyBYo
RM Sahabat Nelayan - Ikan Bakar,,Yanni Rahayu,rm sahabat nelayan di manado adalah satu tempat makan favorit yang menyajikan hidangan ikan bakar dan seafood lainnya,5,09/30/2025 08:24:10,ChIJyRmZwuafhzIRpwWXfT9kiWQ
RM Sahabat Nelayan - Ikan Bakar,,YORKS,cumi wokuwoku yang lezat sambil menyaksikan langit matahari terbenam di luar restoran tanpa katakata sempurna,5,11/02/2024 10:28:55,ChIJyRmZwuafhzIRpwWXfT9kiWQ
RM Sahabat Nelayan - Ikan Bakar,,Devita Ratag,dulu makan disini sekitar tahun yg lalu makananya enak tapi pas balik sekitar seminggu lalu makan lagi dsini pelayanan nya ngak seperti dulu lagi mana makanannya hambar dan lebih parahnya lagi nasi yg di sajikan sudah dingin,1,09/19/2024 01:59:10,ChIJyRmZwuafhzIRpwWXfT9kiWQ
RM Sahabat Nelayan - Ikan Bakar,,Pharrusu id,pelayanan baik tempat bersih,5,09/06/2024 10:39:27,ChIJyRmZwuafhzIRpwWXfT9kiWQ
RM Sahabat Nelayan - Ikan Bakar,,John Runturambi,pesan bungkus hasilnya ikan bakar asin dabu asin terpaksa makan nasi sama sayur kangkung,1,06/23/2024 12:24:17,ChIJyRmZwuafhzIRpwWXfT9kiWQ
RM Sahabat Nelayan - Ikan Bakar,,Melani Adrian,our fave restaurant ikannya segar tumis kangkungnya enak sayang sudah tidak ada promo gratis es teh sama jaringan wifinya jg rusak tapi overall dr makanan pelayanan sama atmosfernya,5,05/30/2024 05:17:42,ChIJyRmZwuafhzIRpwWXfT9kiWQ
RM Sahabat Nelayan - Ikan Bakar,,Milky Way,sekedar saran harusnya kalau makanan yg pesan antar gofood pakai dos bukan hanya pakai tas plastik apalagi kan ini lagi pasca erupsi gunung pakai kesadaran lah sedikitabu lagi beterbangan dimanamana kalau makanan dalam dos kan lebih aman rm laiinya kalau pesan antar taruhnya di dos,3,04/30/2024 13:11:29,ChIJyRmZwuafhzIRpwWXfT9kiWQ
RM Sahabat Nelayan - Ikan Bakar,,Solafide Dylan Sukarame,makanan enak tapi pelayanan sangat lama,3,03/29/2024 06:03:07,ChIJyRmZwuafhzIRpwWXfT9kiWQ
RM Sahabat Nelayan - Ikan Bakar,,Harry Budihardjo,sup talas dan bobara lao sangat lezat,5,06/13/2023 11:15:41,ChIJyRmZwuafhzIRpwWXfT9kiWQ
RM Sahabat Nelayan - Ikan Bakar,,Daniel R,tempatnya kotor banyak minyak banyak semut lalat pelayanan tidak ramah proses masak makanan sangat lama sangat jauh dari nyaman makanya sudah mulai sepi tidak rekomended,1,05/06/2023 05:21:07,ChIJyRmZwuafhzIRpwWXfT9kiWQ
RM Sahabat Nelayan - Ikan Bakar,,PERDANA DALAWA,makanannya enak pelayanan baik,5,04/29/2023 08:13:45,ChIJyRmZwuafhzIRpwWXfT9kiWQ
RM Sahabat Nelayan - Ikan Bakar,,Siswanto 86,enak dan sangat ramai pengunjung,4,04/28/2023 04:35:40,ChIJyRmZwuafhzIRpwWXfT9kiWQ
RM Sahabat Nelayan - Ikan Bakar,,sherly tampian,tuna rahang mereka sempurna dan sambal bakar rica juga enak tapi saya tidak suka dabu,4,02/12/2023 01:29:42,ChIJyRmZwuafhzIRpwWXfT9kiWQ
RM Sahabat Nelayan - Ikan Bakar,,agus timbuleng,satu tempat makan ikan laut dikota manado,5,01/25/2023 22:34:38,ChIJyRmZwuafhzIRpwWXfT9kiWQ
RM Sahabat Nelayan - Ikan Bakar,,Edwin Rey,pertama kalinya tapi langsung berkesan,5,01/06/2023 10:57:57,ChIJyRmZwuafhzIRpwWXfT9kiWQ
RM Sahabat Nelayan - Ikan Bakar,,Erni Viana,makanan enak ikannya segar gratis acar dan sup betetalas ambil sendiri kami pesan ikan bobara bakar dan kerapu tingkat kematangannya pas makanan datang agak lama ya karna mungkin harus di bakar dulu bersama pesanan lainnya sayur kangkungnya enak sayang porsi sayut kangkungnya sedikit sekali,4,01/01/2023 08:50:35,ChIJyRmZwuafhzIRpwWXfT9kiWQ
Gardenia Country Inn,,Carmen Sprus,sayangnya ini adalah pengalaman akomodasi terburuk sepanjang perjalanan kami di indonesia hotel ini jelas sangat tua sekitar tahun dan sayangnya terlihat di manamana kami menyampaikan kekhawatiran kami selama kami menginap namun tidak menerima tanggapan atau reaksi apa pun yang sangat mengecewakan ketika kami tiba kami adalah satusatunya tamu dan seluruh properti terasa sepi tidak ada minuman selamat datang dan yang terpenting restorannya tutup padahal tempat ini banyak diiklankan dan terkenal hal ini sama sekali tidak dikomunikasikan kepada kami padahal sudah melakukan kontak langsung sebelum kedatangan kami di kamar kami kami menemukan hewan mati yang menarik perhatian semut kami memahami kedekatan dengan alam namun hal ini sama sekali tidak dapat diterima untuk hotel yang mengenakan tarif rp per malam kami telah menginap di hotelhotel di indonesia yang tiga kali lebih bagus dengan seperempat harga satusatunya aspek positifnya adalah tempat ini dapat direkomendasikan untuk sarapan atau makan siang saja karena pemandangannya indah dan stafnya ramah dan baik hati namun pemilik harus serius mempertimbangkan kembali untuk menetapkan harga setinggi itu karena nilai yang ditawarkan jauh dari apa yang diiklankan secara keseluruhan sangat mengecewakan,2,01/10/2026 05:36:40,ChIJWyuBs5RshzIRsLaRoM5O4Rg
Gardenia Country Inn,,Andreta Talita,pesan makanannya lama sekali giliran sudah datang lauknya nasinya datang stengah jam kemudian padahal sebelumnya pelayanannya blg klo pesan makan tidak terlalu lama buat yang lapar mending nyari tempat lain disini bagusnya datang foto doang,1,12/27/2025 08:19:52,ChIJWyuBs5RshzIRsLaRoM5O4Rg
Gardenia Country Inn,,Jolijn De Heer,sarapan terbaik di seluruh sulawesi,5,11/15/2025 05:25:43,ChIJWyuBs5RshzIRsLaRoM5O4Rg
Gardenia Country Inn,,Sylvie PEIZERAT,tempat luar biasa untuk menginap atau sekadar makan siang,5,11/04/2025 21:00:28,ChIJWyuBs5RshzIRsLaRoM5O4Rg
Gardenia Country Inn,,Rainer Schmucker,layanan sangat tidak dapat diandalkan setelah menunggu lama hidangan utama kami pun tiba saat kami siap hidangan pembuka tiba sup ikan saya sebagian besar terdiri dari kepala ikan yang dibelah dua,2,10/02/2025 13:30:15,ChIJWyuBs5RshzIRsLaRoM5O4Rg
Gardenia Country Inn,,Lody Ticoalu,to those that rating this business with or even star do bear in mind that they just classified the establishment under stars category sudah definitely they cant keep up with your expectations dearly beloved karens saya sendiri belum sampai di tempat ini tapi karena saya juga bagian dari sebuah manajemen hospitality tentunya saya mengerti bahwa pemilik dan staff bisnis ini tidak mungkin memuaskan semua yang berkunjungmenginap di tempat ini therefore a stars over reading most of other reviewers would justified enough keepitup,5,09/22/2025 02:08:36,ChIJWyuBs5RshzIRsLaRoM5O4Rg
Gardenia Country Inn,,Akbar Hidayatullah,lokasi yg indah untuk di kunjungi,5,09/21/2025 06:35:06,ChIJWyuBs5RshzIRsLaRoM5O4Rg
Gardenia Country Inn,,Rehard Nur Arbiyudha,tempat yang indah,5,09/21/2025 01:16:19,ChIJWyuBs5RshzIRsLaRoM5O4Rg
Gardenia Country Inn,,Lestari Dewi,salad kacang ragey iga spageti saus tradisionalnya pemenang,5,08/20/2025 08:34:23,ChIJWyuBs5RshzIRsLaRoM5O4Rg
Gardenia Country Inn,,Paul Zwinkels,pondok yang bagus di taman yang indah makanannya sangat enak sarapan juga dengan banyak buah segar,5,07/27/2025 11:21:50,ChIJWyuBs5RshzIRsLaRoM5O4Rg
Gardenia Country Inn,,S vd Giessen,lingkungan bagus tetapi anda harus menunggu lebih dari satu jam untuk makanan anda harap pertimbangkan hal ini atau pesan terlebih dahulu staf yang ramah makanannya cukup mahal dan tidak terlalu istimewa makanan saya tidak lagi hangat saat disajikan,3,07/22/2025 05:49:14,ChIJWyuBs5RshzIRsLaRoM5O4Rg
Gardenia Country Inn,,Silke Schmitt,kami dulu sering pergi ke restoran taman dan pemandangannya sangat indah hari ini kami menunggu lebih dari menit untuk minum teh dan lebih dari jam untuk makan mie kuah sederhana meskipun tidak ada tamu ketika kami tiba pemeliharaan sekarang juga menyisakan banyak hal yang diinginkan kualitas makanannya juga tidak lagi sama,2,07/16/2025 10:08:25,ChIJWyuBs5RshzIRsLaRoM5O4Rg
Gardenia Country Inn,,T0mmie,bagian utara sulawesi tidak dipenuhi wisatawan mungkin itulah sebabnya pilihan hotel tidak terlalu banyak gardenia menonjol karena satu hal istimewa yang dimilikinya kebunnya oleh karena itu namanya setibanya di sana anda duduk di ruang makan utama yang juga berfungsi sebagai lobi dan sebagai tempat bersantai setelah minuman selamat datang anda mendapatkan kunci anda hanya untuk mengetahui bahwa barang bawaan anda sudah ada di kamar anda kami memiliki kamar seperti pondok di sebuah bangunan kecil yang terdiri dari tiga orang kami tinggal di sini selama tiga malam terdapat ruang tamu dengan sofa dan meja dengan kursi kulkas dan fasilitas kopiteh juga anda akan menemukan cukup botol air kamar selanjutnya adalah kamar tidur yang cukup luas di kamar tidur ada pintu belakang di kamar tidur anda juga akan menemukan wastafel cuci di sebelahnya ada pancuran dan toilet di balik pintu terpisah kamar mandinya sangat bagus dan panas tempat tidurnya tidur sangat nyenyak ini berukuran king dan cukup lembut namun secara keseluruhan tempat ini sudah tua dan usang dan perlu ditingkatkan dini hari anda mendapat beberapa opsi untuk membangunkan anda ada mushola yang mengumandangkan adzan ada kompleks militer terdekat yang membunyikan terompet dan juga banyak burung yang menghuni taman namun kebisingan ini bersifat subjektif hal itu tidak terlalu mengganggu kami seperti disebutkan taman benarbenar sesuatu yang patut dikagumi kami diberitahu bahwa mereka memiliki staf yang mengerjakannya dan itu terlihat ada begitu banyak bunga dan kolam yang indah begitu banyak keragaman dan semua burung yang anda lihat membuatnya sungguh menakjubkan duduk saja di luar di teras kecil anda untuk menikmati semuanya kami makan malam di sini setiap malam karena tidak banyak pilihan makanannya oke dan ada pilihan untuk semua orang hanya saja tidak disajikan panas luke paling hangat anda dapat meminta untuk menghangatkannya mereka memiliki microwavesarapannya sederhana tetapi dengan pilihan buahbuahan dan jus ada sesuatu untuk semua orang mereka membuat telur pilihan anda dan semua itu sekali lagi menghadap ke taman yang indah ini namun juga gunung lokon yang terkadang hilang sama sekali di balik awan saat cuaca berubah saat itu terjadi dan hujan mulai turun kamu bisa membawa payung untuk mencapai kamarmu dalam keadaan keringkamu bisa mendapatkan pilihan minuman dengan harga terjangkau untuk dinikmati baik di area pusat atau di kamarmujuga di situs ini ada semacam perpustakaan tempat kamu bisa duduk dan bersantai satu dari banyak pilihan untuk itu anda memerlukan obat nyamuk terutama pada malam hari jadi bawalah secukupnya secara keseluruhan hotel yang bagus dengan taman sebagai daya tarik utamanyajika menurut anda ulasan ini bermanfaat silakan pilih bermanfaat jadi saya tahu saya dapat membantu anda nikmati masa tinggal anda,3,06/28/2025 23:59:59,ChIJWyuBs5RshzIRsLaRoM5O4Rg
Gardenia Country Inn,,Hansye Mokalu,sangat baik untuk liburan jika anda mencari tempat yang tenang dengan alam yang masih terjaga,5,06/14/2025 13:48:21,ChIJWyuBs5RshzIRsLaRoM5O4Rg
Gardenia Country Inn,,Kristian Hansen,telah menempuh perjalanan ke sulawesi selama tahun dan tugas saya adalah mendokumentasikan pariwisata dan akomodasi ketika anda datang ke sini anda akan bertanyatanya mengapa anda tidak datang ke sini lebih awal tempat ini dipelihara dan dijalankan dengan sangat indah makanannya membuatku terpesona sangat segar dan lezat pemilik yang manis telah menjalankan ini bersama keluarga stafnya selama tahun per malam semuanya sepadan saya datang ke sini selama malam dan segera menginap minggu datang ke sini jika anda seorang musafir dan menghargai alam dan alam terbuka tidak jika anda seorang turis dan hanya mengharapkan kemewahan,5,05/21/2025 13:37:01,ChIJWyuBs5RshzIRsLaRoM5O4Rg
Gardenia Country Inn,,Bilpo,jangan pernah berpikir untuk makan siang di sini di masa depan butuh waktu jam untuk melayani pesanan memutuskan untuk mengambil makanannya anehnya rasanya tidak sebanding dengan kesabaran jam,1,04/26/2025 17:57:51,ChIJWyuBs5RshzIRsLaRoM5O4Rg
Gardenia Country Inn,,Charisma Christy,tidak ramah dan butuh waktu jam dan menit untuk menyajikan makan siang kami,1,04/06/2025 07:39:51,ChIJWyuBs5RshzIRsLaRoM5O4Rg
Gardenia Country Inn,,IanWriter,gardenia country inn adalah hotel yang santai dan nyaman dengan kamarkamar menyenangkan dalam gaya konstruksi kayu lokal hotel ini memiliki tamantaman indah yang jelas merupakan hasil kerja keras pemiliknya selama puluhan tahun anda dapat menjelajahi koleksi bunga yang luar biasa kolam dan sungai serta banyak tanaman spesimen yang bagus ini adalah taman kelas dunia setara dengan beberapa yang terbaik di tempat lain di duniasaya pikir makanannya sangat lezat dan saya terutama merekomendasikan smoothie buah ini benarbenar yang terbaik yang pernah saya rasakan di mana punini adalah pengalaman menginap yang menyenangkan,4,03/28/2025 23:59:59,ChIJWyuBs5RshzIRsLaRoM5O4Rg
Gardenia Country Inn,,Darmadi Chandra,tempat yang bagus terasa begitu tenteram dan damai,5,03/22/2025 02:06:04,ChIJWyuBs5RshzIRsLaRoM5O4Rg
Gardenia Country Inn,,Frank Persijn,taman yang indah dengan burung istimewa,1,03/01/2025 11:55:32,ChIJWyuBs5RshzIRsLaRoM5O4Rg
Gardenia Country Inn,,Dave,tempatnya bagus makanannya lebih enak lagi datang dari texas dan mengobrol baik dengan staf dan pemilik orangorang yang sangat rendah hati dan suasana yang menyenangkan di sekitar banyak bunga dan pemandangan jadi datang bersama keluarga teman istri pacar adalah suatu keharusan,5,02/18/2025 08:04:42,ChIJWyuBs5RshzIRsLaRoM5O4Rg
Gardenia Country Inn,,Guido Silvester Adrian Christanto,roomnya homy makanan agak menunggu lama viewnya cakep bgt harga sedikit tinggi,4,01/29/2025 12:45:29,ChIJWyuBs5RshzIRsLaRoM5O4Rg
Gardenia Country Inn,,Sky Phoa,pemandangan sangat bagus cocok untuk keluarga dan orang tua taman sangat baik dan rapi petugasmya juga ramah,4,01/26/2025 13:09:38,ChIJWyuBs5RshzIRsLaRoM5O4Rg
Gardenia Country Inn,,Augenblick Mal,tempat yang indah di ketinggian sulawesi utara,4,01/15/2025 20:49:04,ChIJWyuBs5RshzIRsLaRoM5O4Rg
Gardenia Country Inn,,Andreas (Birnboim),hotel dan bungalownya terletak di taman yang sangat indah lebih mirip kebun raya anda bisa dengan cepat menuju kota di mana terdapat supermarket dan kesempatan untuk makan di luar pelayanannya ramah tapi harus putuskan jam sore apakah anda ingin makan malam dan sesuatu dari menu yang tidak kami sadari karena kami ingin tetap fleksibel kamarnya besar namun sangat sederhana karena lokasinya kami menjumpai beberapa semut dan kecoa di dalam kamar sarapannya paling mudah di perjalanan kami sejauh ini sayangnya tidak ada pilihan untuk meminta telur goreng atau sejenisnya ada tanda yang menunjukkan hal itu tapi sudah dihapus senang rasanya mendapat kesempatan menghabiskan waktu di ruang baca,4,10/21/2024 06:18:58,ChIJWyuBs5RshzIRsLaRoM5O4Rg
Gardenia Country Inn,,S J,membawa tempat telinga tempat ini kembali ke pangkalan militer setiap hari jam pagi speaker tannoy yang sangat keras dengan musik dan pembicaraan yang berlangsung selama beberapa waktu lokasinya juga dekat dengan jalan utama sehingga anda dapat mendengar pengeras suara setiap gereja sepeda motor dan pesta penduduk setempat seperti anda berada di kamar bersama mereka tempatnya terdiri dari serangkaian kabin kayu yang tersebar di sekitar taman besar kabinnya sederhana mereka menyediakan air gratis dan sejumlah kecil perlengkapan mandi ada kulkas teras kamar mandi dengan bathtub dan shower tidak ada ac hanya kipas angin meja tapi tidak terlalu dibutuhkan karena udara di sini lebih sejuk tidak ada brankas dan siapa pun dapat masuk ke dalam lokasi dari luar karena tidak ada staf yang mengawasi taman di sini sangat indah dengan banyak tanaman berbeda fitur air dan banyak jenis burung sarapannya kecil dan sederhana tapi memadai saya tidak akan tinggal di sini lagi terutama karena kebisingannya bahkan dengan penutup telinga dan bantal di atas kepala anda anda dapat mendengarnya karena kabinnya terbuat dari papan kayu sederhana dengan celah dan kaca tunggal sehingga kebisingan tetap terdengar juga a pada hari pertama kami tidak memiliki air dan hari kedua tidak ada listrikyang telah teratasi tetapi ketika anda berdiri di kamar mandi telanjang dan tidak ada air atau listrik dan tidak ada cara untuk menelepon resepsionis karena tidak ada telepon di kamar itu tidak terlalu menyenangkan b kamar mandi di kabin sudah lelah dan kotor steker baskom tidak berfungsi pancuran bocor dan muncrat ke berbagai arah jamur di nat ubin lubang di ubin tempat barangbarang sebelumnya dibor dan jatuh kabel tua meliukliuk di sepanjang bagian dinding kamar mandi umumnya lembap dan tidak mengundang,2,10/21/2024 00:26:42,ChIJWyuBs5RshzIRsLaRoM5O4Rg
Gardenia Country Inn,,Camper45120045482,taman yang indah dan pemandangan gunung berapi tapi terlalu mahal dan dalam banyak hal tidak memenuhi standar lagi tidak ada resepsionis tidak ada informasi pada saat kedatangan tidak ada manajemen di sekitar staf yang ramah restoran yang sangat buruk tidak ada pilihan minuman lembut atau lainnya yang tersedia tidak ada pilihan makanan seprai kotor terlalu berisik di malam hari disko musik keras hampir sepanjang malam lalu lintas karena bungalo di sudut terjauh taman semut di bungalo yang lain harus membersihkan lantai sendiri sebelum masuk pertama tidak ada perlindungan nyamuk yang ditawarkan misalnya jaring spiral dupa dll botol plastik kecil sebagai pengganti sistem air isi ulang sarapan prasmanan yang relatif buruk karena layanan isi ulang yang tidak memadai sesuai dengan jumlah tamu kemungkinan waktu sarapan pertama terlambat untuk tamasya tidak cukup staf di dapur,2,10/19/2024 23:59:59,ChIJWyuBs5RshzIRsLaRoM5O4Rg
Gardenia Country Inn,,ferdinad van draanen,lingkungan yang bagus untuk pecinta alam dan ketenangan,5,10/19/2024 17:42:22,ChIJWyuBs5RshzIRsLaRoM5O4Rg
Gardenia Country Inn,,Terence V Draanen,tempat super bagus dengan semua rumah kayu tidak super mewah tapi semuanya bersih dan rapi dan stafnya super ramah dan membantu sangat direkomendasikan untuk menginap di sini,4,10/16/2024 23:19:21,ChIJWyuBs5RshzIRsLaRoM5O4Rg
"Mie Ba Nabati, Bitung",,Zide Chan,klo mau coba kuliner non halal plg enak silahkn mereka dsni mienya kenyal homemade tanpa bahan pengawet babi tore sama beg gorengnya juara sekali dan harga trjangkau,5,12/16/2025 03:27:15,ChIJx9DhtZUBhzIR5Ip47gJXpUI
"Mie Ba Nabati, Bitung",,Emily Chan71,mienya gurih dan kenyal tapi tidak ada sayur daging tumis atau daun kunyit ibarat makan mie dengan topping kuah daging babi,3,12/04/2025 12:08:37,ChIJx9DhtZUBhzIR5Ip47gJXpUI
"Mie Ba Nabati, Bitung",,Dung Nguyen,punya pengalaman bagus di sini awalnya ada sedikit kendala bahasa sampai bosnya sendiri yang datang dan menjelaskan menu dengan baik dalam bahasa inggris mereka menanggapi keinginan dan intoleransi kami tempat terpencil yang sejuk jika anda tidak takut melihat sisi buruk bitung anda akan dihadiahi dengan masyarakatnya yang ramah dan makanannya yang lezat,5,08/12/2025 15:07:27,ChIJx9DhtZUBhzIR5Ip47gJXpUI
"Mie Ba Nabati, Bitung",,Iyan Mulyadi,mie ba nabati layak dicoba rasa mienya enak dan yang paling penting tidak bikin sakit lambungjarangjarang ada mie seperti ini cocok buat yang punya masalah lambung tapi tetap pengen makan mie nikmat memang ada beberapa hal yang perlu diperhatikan lokasi berada di area padat penduduk jadi suasananya cukup ramai dan parkirnya agak sempit harganya sedikit di atas ratarata tapi masih tergolong wajar untuk kualitas yang ditawarkan,4,07/07/2025 14:01:51,ChIJx9DhtZUBhzIR5Ip47gJXpUI
"Mie Ba Nabati, Bitung",,akun Grab,semoga owner cepat bertobat tidak bagus ba dekat pada orang sangat laki,1,07/03/2025 07:19:48,ChIJx9DhtZUBhzIR5Ip47gJXpUI
"Mie Ba Nabati, Bitung",,Ferdinand Dende,mie ba terenak dan terbaik seantero sulawesi bahkan seindonesia deh kayaknyasudah buka lebih dari tahun dan selalu mengedepankan kwalitas rasa pelayanan dan kebersihan pokoknya enak sekaliii dijamin sekali makan akan terus tersimpan diingatan,5,06/16/2025 11:18:54,ChIJx9DhtZUBhzIR5Ip47gJXpUI
"Mie Ba Nabati, Bitung",,Lady Francesca,mie ba paling enak di bitung,5,06/16/2025 11:16:02,ChIJx9DhtZUBhzIR5Ip47gJXpUI
"Mie Ba Nabati, Bitung",,Virdigan Nerde,mie nya enak khnyal dan tanpa bahan pengawet asli enak banget dengan topping olahan b tidak ada lawannya owner dan karyawannya ramah dan pelayanan mantap,5,06/16/2025 11:13:56,ChIJx9DhtZUBhzIR5Ip47gJXpUI
"Mie Ba Nabati, Bitung",,Eirene Taniwang,yang sudah pernah makan di sini pasti tau nya rasa the best sekali mie homemade seng adalawan di manapun saking nya rasa terlalu enak,5,06/16/2025 10:59:23,ChIJx9DhtZUBhzIR5Ip47gJXpUI
"Mie Ba Nabati, Bitung",,Alena Jenan,nanya ke temen kulineran enak dimana terus ada yg ngasih saran disini untuk makanannya enak agak unik gitu mie nya kayak udon tapi pas kesana ke agak tidak srek sama owner nya gatau ya itu owner nya apa bukan mba ibu yang agak gendut gitu yang tattoan kek judes banget minimal kalo punya usaha di bidang fnb kek gini itu murah senyum lah ke pelanggan biar pelanggannya tidak lari tapi ini yaampunn minimal senyum mba kan jadi takut ye pelanggan wkwk,1,06/16/2025 03:50:14,ChIJx9DhtZUBhzIR5Ip47gJXpUI
"Mie Ba Nabati, Bitung",,Nina Ri,mienya benarbenar enak saya makan mie ce spesial dengan telur sungguh enak,5,12/30/2024 07:34:59,ChIJx9DhtZUBhzIR5Ip47gJXpUI
"Mie Ba Nabati, Bitung",,Liany Hui,mienya unik dengan udon tapi tidak eneg cocoknya pesan versi jumbo klapertartnya juga best segini gede hanya ribu,4,12/17/2024 10:33:09,ChIJx9DhtZUBhzIR5Ip47gJXpUI
"Mie Ba Nabati, Bitung",,Jonathan B,makanan yang sangat lezat sangat direkomendasikan sebagai perubahan pelayanannya sangat bagus dan akomodatif saya menikmati makan di sini terima kasih banyak,5,08/06/2024 03:40:09,ChIJx9DhtZUBhzIR5Ip47gJXpUI
"Mie Ba Nabati, Bitung",,Rainhard,sangat tidak profesional jam lebih ba tunggu makanan lebih utamakan yang makan di tempat dibanding yang bungkus serta makanan siap ternyata masih ada pesanan yang kurang alhasil menunggu lagi serta semua pesanan lengkap tidak ada uang kecil disuruh tukar ke warung depan biarleh makanan enak tapi kalo pelayanan begini justru membuat kecewa,1,06/13/2024 10:47:41,ChIJx9DhtZUBhzIR5Ip47gJXpUI
"Mie Ba Nabati, Bitung",,Tayara Toesang,pelayanan ramah nya rasa enak sekalianan,5,04/09/2024 00:08:20,ChIJx9DhtZUBhzIR5Ip47gJXpUI
"Mie Ba Nabati, Bitung",,Roy Tengor,pelayanan sangat buruk,1,03/29/2024 09:16:21,ChIJx9DhtZUBhzIR5Ip47gJXpUI
"Mie Ba Nabati, Bitung",,Mark Emerson,yang terbaik yang pernah ada,5,10/15/2023 05:08:19,ChIJx9DhtZUBhzIR5Ip47gJXpUI
"Mie Ba Nabati, Bitung",,Christian,tempat makan terkenal di bitung soto ba nya not bad lah,4,06/04/2023 11:57:22,ChIJx9DhtZUBhzIR5Ip47gJXpUI
"Mie Ba Nabati, Bitung",,Donald Rian,walaupun lokasinya masuk ke dalam gang tapi enak makanan nya,5,04/27/2023 14:27:19,ChIJx9DhtZUBhzIR5Ip47gJXpUI
"Mie Ba Nabati, Bitung",,Y3S Story,menu mie ba yang enak sering kesini walaupun tempatnya di kompleks rumah warga yg cukup padat tapi rasanya tetap enak,5,04/18/2023 14:02:58,ChIJx9DhtZUBhzIR5Ip47gJXpUI
Kios Pelangi Wakeke,,Nurman Riyadi Rahman,ini tempat terbaik buat makan bubur manado enak banget buburnya porsi sayurnya juga banyak banget bisa dibilang termasuk makanan sehatlah ini wkwk paling mantep dicampur sama ikan nike nya beuhhh tidak lawan lahh pokoknya,5,01/04/2026 04:16:35,ChIJdSMSxxV1hzIRfQa9Hbb3eaw
Kios Pelangi Wakeke,,Jehan Bram,tempat sarapan langganan tiap visit manado krn dateng vasti pas subuh rajin buka pagi keep it good,5,12/17/2025 11:43:16,ChIJdSMSxxV1hzIRfQa9Hbb3eaw
Kios Pelangi Wakeke,,kayla alexandra and mochi,jadi saya duduk lama sekali dan tidak ada yang datang karena menunya jadi saya pikir hanya kamu yang datang untuk duduk,1,12/14/2025 05:28:09,ChIJdSMSxxV1hzIRfQa9Hbb3eaw
Kios Pelangi Wakeke,,hakimetentara,pertama kali kesini dan enaak,5,12/06/2025 00:37:15,ChIJdSMSxxV1hzIRfQa9Hbb3eaw
Kios Pelangi Wakeke,,Marlindah J A Sumampow,saya suka keripik pisang gorohonya,5,11/08/2025 08:09:38,ChIJdSMSxxV1hzIRfQa9Hbb3eaw
Kios Pelangi Wakeke,,Cindy Lontoh,makanan tinutuan campur enak rbporsi sambal roa bakasangnya enak mie ayam tore rbporsi berharap mirip mie ayam tore legend ie soa tp ternyata belum mirip rasanya venue dulu makan disini belum kayak sekarang yg tampilannya kayak cafe lebih bagus harga lumayan mahal untuk tinutuan harga cafe lah dan harga masih kena pajak rest pelayanan lumayan cepat,5,10/30/2025 07:01:32,ChIJdSMSxxV1hzIRfQa9Hbb3eaw
Kios Pelangi Wakeke,,mario vegas,bubur manado nya enak,5,09/07/2025 09:51:18,ChIJdSMSxxV1hzIRfQa9Hbb3eaw
Kios Pelangi Wakeke,,Sams Bahri,tempat makan makanan khas manado salah satunya yg rekomended adalah bubur manado atau orang manado bilang tinutuan belum lengkap ke manado klo tidak makan bubur manado pas dateng diluar terlihat sepi tapi pas masuk full dong hampir tidak kebagian kursi untung ada yg lagi sendiri jadi bisa sharing meja,5,08/11/2025 04:35:02,ChIJdSMSxxV1hzIRfQa9Hbb3eaw
Kios Pelangi Wakeke,,Chimogmog,satu tempat sarapan yang paling enak dan paling nyaman di manado suka sama mie cakalang dan gadonya pisang goreng sepatu putusnya juga enak bubur ayam saponya juga enak enak deh semuanya,5,08/05/2025 13:12:16,ChIJdSMSxxV1hzIRfQa9Hbb3eaw
Kios Pelangi Wakeke,,Moch Ramadhan Rakhas,menyediakan menu masakan dan minuman khas sulut manado otentik dan enak cocok utk semua,5,07/28/2025 06:47:18,ChIJdSMSxxV1hzIRfQa9Hbb3eaw
Kios Pelangi Wakeke,,Siska Wiratandi,menu tinutuan dan makanan khas manado ruangan berac meja lumayan banyak tp pengaturan meja agak padat,4,07/05/2025 10:35:38,ChIJdSMSxxV1hzIRfQa9Hbb3eaw
Kios Pelangi Wakeke,,Robert C Mandang,makanan layanan suasana ok masalah parkir pada jam sibuk,4,06/20/2025 03:41:16,ChIJdSMSxxV1hzIRfQa9Hbb3eaw
Kios Pelangi Wakeke,,Harry Ramadhani,makan tinutuan bubur manado di manado yang enak ya disini pakai nike lalu guyur dengan sambal roa alhamdulillah nikmatnya masyaallah enaaakkkkkm,5,05/29/2025 06:40:54,ChIJdSMSxxV1hzIRfQa9Hbb3eaw
Kios Pelangi Wakeke,,ichiduck,dulu suka banget sama nasi gilanya sekarang tidak lagi karena kemanisan bahkan saya yg suka dengan makanan manis tidak kuat sama rasanya karena kek kecap semua semoga bisa dikoreksi lagi rasanya krn sudah tidak gurih kek dulu manis bangetttt kalau bubur manado dan menu lainnya ok enak seepeti biasanya,2,05/17/2025 06:14:16,ChIJdSMSxxV1hzIRfQa9Hbb3eaw
Kios Pelangi Wakeke,,Barista Buddy,restoran masakan manado yang legendaris pelayanan sepertinya perlu ditingkatkan makanannya lumayan enak tapi nasi goreng kampung yang kami pesan kurang enak mungkin karena menggunakan margarin atau minyak goreng bekas saya suka makanan penutupnya,3,05/08/2025 15:14:41,ChIJdSMSxxV1hzIRfQa9Hbb3eaw
Kios Pelangi Wakeke,,Christabel Emor,enak tapi trakir kalo pesanan nyampe lama poll,5,04/12/2025 03:46:04,ChIJdSMSxxV1hzIRfQa9Hbb3eaw
Kios Pelangi Wakeke,,Kk Ii,satu tempat makan tinutuan legend di manado tinutuan alias bubur manado adalah makanan khas manado yang sudah banyak dikenal oleh masyarakat indonesia jika anda berkunjung ke manado anda harus mencicipi bubur manado karna belum lengkap jika anda ke manado tapi anda belum menikmati hidangan yang satu ini bubur manado adalah bubur khas manado isinya seperti yang saya unggah di foto ini anda bisa menambahkan mie juga jika anda suka mie tinutuan yang diberi mie namanya midal biasanya tinutuan dimakan dengan temannya yakni perkedel ikan nike atau perkedel jagung juga ditambah dengan sambal roa yang juga khas sulawesi utara rm pelangi ini sudah terkenal nikmatnya tempatnya memang tidak terlalu dengan meja kecil satu meja disediakan kursi tempatnya berac jadi bagi anda yang merokok mohon maaf anda harus menahan hasrat mengasapi diri sendiri dan orang lain itu pelayanannya cepat pegawainya lumayan sigap saya pesan midal perkedel jagung dan tahu tore arti kata tore adalah krispi untuk parkiran jika anda bawa mobil sering susah parkir karena tempat parkirnya yang terbatas toiletnya bersih ada di luar tempat makan,5,04/05/2025 11:49:51,ChIJdSMSxxV1hzIRfQa9Hbb3eaw
Kios Pelangi Wakeke,,Glenn Santoso,makanannya semua enak tapi harga sambal roa mahal sekali aqua gelas mostly minyak harganya rb include ppn,2,04/03/2025 06:21:35,ChIJdSMSxxV1hzIRfQa9Hbb3eaw
Kios Pelangi Wakeke,,Henry Palandeng,tempat yang bagus untuk sarapan makan siang dan makan siang dengan makanan favorit orang manado,4,02/19/2025 01:04:06,ChIJdSMSxxV1hzIRfQa9Hbb3eaw
Kios Pelangi Wakeke,,Robby Manangka,makanan khas minahasa semuanya enak yg ada disini harga terjangkau pelayanan cepat,5,11/26/2024 16:23:14,ChIJdSMSxxV1hzIRfQa9Hbb3eaw
Kios Pelangi Wakeke,,Sweetly Ester,pelayanan tidak ramah pelayan nya judes klo di tanyaain intonasi suaranya tinggi bad attitude sekali,1,11/19/2024 02:07:13,ChIJdSMSxxV1hzIRfQa9Hbb3eaw
Kios Pelangi Wakeke,,Ananggadipa Abhimantra,bubur manadotinutuan campur pakai mie nya top markotop porsinya ngenyangin banget pisang goroho stick pisang rasa french fries tempat kuliner yang berkesan dan wajib kala berkunjung ke manado,5,11/07/2024 12:54:28,ChIJdSMSxxV1hzIRfQa9Hbb3eaw
Kios Pelangi Wakeke,,Pradipta Adith,kemarin menyempatkan untuk mencicipi makanan khas manado disini nyobain bubur tinutuan kalo tidak salah enak sih tapi kebanyakan kemangi aja tapi enak kok dan porsinya pas mencoba pisang gorengnya enak juga dan pas kalo buat nemenin ngopi sambil begadang tapi karena masih pagi ya buat malam hari tempatnya enak dan nyaman,5,10/27/2024 14:07:47,ChIJdSMSxxV1hzIRfQa9Hbb3eaw
Kios Pelangi Wakeke,,Srijanto Poerwanto,bubur manadonya enak banget,5,10/12/2024 13:22:45,ChIJdSMSxxV1hzIRfQa9Hbb3eaw
Kios Pelangi Wakeke,,Alex Fröhlich,tinituan sangat enak,4,08/22/2024 04:09:34,ChIJdSMSxxV1hzIRfQa9Hbb3eaw
Kios Pelangi Wakeke,,Imman,tinu enak super segar yang paling aku suka adalah dabudabu tomat yang tidak terlalu pedas dengan sambal gorengnya mantap,5,07/30/2024 23:54:06,ChIJdSMSxxV1hzIRfQa9Hbb3eaw
Kios Pelangi Wakeke,,Mei Mei,makanan pelayanan oknum kasir sangat sangat tidak tahu sopan santun tata krama melayani customer tidak profesional bukan hanya sekali tapi kedua kali ke kasir malah lebih parah lagi sangat jutek dengan intonasi suara tinggi kasar tidak baik ditempatkan sebagai kasir,1,07/22/2024 03:41:19,ChIJdSMSxxV1hzIRfQa9Hbb3eaw
Kios Pelangi Wakeke,,Pranoto Lie,satu resto terbaik menikmati sarapan khas manado,5,06/11/2024 00:54:32,ChIJdSMSxxV1hzIRfQa9Hbb3eaw
RM Green Garden,,Drew,sering berkunjung kesini dengan keluarga pelayanan cukup baik lokasi strategis makanan enak favorit saya adalah nasi goreng babi bakar dan nasi goreng sapi spesial,5,11/23/2025 10:52:45,ChIJn4hXYxBthzIRUx_SBDoI3pY
RM Green Garden,,Ignasia Eugenia Pindonta,mostly chinese food tapi di menu sudah ada beberapa masakan minahasa tempatnya bersih nyaman dan cukup ramah anak dengan pemandangan gunung lokon terlihat kalau makan di lantai pilihan makanan beragam dan lezat,5,11/10/2025 20:38:20,ChIJn4hXYxBthzIRUx_SBDoI3pY
RM Green Garden,,Ray Yanto,daging ikan begitu lembut dan juicy benarbenar terasa baru ditangkap olahan dengan bumbu rempah kuning yang kaya memberikan rasa otentik yang hangat sempurna ditemani sambal dabudabu yang segar sampai kami sekeluarga tidak mencari rumah makan lagi selain rumah makan ini,5,10/21/2025 10:27:49,ChIJn4hXYxBthzIRUx_SBDoI3pY
RM Green Garden,,Jefri Martono,tempat makan yg nyaman sekaligus healing menikmati sejuknya tomohon,5,10/12/2025 05:07:11,ChIJn4hXYxBthzIRUx_SBDoI3pY
RM Green Garden,,Michael Victor,tempat yg tenang bangunan lantai ok bersih aman parkiran luas,5,10/03/2025 03:38:49,ChIJn4hXYxBthzIRUx_SBDoI3pY
RM Green Garden,,Puncak Explorer (BOOTMAN),chinese food tomohon enak dan cepat saji,5,09/08/2025 06:48:53,ChIJn4hXYxBthzIRUx_SBDoI3pY
RM Green Garden,,Pascale BONELLI,terlalu mahal saya makan iga babi dan kentang goreng untuk makan malam daging babinya enak dengan saus manis dan dingin yang enak tapi harganya juga sangat pedas apalagi dengan pajak lebih banyak atau total untuk harga ini saya ingin ada garam pada kentang goreng saya atau setidaknya mereka membawakan saya yang saya minta dan tidak pernah sampai selain itu waktu tunggunya juga sangat lama untuk daging babi panggang dan kentang goreng sederhana saya bersedia membayar harga tertentu tetapi harus sempurna restoran untuk turis tanpa suasana ruangan kosong besar karena sedikit pelanggan mungkin lebih bagus di siang hari untuk pemandangan,4,08/15/2025 03:09:15,ChIJn4hXYxBthzIRUx_SBDoI3pY
RM Green Garden,,GAMA CCTV,makanan enak non halaluntuk keluarnya makanan agak lamacuma terbantu dengan suasana yg cukup sejuk di daerah tomohonjadi tidak terasa lama,5,07/14/2025 12:41:00,ChIJn4hXYxBthzIRUx_SBDoI3pY
RM Green Garden,,Suzie Suzie,saya harus menunggu jam untuk makanannya tetapi ketika kami bertanya berapa menit lagi untuk ikannya dan mereka mengatakan menit lagi tetapi sebenarnya butuh menit untuk datang tetapi sebelum ikan datang kami meminta mereka untuk membatalkannya tetapi mereka mengatakan kami tidak bisa membatalkannya tetapi kasirnya baik juga kami ingin berbicara dengan manajer mereka bilang tidak ada manajer,1,05/31/2025 11:40:26,ChIJn4hXYxBthzIRUx_SBDoI3pY
RM Green Garden,,Kiki 056 Tumiwa,menu yang enak dan murah,5,05/10/2025 06:42:23,ChIJn4hXYxBthzIRUx_SBDoI3pY
RM Green Garden,,soendjojo soendjojo,kalau sdh lapar lebih baik jangan ke resto ini bisa emosi masak nya terlalu lama mungkin baca resep dulu sblm masak he he he harga juga tidak murah cukup sekali aja,1,04/01/2025 11:46:28,ChIJn4hXYxBthzIRUx_SBDoI3pY
RM Green Garden,,Suyanto Wijaya,dulu sering makan yang di manado bedanya di tomohon ini bonus view gunung lokon,4,04/01/2025 10:40:13,ChIJn4hXYxBthzIRUx_SBDoI3pY
RM Green Garden,,wahyu.h. kurnia,daging babi tariknya enak makanan lainnya juga enak pesanan makanan banyak yang disajikan dalam waktu singkat suasana sangat enak dan bersahabat,5,03/28/2025 03:26:54,ChIJn4hXYxBthzIRUx_SBDoI3pY
RM Green Garden,,Regina Dirk,service sangat tidak memuaskan makanan datang setelah menit menunggu sudah menunggu lama makanan yg datang tidak sesuai pesanan yg dipesan cumi goreng mentega yg datang udang goreng mentega tidak ada pun dari pihak resto yg meminta maaf karna lama dan kesalahan pesanan service sangat buruk,1,03/23/2025 05:13:49,ChIJn4hXYxBthzIRUx_SBDoI3pY
RM Green Garden,,Chimogmog,babi goreng dan fuyunghainya enak banget babi gorengnya garinggg dan lembut banget juara deh ada jual roti jg,5,02/22/2025 08:55:16,ChIJn4hXYxBthzIRUx_SBDoI3pY
RM Green Garden,,Aprilika Asa,mau makan santai baku dapa deng tmang lama sambil lihat gunung lokon di sini paling pool,5,01/28/2025 10:31:51,ChIJn4hXYxBthzIRUx_SBDoI3pY
RM Green Garden,,george ieswadi,family restaurant makananya cukup enak tapi kalau mau kalian harus pesan sebelum sampai karna pesananya lumayan lama sampai diatas meja overall good restaurant,4,12/09/2024 07:21:13,ChIJn4hXYxBthzIRUx_SBDoI3pY
RM Green Garden,,Diyah Aribowo,akan kembali untuk makan bersama keluarga,5,10/03/2024 06:06:56,ChIJn4hXYxBthzIRUx_SBDoI3pY
RM Green Garden,,jezzyca sumendap,ayam goreng nya enak pelayanan standar,5,10/01/2024 08:16:32,ChIJn4hXYxBthzIRUx_SBDoI3pY
RM Green Garden,,Ma Mara,makanan yang sangat enak staf yang ramah bahkan dengan beberapa kesulitan bahasa menyenangkan untuk duduk di teras jika tidak agak sadar,5,09/03/2024 11:42:23,ChIJn4hXYxBthzIRUx_SBDoI3pY
RM Green Garden,,Wolter Jehosua,restoran chinesfood mantab di kota tomohon,5,09/01/2024 05:00:44,ChIJn4hXYxBthzIRUx_SBDoI3pY
RM Green Garden,,Noelia Berredo,penipuan besar di tomohon kami datang karena ulasan bagus dan kenyataannya sangat berbeda ketika seorang pramusaji yang mengerti bahasa inggris muncul dia merekomendasikan beberapa mie goreng dan makanan khas rumah itu daging babi barbekyu kenyataannya beberapa mie yang basah dan lembut dengan saus yang hambar dan dengan beberapa potongan yang mencurigakan sehingga lebih baik tidak mengetahuinya kami bahkan tidak membicarakan daging babi mereka membawanya dingin dan sepertinya digoreng ketika kami memberi tahu dia tentang hal itu solusinya adalah memanaskannya kembali hidangan daging babi berharga rupee padahal kualitasnya seharusnya bernilai seperempat jika anda ingin dirampok dan ditipu di kota inilah tempat anda,1,08/28/2024 13:52:02,ChIJn4hXYxBthzIRUx_SBDoI3pY
RM Green Garden,,Enrico Cattabiani,makanan cina yang sangat buruk layanan yang layak meskipun mereka lupa membawa piring dan suasanarestoran bagus yang besar tapi benarbenar kosong,2,08/22/2024 06:37:13,ChIJn4hXYxBthzIRUx_SBDoI3pY
RM Green Garden,,Angelina Shelly,makanan yang harus dicoba kalau kesini babi bakar babi panggang dan sapo tahu seafood minuman es kelapa jeruk jeruknya manis,5,08/11/2024 22:00:08,ChIJn4hXYxBthzIRUx_SBDoI3pY
RM Green Garden,,Joris Bal,sangat direkomendasikan untuk makanan cina,5,07/19/2024 23:42:13,ChIJn4hXYxBthzIRUx_SBDoI3pY
Pork Kitchen Bitung,,Warrick Lightfellow,yah tidak perlu banyak komentar tentang makanan di sini semuanya disajikan paling enak semuanya super enak sangat otentik setiap makanannya beraroma pelayanan bagus tempat luas dan nyaman makanan juga datang begitu cepat anda pasti harus mencoba daging babinya,5,08/13/2025 15:41:35,ChIJH-mUZC8BhzIRyKD35KburPs
Pork Kitchen Bitung,,Qimberly M.K,makanan nya enak service nya ramah sopan dan sangat baik karyawan yg namanya kak syalom baik sekali sopan ramah dan cantik,5,08/03/2025 08:42:25,ChIJH-mUZC8BhzIRyKD35KburPs
Pork Kitchen Bitung,,Aizhu Erzhu,pesen mie babi goreng pangsit goreng rasanya enak punya khas tersendiri ada ruang berac cukup nyaman cocok buat sendiri ataupun bersama keluarga,5,07/31/2025 05:41:40,ChIJH-mUZC8BhzIRyKD35KburPs
Pork Kitchen Bitung,,Tan He Rie,tempat nya nyaman,5,07/14/2025 11:42:23,ChIJH-mUZC8BhzIRyKD35KburPs
Pork Kitchen Bitung,,Chocolate Photowork,tempat nya pinggir jalan besar dan akses parkir luas,5,06/10/2025 14:17:24,ChIJH-mUZC8BhzIRyKD35KburPs
Pork Kitchen Bitung,,jack paath,layanan kurang maksimal,4,05/12/2025 05:12:45,ChIJH-mUZC8BhzIRyKD35KburPs
Pork Kitchen Bitung,,Mr.English,ini adalah tempat daging babi terbaik yang bisa anda temukan di sulawesi utara rasanya enak untuk semua daging dan bawang putihnya juga pas untuk tumis sayuran rasa supnya enak kamar mandinya bersih ini adalah kejutan bagi kami dan kami menikmatinya,5,04/04/2025 23:58:20,ChIJH-mUZC8BhzIRyKD35KburPs
Pork Kitchen Bitung,,Novaldi Pakaya,apakah ada ruangan vip,5,01/24/2025 10:06:27,ChIJH-mUZC8BhzIRyKD35KburPs
Pork Kitchen Bitung,,averia Tabhita,mau tanya porkkitchen close jam berapa sihsoalnya tadi mau datang makan bilang masih bolehdi saat mau b pesan bilang sudah close orderalasannya sudah angkat minyak untuk penggorenganmakasih sebelumnya,1,01/08/2025 14:15:41,ChIJH-mUZC8BhzIRyKD35KburPs
Pork Kitchen Bitung,,Vallery Bitung,mantap dan kenyang,5,11/01/2024 13:50:40,ChIJH-mUZC8BhzIRyKD35KburPs
Pork Kitchen Bitung,,EA Gunawan,barbekyu babi dengan nasi sate babi pedas dan jalangkote sangat direkomendasikan,5,09/28/2024 05:24:04,ChIJH-mUZC8BhzIRyKD35KburPs
Pork Kitchen Bitung,,Rudy Harijanto,tidak apaapa masakan khas minahasa chinese food,5,06/12/2024 16:01:40,ChIJH-mUZC8BhzIRyKD35KburPs
Pork Kitchen Bitung,,Lovell Michael Tombokan,cukup puas hanya saja waktu mau masuk dalam ruangan kesannya mau dibatasi padahal ada meja kosong mungkin efek sudah jam malam sebentar lagi tutup,3,06/12/2024 01:44:33,ChIJH-mUZC8BhzIRyKD35KburPs
Pork Kitchen Bitung,,Febriant Imanuel,layak untuk dibeli,5,05/19/2024 16:15:05,ChIJH-mUZC8BhzIRyKD35KburPs
Pork Kitchen Bitung,,Defina keke,pelayanan terbaik dan makann yang enak top banget,5,05/18/2024 10:09:01,ChIJH-mUZC8BhzIRyKD35KburPs
Pork Kitchen Bitung,,Jully Christina,sangat baik,5,05/18/2024 07:02:30,ChIJH-mUZC8BhzIRyKD35KburPs
Pork Kitchen Bitung,,Yosia Shen,food normally all menu is delicious recommend fillet babi babi tore dan nasi goreng yancou service rada jutek sudah lebih baik dr kunjungan awal yg datar atmosphere clean hygiene,5,04/23/2024 03:10:29,ChIJH-mUZC8BhzIRyKD35KburPs
Pork Kitchen Bitung,,Ekin Tumbel,overall okeh kenyang enak brw jangan lupa neh sllu sedia cmp dirumah ready stock ecer box,5,04/21/2024 05:08:33,ChIJH-mUZC8BhzIRyKD35KburPs
Pork Kitchen Bitung,,Juniar manik,pelayanan nya sangat ramah dan baik dan suasana nya juga sangat sejuk dan enak makanan enak banget,5,03/30/2024 05:08:06,ChIJH-mUZC8BhzIRyKD35KburPs
Pork Kitchen Bitung,,Daniel Norrys,masakan babi paling enak di bitungmantaaab,5,02/25/2024 00:04:36,ChIJH-mUZC8BhzIRyKD35KburPs
Pork Kitchen Bitung,,Fenty.M Duduong,menunya oke punya mantap,4,02/02/2024 08:17:13,ChIJH-mUZC8BhzIRyKD35KburPs
Pork Kitchen Bitung,,Susana Theys,makanan oke enak lumayan cepat tempat makan yang ok utk ajak relasi,5,12/04/2023 11:46:56,ChIJH-mUZC8BhzIRyKD35KburPs
Pork Kitchen Bitung,,Crusader Knight,makanannya enak dan para pelayannya ramah,5,12/02/2023 06:44:58,ChIJH-mUZC8BhzIRyKD35KburPs
Pork Kitchen Bitung,,Gichell Ngantung,makanan tempat dan susana sangat baik sangat direkomendasikan untuk makan siang dan makan malam resto ini tidak halal yaa,5,09/24/2023 01:10:21,ChIJH-mUZC8BhzIRyKD35KburPs
Pork Kitchen Bitung,,Novie Korua,satu alternatif bagi penyuka menu pork di seputaran girian bitung,3,08/22/2023 03:35:07,ChIJH-mUZC8BhzIRyKD35KburPs
Pork Kitchen Bitung,,Onna Eirumkuy,tempat makan b recommended,4,08/08/2023 02:21:49,ChIJH-mUZC8BhzIRyKD35KburPs
Pork Kitchen Bitung,,Shiwu Shi-wu (Shi-wu),rekomendasi buat yg suka pork,5,08/02/2023 10:56:02,ChIJH-mUZC8BhzIRyKD35KburPs
RM. Wakeke,,William Prayogo,pelayanan cukup cepat dengan suasana makan yang tenang posisi rm agak jauh dari jalan besar bubur manado otentik porsi jumbo perkedel milu terbaik crispy gurih manis perkede nike juga tidak boleh dilewatkan es cendol lumayan enak juga,5,09/23/2025 10:32:27,ChIJcwcLdRV1hzIRDjeq9FUzEU0
RM. Wakeke,,Farno Kastanya,tempat legend ini hrs kesini kl pulkam manado,5,09/09/2025 05:30:00,ChIJcwcLdRV1hzIRDjeq9FUzEU0
RM. Wakeke,,Henry Palandeng,yuk cicipi tinutuan masakan manado yang enak banget di tempat ini,5,08/29/2025 15:07:07,ChIJcwcLdRV1hzIRDjeq9FUzEU0
RM. Wakeke,,Jovian Jevon,best bubur for breakfast sambil ditemani playlist lagu yang memanjakan telinga jangan lupa pesan nike nya yang mantul,5,07/28/2025 23:50:25,ChIJcwcLdRV1hzIRDjeq9FUzEU0
RM. Wakeke,,Fauzi Hasania,bubur manadonya oke,1,05/28/2025 02:36:49,ChIJcwcLdRV1hzIRDjeq9FUzEU0
RM. Wakeke,,Eddy Suwanto,buat yg gemar makanan lokal manado,4,04/03/2025 23:51:27,ChIJcwcLdRV1hzIRDjeq9FUzEU0
RM. Wakeke,,Mohammad Ilham,cocok sangat khas tempat bersih nyaman,5,02/20/2025 04:32:48,ChIJcwcLdRV1hzIRDjeq9FUzEU0
RM. Wakeke,,7yearsitch,ini adalah tempat tua jalan wakeke yang menyediakan makanan kuno bubur manado rasa ratarata harga ratarata tempat ratarata hanya perjalanan kuliner bersejarah di sini,5,10/11/2024 07:02:20,ChIJcwcLdRV1hzIRDjeq9FUzEU0
RM. Wakeke,,Leo Aprillino,mau cari makanan khas manado disini nya tempat terbaik,5,06/20/2024 02:28:43,ChIJcwcLdRV1hzIRDjeq9FUzEU0
RM. Wakeke,,adi adi,nasi goreng sifoodnya enak cmn asinnya di kurangin dikit,4,10/26/2023 03:34:34,ChIJcwcLdRV1hzIRDjeq9FUzEU0
RM. Wakeke,,Ika Utami Wahyu Ningsih,pertama kali nyoba tinutuan manado dan perkedel nike tinutuannya isi jagung sayur dan ubi rasanya enak tp saya tidak habis krna terlalu banyak porsinya cocok buat yg belum sarapan makan di sini dijamin kenyang nike itu mirip seperti bakwan ikan jadi gurihnya jg mempengaruhi cepat kenyang dan ada ikan asin yg tipis enak di sini,5,07/15/2023 23:37:01,ChIJcwcLdRV1hzIRDjeq9FUzEU0
RM CHICHI,,Estelita Mangare,makanan porsi jumbo capcaynya enak,4,01/24/2026 15:14:29,ChIJHd9GsOZshzIRpNPJnNAR8Dw
RM CHICHI,,Marco Untu,saya order jam ordernya hanya biapong sama teh tawar hampir jam lebih biapongnya tidak sampai padahal hanya item yg not ongoing process dan lucunya pesanan orang lain cepet bgt pelayanan sini sangatsangat jelek,2,12/21/2025 09:58:57,ChIJHd9GsOZshzIRpNPJnNAR8Dw
RM CHICHI,,Samuel Smith,enak banyak dan nyaman kendala nya agak susah cari tempat parkir,5,10/15/2025 01:44:21,ChIJHd9GsOZshzIRpNPJnNAR8Dw
RM CHICHI,,Royke Tumilaar,pas di lidah pas di kantong,5,07/11/2025 05:23:45,ChIJHd9GsOZshzIRpNPJnNAR8Dw
RM CHICHI,,Angka Teru,kwetiaunya tidak sesuai ekspetasi berbeda dengan di resto china lainnya saya kurang suka,2,06/25/2025 14:45:46,ChIJHd9GsOZshzIRpNPJnNAR8Dw
RM CHICHI,,Geronimo Bimo,tempat kurang menarikdekat jalan rayakurang nyamantidak ada tempat parkiruntuk biapong isinya kurang enakagak asinkadang tidak ada telur,3,06/03/2025 07:39:35,ChIJHd9GsOZshzIRpNPJnNAR8Dw
RM CHICHI,,harianto wardoyo,bakau nya enak sambal nya klu main di tomohon mampir sekalian menikmati kuliner nya,5,05/29/2025 11:10:02,ChIJHd9GsOZshzIRpNPJnNAR8Dw
RM CHICHI,,Rivaldo Rawung,kasir dari kita sd smpe sudah lulus kuliah sudah kerja msih jutek pelayanan tidak ramah,1,05/12/2025 09:42:17,ChIJHd9GsOZshzIRpNPJnNAR8Dw
RM CHICHI,,Ren Zanmaru,murah cepat porsi besar dan enak jelas tidak halal,5,12/17/2024 00:47:33,ChIJHd9GsOZshzIRpNPJnNAR8Dw
RM CHICHI,,Petrus J Yaenuri,kekurangannya hanya tidak bisa qriz dan tidak menerima pembayaran transfer,5,10/11/2024 12:38:04,ChIJHd9GsOZshzIRpNPJnNAR8Dw
RM CHICHI,,Williams Klasjok Salossa,rekomendasi tempat oleholeh biabong ba bakpaw daging babi good,3,07/18/2024 17:31:16,ChIJHd9GsOZshzIRpNPJnNAR8Dw
RM CHICHI,,DM MD,biapong ba paling istimewa,5,06/26/2024 01:05:21,ChIJHd9GsOZshzIRpNPJnNAR8Dw
RM CHICHI,,Wendy Najoan,kopi dan bakpao yang enak,4,03/09/2024 13:07:07,ChIJHd9GsOZshzIRpNPJnNAR8Dw
RM CHICHI,,Raden Cahya.,bakpao dan kopi susunya enak,4,02/04/2024 05:25:12,ChIJHd9GsOZshzIRpNPJnNAR8Dw
RM CHICHI,,Escanor Sun,pelayan jutek dan kasir sangat jutek,1,02/03/2024 12:45:32,ChIJHd9GsOZshzIRpNPJnNAR8Dw
RM CHICHI,,Rinaldi Mario,bintang untuk biapong ba,5,12/24/2023 12:15:02,ChIJHd9GsOZshzIRpNPJnNAR8Dw
RM CHICHI,,Richard HR,nyantai di pagi hari biapong and coffee hitam setelah bersepeda dari tondano tempat nya lumayan bagus sayang tidak ada parkiran sepeda,4,12/23/2023 04:24:26,ChIJHd9GsOZshzIRpNPJnNAR8Dw
RM KIM-KIM,,Christian Rentandatu,bubur manadonya enak,5,10/25/2025 09:25:47,ChIJkWa3cJ4BhzIR7oUGRnXnUL8
RM KIM-KIM,,Giant Ant,makanannya enak bersih penyajiannya dan hampir selalu tidak kebagian kalo beli makan disini beli diatas jam pagihampir pasti nasi kuningnya sudah habis,5,06/18/2025 02:30:29,ChIJkWa3cJ4BhzIR7oUGRnXnUL8
RM KIM-KIM,,NAL Lilley,naik taksi dari terminal kapal pesiar ke restoran ini karena vegetarian mie lezat roti pisang goreng roti kacang goreng teh dan sayuran untuk orang untuk sarapan hanya ngobrol dengan penduduk setempat juga ini adalah cita rasa indonesia yang nyata terima kasih surlee benny dan sopir taksi victor atas pengalamannya,5,03/05/2024 07:28:56,ChIJkWa3cJ4BhzIR7oUGRnXnUL8
RM KIM-KIM,,Iman Imanudin,saya pesan nasi kuning porsinya cukup besar dengan topping yang banyak abon cakalang bihun abon talas yang renyah tidak yakin apa arti abon bete dalam bahasa inggris mereka menggunakan nasi yang sedikit lebih kering dibandingkan penjual nasi kuning lainnya di bitung itu tidak menggumpal pesanan sampingan saya adalah tahu isi tahu goreng yang diisi sayuran babak belur rasanya segar saat ditanya halal atau tidaknya makanan tersebut mereka menjawab hanya menggunakan ikan dan telur ayam sebagai sumber protein hewani saya percaya mereka secara keseluruhan makanannya enak namun lantai makan membutuhkan pencahayaan dan sirkulasi udara yang lebih baik percayalah ini panas satu porsi nasi kuning dan tahu isi harganya rp parkir tersedia tempat parkir sepeda motor di bagian depan dan tempat parkir pinggir jalan untuk mobil,4,01/25/2024 10:56:45,ChIJkWa3cJ4BhzIR7oUGRnXnUL8
RM KIM-KIM,,fandy daily,lampu penerangan ruangan perlu di tambah lagi dan sirkulasi udara perlu di perhatikan karena terasa panas di ruangan saat makan,4,12/07/2023 03:02:20,ChIJkWa3cJ4BhzIR7oUGRnXnUL8
RM KIM-KIM,,Gerald Lahiang,tinituan terenak ditambah pisang goreng tahu rebus,5,07/10/2023 01:11:52,ChIJkWa3cJ4BhzIR7oUGRnXnUL8
RM KIM-KIM,,Wahyuddin Ansar,hanya sekali makan disni kebetulan di traktir jadi tidak tau harganya berapa yang dimakan nasi kuning rasanya mantap enak rekomended nasi kuningnya suasana padat rame pada jam tertentu dan tidak ada pelayan yang mengatur tempat duduk atau pelanggan,4,07/01/2023 10:44:24,ChIJkWa3cJ4BhzIR7oUGRnXnUL8
RM KIM-KIM,,Angel,makanan enak dan terjangkau pelayanan baik sopan dan cepat tempat sedikit pengap,5,06/15/2023 01:21:16,ChIJkWa3cJ4BhzIR7oUGRnXnUL8
RM KIM-KIM,,Andrew The,nasi kuning dan tinutuannya sih enak tapi ruangannya perlu di perbaiki,5,06/14/2023 07:58:40,ChIJkWa3cJ4BhzIR7oUGRnXnUL8
RM KIM-KIM,,Yongky Bawangun (YongQ),pelayanan orderan agak lama,3,06/12/2023 05:40:37,ChIJkWa3cJ4BhzIR7oUGRnXnUL8
RM KIM-KIM,,Meita bella Laya,enak nyaman dan bersih,5,05/24/2023 04:58:36,ChIJkWa3cJ4BhzIR7oUGRnXnUL8
RM KIM-KIM,,Ester Rompas,makanannya enak cuma tempatnya panasga ada kipas,4,05/05/2023 00:06:29,ChIJkWa3cJ4BhzIR7oUGRnXnUL8
RM KIM-KIM,,irving Wullur,tinutuan nasi kuningnya enak,4,04/01/2023 09:59:51,ChIJkWa3cJ4BhzIR7oUGRnXnUL8
RM KIM-KIM,,Hendra Yefta,nasi kuning paling enak dibitung,5,02/01/2023 00:59:42,ChIJkWa3cJ4BhzIR7oUGRnXnUL8
Ta Wan - Manado Town Square,,Ni Kadek Aryanti,terima kasih telah merayakan ulang tahunku,5,01/24/2026 13:20:10,ChIJdzdi0ht1hzIRHEVspNJrPG0
Ta Wan - Manado Town Square,,pebisnis tangguh,terimakasih banyak atas pelayanan yg diberikan oleh pihak resto dimana ketika sy komplain di tanggapi dengan baik bahkan pihak resto memberikan kompensasi yg luar biasa dan resto yg skrg pelayanannya sdh banyak mengalami kemajuan dlm menyajikan makanan tidak lgi dlm waktu yg lama dan makanan yg di sajikan rasanya tetap nikmat tidak berubah rekomended resto buat warga manado terimakasih gbu,5,01/24/2026 11:31:11,ChIJdzdi0ht1hzIRHEVspNJrPG0
Ta Wan - Manado Town Square,,nita prihatini,makanannya enak bgt super duper rekomen,5,01/23/2026 12:22:47,ChIJdzdi0ht1hzIRHEVspNJrPG0
Ta Wan - Manado Town Square,,Chendy Tangui,wah asyik banget dapet mie ulang tahun gratis dari ta wan biar makin mantap gratisannya lebih variatif lagi terima kasih ya,5,01/23/2026 05:44:01,ChIJdzdi0ht1hzIRHEVspNJrPG0
Ta Wan - Manado Town Square,,Takwa Winata,worth it banget ada birthday treatnya dan enak banget suasana nya juga nyaman banget tidak nunggu lama cepat pelayanannya juga baik cocok banget buat yang lagi birthdayy,5,01/22/2026 10:21:27,ChIJdzdi0ht1hzIRHEVspNJrPG0
Ta Wan - Manado Town Square,,silfina pakaya,pelayanannya ramah makanannya enak sesuai lidah orang lokal terbaik,5,01/22/2026 09:31:51,ChIJdzdi0ht1hzIRHEVspNJrPG0
Ta Wan - Manado Town Square,,Silfana Pakaya,pelayanan sangat ramah senang bisa menikmati makan disini,5,01/22/2026 09:29:24,ChIJdzdi0ht1hzIRHEVspNJrPG0
Ta Wan - Manado Town Square,,Gani Ghaisan,suasanya nya baru cozy bgt dah makanan nya masih tetap teristimewa,5,01/22/2026 07:40:30,ChIJdzdi0ht1hzIRHEVspNJrPG0
Ta Wan - Manado Town Square,,Gloria Kawulusan,makanan nya enakkk pelayanannyaaa ramahhh,5,01/21/2026 13:31:40,ChIJdzdi0ht1hzIRHEVspNJrPG0
Ta Wan - Manado Town Square,,Inayah Kartika Eli,pelayanan baik banget dan ramah,5,01/19/2026 05:13:33,ChIJdzdi0ht1hzIRHEVspNJrPG0
Ta Wan - Manado Town Square,,Elisyah Fatmawati,recommended bnget untuk makan bersama keluarga rasa pelayanan dan suasana good bnget pokonya,5,01/18/2026 16:00:53,ChIJdzdi0ht1hzIRHEVspNJrPG0
Ta Wan - Manado Town Square,,MUHAMAD PROJECT,mknanya enk tamabah sudah di renof tambah makin nyaman tingkatkan,5,01/18/2026 15:56:40,ChIJdzdi0ht1hzIRHEVspNJrPG0
Ta Wan - Manado Town Square,,Rezza Aditia,makan ditawan barang keluarga kemarin sagat memuasakan pelayananya baik suasananya bagus nyaman kariawanya ramah dan menunya juga the best deh untuk kalian warga manado cobain makan ditawan sudah pasti nynda mengecewakan save moment ditawan manado,5,01/18/2026 15:33:30,ChIJdzdi0ht1hzIRHEVspNJrPG0
Ta Wan - Manado Town Square,,Elisabeth Claudia,tidak enak sama sekali,1,01/07/2026 12:21:37,ChIJdzdi0ht1hzIRHEVspNJrPG0
Ta Wan - Manado Town Square,,Jefly Josua karuntu,menit untuk fuyung hai dan masih belum selesai sampai makanan lainnya dingin dan habis dan mereka bilang itu normal benarkah jam untuk fuyung hai itu sangat buruk yang pertama dan terakhir bagi saya tidak lagi,2,12/27/2025 10:19:13,ChIJdzdi0ht1hzIRHEVspNJrPG0
Ta Wan - Manado Town Square,,Muhammad Khoiruman Fadilah,disini bisa birthday treat ygy dp makanan juga enakk recommended buat yang ultah,5,12/22/2025 09:09:12,ChIJdzdi0ht1hzIRHEVspNJrPG0
Ta Wan - Manado Town Square,,Esther Pitoy,nyaman karyawan ramah,5,10/12/2025 08:25:48,ChIJdzdi0ht1hzIRHEVspNJrPG0
Ta Wan - Manado Town Square,,Sal's,claim birthday treat syarat hanya tunjukkan ktp beli satu menu bebas no minimum order review google berlaku sampai h,5,09/18/2025 07:11:51,ChIJdzdi0ht1hzIRHEVspNJrPG0
Ta Wan - Manado Town Square,,Amel Melz,enak enak makanan disini dari dulu selalu langganan apalagi bubur nya dan ayam kungpao the best,5,09/07/2025 08:29:01,ChIJdzdi0ht1hzIRHEVspNJrPG0
Ta Wan - Manado Town Square,,Gratia Timbuleng,staffnya ramah sekali nicee ta wan,5,09/03/2025 08:47:37,ChIJdzdi0ht1hzIRHEVspNJrPG0
Ta Wan - Manado Town Square,,varisky dumanaw,tempat yang bagus datanglah ke sini jika ulang tahunmu ulang tahun mie gratis,5,08/21/2025 13:14:23,ChIJdzdi0ht1hzIRHEVspNJrPG0
Ta Wan - Manado Town Square,,Gabriella Yuwono,makanannya selalu okee cocok buat makan bareng keluarga,5,08/17/2025 11:24:50,ChIJdzdi0ht1hzIRHEVspNJrPG0
Ta Wan - Manado Town Square,,Muhammad Arfandy,sangat enakk dn pelayanannya memuaskan,5,08/16/2025 04:01:41,ChIJdzdi0ht1hzIRHEVspNJrPG0
Tanaraya,,Titie Kirana,pemandangan pegunungan keren keren banget,5,01/31/2026 19:29:51,ChIJjY9sNPtthzIRi3PrBaooHPA
Tanaraya,,Myrna S,tempatnya bagussaat sore terasa teduh n adem,5,01/27/2026 09:29:32,ChIJjY9sNPtthzIRi3PrBaooHPA
Tanaraya,,Nova,perasaan hangat dan nyaman pemandangannya juga menakjubkan makanannya enak sepadan dengan harganya,5,01/23/2026 15:22:04,ChIJjY9sNPtthzIRi3PrBaooHPA
Tanaraya,,Andyka Kawa,akhir tahun sudah pernah saya ke tempat ini namun tidak sempat masuk untuk mencoba menu di tempat ini akhirnya awal tahun saya sempatkan waktu untuk datang ke tempat ini kebetulan saya cuti dan balik ke manado bersama keluarga saya saya datang ke tempat ini pas di siang hari dan pas jam makan siang namun pada waktu kami memesan ada beberapa menu makanan yang kosong sehingga kami putuskan hanya memesan cemilan dan minuman saja tempatnya sangat estetik dan banyak spot foto yang bisa kita ambil dari tempat ini tempat ini bisa dijadikan satu rekomendasi destinasi untuk dikunjungi bersama keluarga,4,01/21/2026 15:08:46,ChIJjY9sNPtthzIRi3PrBaooHPA
Tanaraya,,Lois Ochotan,tempatnya sangat bagus untuk mengosi libur baik bersama keluarga maupun sahabat dan temanteman,4,01/20/2026 23:42:04,ChIJjY9sNPtthzIRi3PrBaooHPA
Tanaraya,,Raymond Undap,datang di hari minggu saat rush hour menu tidak lengkap antar staff banyak missed communication terhadap pesanan ada yg bilang ready ada yg bilang tidak ready pesan paket tuna datang jam kemudian saat yg lain sudah selesai dengan makanan masingmasing jika cari tempat makan dgn ekspektasi seperti restoran lainnya saya tidak rekomendasikan jika mencari vibe cafe di tomohon untuk hangout tanaraya bisa jadi pilihan,2,01/11/2026 06:39:16,ChIJjY9sNPtthzIRi3PrBaooHPA
Tanaraya,,Petrus Lasut,mengalami hazel dalam pelayanannya bagaimana pun bisa menyelesaikannya dan sikap pelayanannya baik terus ditingkatkan,5,01/04/2026 04:26:28,ChIJjY9sNPtthzIRi3PrBaooHPA
Tanaraya,,Ricky Sengkey,tempatnya kereennn makanan enak enak cuma agak telat makanan tapi tidak apa apa saya paham rameee the best tanaraya,5,01/03/2026 17:48:20,ChIJjY9sNPtthzIRi3PrBaooHPA
Tanaraya,,Andhien Rachmy,tempat kotor lantai nya tidak layak pakai makanan gaenak pesen nasi goreng tp asin bgt service nya kurang pelayan tidak ramah kecuali staff yg jaga billiard masih ok,1,01/03/2026 15:04:59,ChIJjY9sNPtthzIRi3PrBaooHPA
Tanaraya,,Lerry Tutu,tempat ok banget,5,01/03/2026 07:09:04,ChIJjY9sNPtthzIRi3PrBaooHPA
Tanaraya,,A53P,makanan kurang layanan biasa suasana lumayan,1,12/31/2025 15:37:11,ChIJjY9sNPtthzIRi3PrBaooHPA
Tanaraya,,Dhany Projek,suasana bagus dan cocok untuk bawa keluarga,5,12/29/2025 01:03:22,ChIJjY9sNPtthzIRi3PrBaooHPA
Tanaraya,,The Lie Tjien,hanya menjual suasana saja menunya banyak banget tapi begitu pesan kosong semua hanya menjual tempat foto saja untuk yg hobi makan jangan kesini,1,12/27/2025 07:45:41,ChIJjY9sNPtthzIRi3PrBaooHPA
Tanaraya,,Paskalia,pertama kali datang ke sini pelayanannya sangat lambat hampir jam menunggu makanan tidak keluar setelah di konfirmasi ternyata makanan yang satunya sudah sold out dan tapi tidak di informasikan ke kami very bad service,1,12/26/2025 12:39:07,ChIJjY9sNPtthzIRi3PrBaooHPA
Tanaraya,,himawan d' mbambesh,satu tempat terbaik untuk melepaskan diri dari rutinitas seharihari,5,12/21/2025 08:56:55,ChIJjY9sNPtthzIRi3PrBaooHPA
Tanaraya,,Tessalonika Siwu,tempatnya bagus ad mini farm garden loh,5,12/19/2025 02:13:33,ChIJjY9sNPtthzIRi3PrBaooHPA
Tanaraya,,Rudy Takumansang,tempat terbaik pelayanan terbaik makanan enak,5,12/19/2025 02:10:05,ChIJjY9sNPtthzIRi3PrBaooHPA
Tanaraya,,Elea Olivia,i love this place the food the drink sudah good sekarang sudah ada mini farm gardennya dan juga utk anak ada playground makin banyak spot foto menarik terbaik tanaraya,5,12/19/2025 02:04:05,ChIJjY9sNPtthzIRi3PrBaooHPA
Tanaraya,,Regina Moko,pertama kali datang pas tema halloween kesan pertama gilsss seniat ini dekorasinya makanan enak enak enak pelayanan bintang berbintangbintang no hoax terbaik,5,10/12/2025 02:38:00,ChIJjY9sNPtthzIRi3PrBaooHPA
Tanaraya,,Aneke Tumilaar,makananya sangat enak dan gurih,5,09/01/2025 12:31:47,ChIJjY9sNPtthzIRi3PrBaooHPA
Tanaraya,,Taufiq Putra,sayang banget makanan krg dipersiapkan dengan baik staf sperti tidak ready,4,08/30/2025 11:30:32,ChIJjY9sNPtthzIRi3PrBaooHPA
Tanaraya,,Mike S,anda berada di sini untuk menikmati pemandangan yang indah tetapi menunya tidak buruk kami memiliki dua menu spesial koki mereka tuna woku dan nasi goreng roa itu bagus tapi tidak ada yang perlu ditulis di rumah mereka punya kopi seduh manual v di sini yang mereka panggang sendiri menurut saya dan rasanya enak anda dapat melihat pemandangan gunung lokon yang menakjubkan dari lantai dan serta pepohonan dan rangkaian bunga di tempat ini sangat indah,5,08/28/2025 02:45:25,ChIJjY9sNPtthzIRi3PrBaooHPA
Tanaraya,,Tami Turang,selain makanannya enak worth the price pelayanan staff nya super ramah dapat complimentary birthday dibantu waktu kasih surprise juga thankyou kakak kakak tanaraya,5,08/26/2025 12:13:19,ChIJjY9sNPtthzIRi3PrBaooHPA
Tanaraya,,bellvania,tempat yang asik buat kumpulparkiran luas pelayanan bagusmakanan enak sukses terus tanaraya,5,08/24/2025 10:11:32,ChIJjY9sNPtthzIRi3PrBaooHPA
Tanaraya,,Aiko Tiho,tempat luas adem nyaman makanan enak minuman juga enak apalagi matcha milkshake nya enak sekalisaya suka,5,08/24/2025 10:08:55,ChIJjY9sNPtthzIRi3PrBaooHPA
Tanaraya,,Silce Sumarauw,tempat yang nyaman buat keluarga nongkrong teman makanannya masih murah untuk tempat sebagus ini pelayanannya ramah bagus pokoknya sukses tanaraya,5,08/22/2025 04:35:51,ChIJjY9sNPtthzIRi3PrBaooHPA
Tanaraya,,Reca Shop,enak pokoknya suasananya bagus,5,08/22/2025 03:58:22,ChIJjY9sNPtthzIRi3PrBaooHPA
Tanaraya,,Meiske Legie,ada harga ada kualitas,5,08/21/2025 12:00:53,ChIJjY9sNPtthzIRi3PrBaooHPA
Tanaraya,,Christina Auralia Santoso,datang kesini untuk makan siang setelah menonton acara tiff resto besar banyak spot foto instagramable dengan nuansa menghadap langsung ke gunung lokon pelayanannya cukup lambat apalagi saat datang resto mati lampu dan ukuran restorant besar seperti ini tidak ada genset makanannya enak hanya saja menu indonesian food tidak banyak,3,08/10/2025 10:27:01,ChIJjY9sNPtthzIRi3PrBaooHPA
Pollen Cafe,,Fanny “Fanny” Ischard,tempat ini tutup sayang sekali karena saya ingin mencobanya,1,08/28/2025 05:37:48,ChIJKT_kUFMBhzIRflIQko4Dd5A
Pollen Cafe,,adrian sinke,tempatnya bagus pelayanannya cepat dan makanannya juga cukup enak khususnya tuna yang sangat enak,5,09/06/2024 10:45:44,ChIJKT_kUFMBhzIRflIQko4Dd5A
Pollen Cafe,,Michell Zefanya,the besttt cafe paling enak di bitung nya makanan minumannya enak apalagi nya tuna woku nasgor kentang goreng mango smothies pokoknya hampir semuanya enak,5,07/29/2024 07:22:10,ChIJKT_kUFMBhzIRflIQko4Dd5A
Pollen Cafe,,Donald Rian,makanannya enak tempatnya bagus,5,05/19/2024 12:45:06,ChIJKT_kUFMBhzIRflIQko4Dd5A
Pollen Cafe,,Selly Puspa,sapi lada hitamnya enak cuma sayang penyajiannya cukup lam terima kasih,4,02/22/2024 05:27:20,ChIJKT_kUFMBhzIRflIQko4Dd5A
Pollen Cafe,,Vida Parady,satusatunya tempat yang layak untuk pertemuan kami ruang pertemuan yang bagus di atas resto,5,02/21/2024 13:23:06,ChIJKT_kUFMBhzIRflIQko4Dd5A
Pollen Cafe,,Y3S Story,satu cafe buat kumpul di tengah pusat kota bitung bis jadi pilihan karena area jalur transportasi publik,5,01/20/2024 05:47:51,ChIJKT_kUFMBhzIRflIQko4Dd5A
Pollen Cafe,,Henry,makanan layanan suasana,4,11/28/2023 16:24:05,ChIJKT_kUFMBhzIRflIQko4Dd5A
Pollen Cafe,,Christina R Simanjuntak,tempat yang bagus untuk rehat kopi bersama temanteman,4,09/04/2023 10:10:55,ChIJKT_kUFMBhzIRflIQko4Dd5A
Pollen Cafe,,Dwi Ramandhani,pokonya tempat paling bagus untuk buat acara meeting dan santai bersama teman maupu keluarga,5,09/01/2023 14:05:03,ChIJKT_kUFMBhzIRflIQko4Dd5A
Pollen Cafe,,Noa Howell,pertama kami harus menunggu sangat lama untuk mendapatkan makanan burger dan pasta keduanya tidak enak teman saya sudah sakit keracunan makanan selama berharihari karena burgernya selain itu kesepakatan kombi dengan burger termasuk kentang goreng tapi kami benarbenar mendapat kentang goreng selanjutnya saya minta tidak ada daging dengan pasta saya saya komunikasikan dengan jelas tapi tetap ada daging saya memutuskan untuk tetap memakannya karena kami telah menunggu lama sekali saus dengan pastanya juga rasanya sangat aneh sehingga akhirnya saya tidak memakannya sama sekali layanan buruk dan makanan buruk,1,07/13/2023 08:31:44,ChIJKT_kUFMBhzIRflIQko4Dd5A
Pollen Cafe,,Tedi Hermawan,makanannya enak dan pelayanannya sangat baik,5,06/20/2023 15:07:08,ChIJKT_kUFMBhzIRflIQko4Dd5A
Pollen Cafe,,Eka Karnawan,yang saya suka dari pollen adalah menunya tidak gimmick hampir semua ada dan tersedia kecuali kalau kehabisan pollen nya kadang enak kadang tidak belum stabil internet sama kadang cepat kadang lambat,4,05/13/2023 10:28:06,ChIJKT_kUFMBhzIRflIQko4Dd5A
Pollen Cafe,,Delpys Gaspersz,hiburan sangat kurang untuk sebuah cafe pada umumnya,3,02/24/2023 23:23:07,ChIJKT_kUFMBhzIRflIQko4Dd5A
Fu King Resto,,ingrid,makanan wajib selama pulang kampung dimanado,5,12/17/2024 08:04:32,ChIJqfxSExp1hzIR6ghPll8QE-w
Fu King Resto,,Johan Tanuwijaya,buku jari babi adalah yang terbaik babi tidak ada duanya,4,07/28/2024 14:13:53,ChIJqfxSExp1hzIR6ghPll8QE-w
Fu King Resto,,Leo L,siapa pun yang menyukai hidangan daging babi harus datang dan mencoba restoran ini mereka memiliki beragam variasi daging babi seperti buku jari goreng iga panggang perut panggang sup babi panggang dan sebagainya anda dapat mencoba dan memanjakan semua daging babi itu sekaligus jangan lupa untuk mencoba lauk pauknya seperti terong acar acar atau hidangan bunga pepaya untuk menetralkan rasa setelahnya,4,03/29/2024 00:37:03,ChIJqfxSExp1hzIR6ghPll8QE-w
Fu King Resto,,Arifin Harianto,pork knuckle nya must try crispy namun lembut paduan rica nya pas must try juga sop brenebon nya kacang merah maknyoos,5,04/13/2023 03:07:27,ChIJqfxSExp1hzIR6ghPll8QE-w
Kanzo Resto & Cafe,,CJ,kami datang ke sini pada sabtu malam kejutan musik live makanannya sangat enak dan layanannya sempurna kami merekomendasikan,5,10/18/2025 13:00:57,ChIJ-_-vvOZshzIRS1UQO08OWXc
Kanzo Resto & Cafe,,Gijs Zaalberg,makanan enak tempat yang bagus untuk minum bir dan mendengarkan musik live di hari sabtu,5,08/18/2025 02:15:55,ChIJ-_-vvOZshzIRS1UQO08OWXc
Kanzo Resto & Cafe,,R Berendsen,layanan lambat dan makanannya biasa saja saya memesan iga babi dan hanya mendapat dua potong kecil tidak cukup untuk makan malam,2,08/09/2025 12:35:00,ChIJ-_-vvOZshzIRS1UQO08OWXc
Kanzo Resto & Cafe,,cicilias,cafenya bagus makanannya enakenak minesnya cuma di toiletnya aja,4,08/04/2025 08:32:41,ChIJ-_-vvOZshzIRS1UQO08OWXc
Kanzo Resto & Cafe,,Alvin Oktavianus,tempat untuk santai bersama rekan,5,07/29/2025 10:19:26,ChIJ-_-vvOZshzIRS1UQO08OWXc
Kanzo Resto & Cafe,,sissyanti Kaluwulang,kalau ke tomohon pasti dan mutlak mampir makan nya disini tidak tau kenapa nasi cakalang kuah gedi nya nagih poll parahh,5,07/16/2025 07:12:57,ChIJ-_-vvOZshzIRS1UQO08OWXc
Kanzo Resto & Cafe,,Drew,lokasinya strategis tepat di jalan raya suasananya nyaman dan ada live music di saat tertentu cocok untuk nongkrong dengan rekanpasangan pelayanan baik beberapa makanan yg saya sering pesan paket ayam bakar dagingnya kenyal bumbu meresap rica sangat cocok paket babi bakar akan jika tawanya lebih sedikit perbanyak dagingnya,5,06/22/2025 12:40:08,ChIJ-_-vvOZshzIRS1UQO08OWXc
Kanzo Resto & Cafe,,Alexander,tidak direkomendasikan makanan dan pelayanan buruk memesan babi bakar dan terkejut menemukan bahwa sekitar di antaranya hanya lemak babi saya bertanya apakah dagingnya bisa diubah namun mereka menolak mentahmentah dengan mengatakan bahwa normal jika daging babi panggang kebanyakan mengandung lemak sejujurnya itu tidak bisa diterima ps bersiaplah menghadapi segerombolan nyamuk yang marah di malam hari secara keseluruhan bukan pengalaman bersantap yang menyenangkan,1,04/06/2025 10:37:16,ChIJ-_-vvOZshzIRS1UQO08OWXc
Kanzo Resto & Cafe,,Thexy Kaunang,serasa cafe di bali estetik skali tambh makananya pas dengan kami punya selera,5,10/24/2024 23:57:31,ChIJ-_-vvOZshzIRS1UQO08OWXc
Kanzo Resto & Cafe,,Arno De Bok,kita bule sudah tinggal di tomohon selama tahun ini tempat nongkrong terbagus disini semua kalangan datang kesini bintang,5,09/13/2024 16:51:13,ChIJ-_-vvOZshzIRS1UQO08OWXc
Kanzo Resto & Cafe,,Gravelia Tumbelaka,lama sekali nunggu hampir jam nasi gorengnya asin sekali,1,08/10/2024 07:57:14,ChIJ-_-vvOZshzIRS1UQO08OWXc
Kanzo Resto & Cafe,,Sevanya Wenur,makanan tawar harga mahal penyajian lama,1,08/10/2024 07:56:44,ChIJ-_-vvOZshzIRS1UQO08OWXc
Kanzo Resto & Cafe,,Silke Schmitt,saya tidak mengerti ulasan buruk dari tamu eropa perlu diingat bahwa tidak ada pariwisata yang signifikan di sini dan makanannya ditujukan untuk tamu lokal orang indonesia tidak suka makan makanan yang terlalu panas jika anda tidak menginginkannya anda harus memesannya secara berbeda kami telah datang ke sini secara teratur selama bertahuntahun makanannya enak dan murah,5,08/01/2024 07:35:22,ChIJ-_-vvOZshzIRS1UQO08OWXc
Kanzo Resto & Cafe,,Lorenzo Marchetti,saya minta maaf karena memberikan ulasan yang buruk dan saya harap ini hari yang sial kami memesan hidangan dan dua kentang goreng setelah beberapa menit pelayan datang dan memberi tahu kami bahwa itu tidak tersedia jadi kami memesan dua lagi saya juga memesan guinness tapi itu juga tidak ada ketika mereka akhirnya membawakan kami barangbarang yang kami pesan mereka membawakan kami buah jadi satu dari dua hidangan yang dipesan pada akhirnya tersedia tetapi kami mengirimkannya kembali sayangnya apa yang kami makan bahkan tidak enak dan kami tidak menghabiskannya sayang sekali karena suasananya sangat bagus dan kami sangat menyukai musik live saya harap itu hanya malam yang buruk,2,07/13/2024 06:14:08,ChIJ-_-vvOZshzIRS1UQO08OWXc
Kanzo Resto & Cafe,,Alessandro Bertoli,makanannya tidak bisa dimakan untuk kami dan dingin kami memesan minuman dan memintanya tiga kali dan setelah menit kami menyerah dan pergi jika anda berpikir untuk pergi ke sana kami sarankan indomart saja,1,04/04/2024 05:25:44,ChIJ-_-vvOZshzIRS1UQO08OWXc
Kanzo Resto & Cafe,,Kristofel Ruben,gbi rajawali tomohon menjadi berkat di kota tomohon,5,04/01/2024 02:19:16,ChIJ-_-vvOZshzIRS1UQO08OWXc
Kanzo Resto & Cafe,,devidahri hamdani,tempat nongkrong dan mkn yg ada d satu kota tomohon layananx bgs pelayanannya ramah dan menunya lumayan enk buat penikmat bir minuman keras lainnya tersedia dgn aneka merk memgingat udara d kota tomohon ckp dingin bslah buat menghangtkn tubuh,5,10/06/2023 21:34:11,ChIJ-_-vvOZshzIRS1UQO08OWXc
Kanzo Resto & Cafe,,Noémie HACHET,makanan lezat dan tempat yang sangat bagus dekorasinya sangat cantik dan membuat anda ingin tinggal di sana kami hanya ingin sambutanlayanan yang lebih hangattersenyum pergi ke sana anda tidak akan kecewa,4,05/24/2023 10:17:08,ChIJ-_-vvOZshzIRS1UQO08OWXc
Kanzo Resto & Cafe,,ihsan hidayat,pelayanan tergolong lama makannya keluar lama sekali tlng diperhatikan,2,05/13/2023 01:52:48,ChIJ-_-vvOZshzIRS1UQO08OWXc
Kanzo Resto & Cafe,,Ali Tantular,non halal menu makanan bervariasi dari snack sampai mknan utama kami pesan tuna bumbu rw mie kuah cakalang pork ribs grilled pork fried with rice semua recommended suasana malam hanya cocok utk kawula muda atau new married couple tidak cocok bawa anak smoking area at dining table tersedia minuman rendah alkohol jumat or sabtu malam live music,4,03/24/2023 12:08:57,ChIJ-_-vvOZshzIRS1UQO08OWXc
Restaurant Mawar Sharron Bitung,,Nendy Deni06,saya sangat suka dengan menu ayam mawar sharonmenurut saya itu enak dan soal penataan makannya juga cantik dan menggugah selerapelayanan juga ramah,5,09/23/2025 06:20:03,ChIJWUZNsZ0BhzIRV_y4IltBeHw
Restaurant Mawar Sharron Bitung,,sumuru Rindi,cocok utk santai sama temankerabatsudara dan keluarga,5,06/30/2025 05:36:53,ChIJWUZNsZ0BhzIRV_y4IltBeHw
Restaurant Mawar Sharron Bitung,,Gwyneth Emily Albertin Kario,ini adalah makanan favoritku,5,04/22/2025 08:22:15,ChIJWUZNsZ0BhzIRV_y4IltBeHw
Restaurant Mawar Sharron Bitung,,dinah susi tjokroaminoto,makanan dan servisnya baik,5,08/07/2024 15:47:51,ChIJWUZNsZ0BhzIRV_y4IltBeHw
Restaurant Mawar Sharron Bitung,,Edy Milala,pertama kali saya mencoba mawar sharron ayamnya sama seperti toko lain mawar sharron rasanya juga sama tapi sayangnya hari ini ketika saya minta struk mereka mengenakan biaya dan ada ulat di kangkungnya,2,05/15/2024 05:39:34,ChIJWUZNsZ0BhzIRV_y4IltBeHw
Restaurant Mawar Sharron Bitung,,Levi Mundung,suasananya asyik untuk kumpul makanan enak lokasi mudah di jangkau,4,02/12/2024 13:28:46,ChIJWUZNsZ0BhzIRV_y4IltBeHw
Restaurant Mawar Sharron Bitung,,Fahry Widu Lamato,selalu enak cepat saji dan cepat habis,5,07/04/2023 14:23:14,ChIJWUZNsZ0BhzIRV_y4IltBeHw
Restaurant Mawar Sharron Bitung,,Fat fatcin Fakta Cen Hendra Tan,restoran ayam goreng yang wajib anda cicipin selama di manado sambal nya tidak pedas dan menururt saya olahan sambalan ada di tambahin nenas,5,06/28/2023 19:18:39,ChIJWUZNsZ0BhzIRV_y4IltBeHw
LOKON VIEW WOLOAN,,Kip Lacy,tempat ini tampaknya ditutup secara permanen,1,07/31/2025 10:02:07,ChIJ_XRDfRFthzIRCD-ktJWNyso
LOKON VIEW WOLOAN,,Alien Backpacker,pas hari sabtu siang pergi ternyata restorannya tidak buka katanya buka malam kolam renangnya sudah tidak terurus,2,09/28/2024 11:16:57,ChIJ_XRDfRFthzIRCD-ktJWNyso
LOKON VIEW WOLOAN,,Bagas Edo,sangat cocok bagi saya,5,01/03/2024 12:05:24,ChIJ_XRDfRFthzIRCD-ktJWNyso
GEPUK BITUNG (Ex. Ayam Gepuk Pak Gembus) - Bitung,,Leonardo Salmon,minyak goreng tidak diganti warnanya hitam,1,01/15/2026 21:18:22,ChIJowuspRsBhzIRgVskgfi4Yxs
GEPUK BITUNG (Ex. Ayam Gepuk Pak Gembus) - Bitung,,Reviando Manope,awal juli sudah mulai membaik ayo guys mampir lagi rasah dan pelayanan sudah terbaik terbaikkkkkkkk crispynya sudah jumbo dan enak,5,08/30/2025 10:13:43,ChIJowuspRsBhzIRgVskgfi4Yxs
GEPUK BITUNG (Ex. Ayam Gepuk Pak Gembus) - Bitung,,Janggem Kasiuhe,awal juli sudah mulai membaik ayo guys mampir lagi rasah dan pelayanan sudah terbaik terbaikkkkkkkk crispynya sudah jumbo dan enak,5,08/30/2025 10:09:06,ChIJowuspRsBhzIRgVskgfi4Yxs
GEPUK BITUNG (Ex. Ayam Gepuk Pak Gembus) - Bitung,,Jepsy Gomies,awal juli sudah mulai membaik ayo guys mampir lagi rasah dan pelayanan sudah terbaik,5,08/30/2025 10:05:23,ChIJowuspRsBhzIRgVskgfi4Yxs
GEPUK BITUNG (Ex. Ayam Gepuk Pak Gembus) - Bitung,,ichiduck,ini bukan ayam gepuk pak gembus kalau aslinya sambal dipakein kacang jauh lebih enak ini sambal biasa aja kalau franchise ini mah sudah merubah resep asli kalau sengaja pake nama pak gembus ini penipuan krn bukan aslinya,1,08/08/2025 13:09:29,ChIJowuspRsBhzIRgVskgfi4Yxs
GEPUK BITUNG (Ex. Ayam Gepuk Pak Gembus) - Bitung,,Nikol Pua,lolo lma sekali trng jadi lapar di pendoooo,1,06/23/2024 06:18:33,ChIJowuspRsBhzIRgVskgfi4Yxs
GEPUK BITUNG (Ex. Ayam Gepuk Pak Gembus) - Bitung,,Tony Suatan,nyamanramah di utamakan,5,06/09/2024 05:36:22,ChIJowuspRsBhzIRgVskgfi4Yxs
GEPUK BITUNG (Ex. Ayam Gepuk Pak Gembus) - Bitung,,Ainun Buhari,makanan sampai somo jam da tunggu pelayanan lambat ringan lebih dulu ba pesan mkang tempat tapi siapa dapa sajikan paket ba ini lebih dulu somo reken pica maag,1,10/27/2023 11:03:33,ChIJowuspRsBhzIRgVskgfi4Yxs
GEPUK BITUNG (Ex. Ayam Gepuk Pak Gembus) - Bitung,,Sugeng M Muktiwijaya,tempat makan yang nyaman makanan luar biasa tempat makan keluarga yang enak,5,10/17/2023 04:56:23,ChIJowuspRsBhzIRgVskgfi4Yxs
GEPUK BITUNG (Ex. Ayam Gepuk Pak Gembus) - Bitung,,Khusus Enak,awalnya ini tempat enak sambelnya enak sudah tahun makan disini tapi kualitas makin ancur sorry to say masalahnya ada di karyawannya yg kerja disini tidak punya attitude ngapal menu aja tidak becus ngasih orderan selalu salah pernah suatu hari dihidangin beras apaan tidak tau kayak nasi bekas sambelnya makin asin ayamnya aja yg dihidanginnya dingin padahal sudah nunggu jam buat di bakar harga beda kadang itu sambel extra gratis kadang bayar karyawannya rese asli tidak niat kerja and the most ridiculous is wifinya dibilang khusus karyawan disini what a joke owner i saw you a dozen times and i think that you are a nice guy tapi tolong diperhatikan restomu itu tidak laku karna kelakuan karyawanmu,1,02/11/2023 08:58:10,ChIJowuspRsBhzIRgVskgfi4Yxs
eLHaHa Cafe & Resto,,Andi Z Mabbiritta,lokasinya diatas alfamart sebelahan dengan hotel prince boulevard,5,01/13/2025 08:13:17,ChIJvQl2yA91hzIRXp7x7ImJZYw
eLHaHa Cafe & Resto,,Hangga Btg,kafe untuk bersantai menikmati makanan nusantara halal nb harga turun lhocekidot,5,01/20/2024 13:35:43,ChIJvQl2yA91hzIRXp7x7ImJZYw
eLHaHa Cafe & Resto,,abram harold samperante,tempat kopi yang elegan,5,10/24/2023 10:01:51,ChIJvQl2yA91hzIRXp7x7ImJZYw
eLHaHa Cafe & Resto,,Dodi hendra,keliatan kecil dari luar ternyata bagus di dalam,5,09/01/2023 15:12:03,ChIJvQl2yA91hzIRXp7x7ImJZYw
eLHaHa Cafe & Resto,,Ronny Adolof Buol,sambal di paket tuna bakarnya juaraaaa pedas tapi ngejar ordernya juga cepat tidak sampai menit sudah datang rasanya ok rekomended resto ini nempel dengan hotel prince lokasi sangat strategis tepat di depan mall utama di kota manado hanya beberapa langkah kaki dari poros jalan utama di manado lokasi parkir cukup luas pelayannya ramah interior cukup rame pengaturan cahaya juga moody ada terasnya dengan pemandangan kesibukan lalu lintas rekomendelah,5,07/06/2023 07:59:51,ChIJvQl2yA91hzIRXp7x7ImJZYw
eLHaHa Cafe & Resto,,sherly tampian,kalau makan gadox rasanya agak asin biar lebih enak lagi,4,05/22/2023 16:21:12,ChIJvQl2yA91hzIRXp7x7ImJZYw
eLHaHa Cafe & Resto,,Hervan Ari Saputra,bagi yang mencari tempat makan dengan cita rasa khas ayo berkunjung layanannya luar biasa dan sangat cepat makanannya luar biasa dan memiliki cita rasa yang khas sangat direkomendasikan untuk makan di sini cobalah sendiri,5,04/29/2023 12:05:15,ChIJvQl2yA91hzIRXp7x7ImJZYw
eLHaHa Cafe & Resto,,Joana Matthieu,sangat lezat rasanya enak staf ramah dan layanan cepat,5,04/20/2023 08:00:39,ChIJvQl2yA91hzIRXp7x7ImJZYw
eLHaHa Cafe & Resto,,Andy Katzerl,restoran yang bagus dengan teras pilihan makanan dan minuman yang enak pelayanan yang ramah kerugian staf mengatur volume musik tergantung selera mereka rengekan keras yang tak tertahankan dari sistem suara paksa yang buruk,3,03/27/2023 04:48:24,ChIJvQl2yA91hzIRXp7x7ImJZYw
eLHaHa Cafe & Resto,,Yobel Umboh,tempat baru di manado tepatnya didepan mantos hotel prince boulevard untuk indoor air con nya super dingin ada juga outdoor yang menghadap mantos pelayanannya ok aja harga makanan lumayan pricy untuk makanan lokal yang rasanya b aja real testi kemarin sempat pesan ice vanilla latte tapi ternyata ada coffee nya dan lumayan strong mungkin jika management el haha lihat comment ini bisa ditambahkan dimenu nya penjelasan beverages nya dalam tanda kurung overall,3,01/24/2023 12:02:59,ChIJvQl2yA91hzIRXp7x7ImJZYw
eLHaHa Cafe & Resto,,Rinna,server jesika,5,01/21/2023 07:18:04,ChIJvQl2yA91hzIRXp7x7ImJZYw
eLHaHa Cafe & Resto,,Sundays Hijab,instagramable makanan enak servis oke bgt nilai plus unt waiterss yg super gercep bantu foto,5,01/11/2023 05:41:42,ChIJvQl2yA91hzIRXp7x7ImJZYw
eLHaHa Cafe & Resto,,Veronica Tammy,rasa lumayan tapi harga terlalu mahal untuk kualitas dan porsi yang didapatkan udang telur asin dalam seafood platter tidak matang not worth it,1,01/02/2023 13:09:44,ChIJvQl2yA91hzIRXp7x7ImJZYw
Okoy Flower Garden,,Marchella Sambiran,seru ada seluncuran,4,08/06/2024 14:06:04,ChIJqS7Ad-BshzIRavD7Nqahmmc
Okoy Flower Garden,,Jesica Sendoh,ad kolam pemancingan,5,03/26/2024 23:50:41,ChIJqS7Ad-BshzIRavD7Nqahmmc
Okoy Flower Garden,,Aldo Lengkong,tenang nyaman karyawannya ramah terimah kasih,5,07/07/2023 07:00:53,ChIJqS7Ad-BshzIRavD7Nqahmmc
Okoy Flower Garden,,Diane Sinengkeyan,rekomended makanan enak ada kolam renang,5,05/22/2023 07:59:56,ChIJqS7Ad-BshzIRavD7Nqahmmc
Rumah Makan Sari Rasa,,Ribka Karib,rumah makan sari rasa tempat makan terbaik yang pernah ada saya sangat senang saat makan di sini dan menikmati makanan makanan yang ada disini makanan makanan seperti yang terbaik saya sering sekali mengajak keluarga teman anak anak dan begitu juga dengan suami saya,5,10/25/2025 10:18:33,ChIJf7wOBZIBhzIR_QMUFJ82iik
Rumah Makan Sari Rasa,,Karlita Keyla,tempat makan terbaik yang pernah ada saya sering sekali makan bersama keluarga saya disini anak anak saya sering sekali mengajak saya makan disini dia berkata makanan yang ada disini sangatlah enak dengan pelayanannya yang begitu luar biasa,5,10/17/2025 08:14:54,ChIJf7wOBZIBhzIR_QMUFJ82iik
Rumah Makan Sari Rasa,,albert herwindityo Wicaksono,enak sekali di sini dan banyak pilihannya cocok buat lidah saya dari jawa,5,05/23/2025 11:24:17,ChIJf7wOBZIBhzIR_QMUFJ82iik
Rumah Makan Sari Rasa,,Terry Francis,orang makan siang rasa makanannya biasa saja,1,10/30/2024 02:00:43,ChIJf7wOBZIBhzIR_QMUFJ82iik
Rumah Makan Sari Rasa,,Hoky Lahabu,penyajiannya cepat tidak memakan waktu lama walaupun banyak orang,3,02/05/2024 06:55:19,ChIJf7wOBZIBhzIR_QMUFJ82iik
Rumah Makan Sari Rasa,,jaap palenewen,rumah kel rawung tuwo,4,01/22/2024 15:57:50,ChIJf7wOBZIBhzIR_QMUFJ82iik
Rumah Makan Sari Rasa,,Levi Mundung,banyak variasi menunya,4,08/22/2023 21:28:38,ChIJf7wOBZIBhzIR_QMUFJ82iik
Rumah Makan Sari Rasa,,Christian Rentandatu,sangat bagus,5,03/02/2023 14:57:08,ChIJf7wOBZIBhzIR_QMUFJ82iik
AW EATERY Manado,,Isabel Salvà,tempat luas bersih ac timnya sangat ramah dan profesional porsi yang bagus dan makanan enak harga bagus letaknya tepat di sebelah hotelku jadi ulangku saya merekomendasikannya,5,01/24/2026 12:47:50,ChIJd5epNzV1hzIR7jGY6aTIc7c
AW EATERY Manado,,Albertus Djarot Noersasongko,kalo kangen bakmi gm yang tidak ada di manado makan aja di sini cumanon halal,5,01/14/2026 23:08:38,ChIJd5epNzV1hzIR7jGY6aTIc7c
AW EATERY Manado,,Mykingsi Myquinsi,lokasi ok tempat parkiran kurang,4,01/13/2026 21:53:46,ChIJd5epNzV1hzIR7jGY6aTIc7c
AW EATERY Manado,,Hadi Santoso,mantap tempat makan nya bagus makanan uenakkk,5,04/23/2025 06:33:40,ChIJd5epNzV1hzIR7jGY6aTIc7c
AW EATERY Manado,,Emmy Wongkar,enak pertahankan rasanya,5,02/27/2025 00:18:52,ChIJd5epNzV1hzIR7jGY6aTIc7c
AW EATERY Manado,,Ayu Oping,makanannya enaktempatnya bersih rekomendasi sekaliiii,5,12/20/2024 12:10:22,ChIJd5epNzV1hzIR7jGY6aTIc7c
AW EATERY Manado,,Hilda,mie yang enak inti dari hidangan ini adalah lemak babi enak,5,10/11/2024 11:18:41,ChIJd5epNzV1hzIR7jGY6aTIc7c
AW EATERY Manado,,Sanny Santosa,makanan yang sangat sangat enak terbaik kami akan segera kembali,5,06/24/2024 05:43:41,ChIJd5epNzV1hzIR7jGY6aTIc7c
AW EATERY Manado,,Jeffrey Claudius,aw eatery chinese food versi rumahan signature dishnya bakmi aw untuk mie nya buat sendiri mirip tekstur bakmi gm toppingnya ada babi panggang dan babi goreng jamur kuah baso dan ampas babi sebagai pelengkapnya ada nasi hainan tekstur nasinya pas aromanya juga mantap balance menu lainnya seperti udang goreng mentega dan udang goreng telur asin jg enak steam fishnya juga ok fresh semuanya buncis cah daging babinya juga ok bakso gorengnya jg pas dan renyah,5,06/20/2024 05:52:44,ChIJd5epNzV1hzIR7jGY6aTIc7c
AW EATERY Manado,,Mama KK,makanannya enak menunya banyak,5,04/04/2024 12:47:16,ChIJd5epNzV1hzIR7jGY6aTIc7c
AW EATERY Manado,,Terry Mambo,menu sopan bersih sederhana makanan dalam perjalanan kembalikan pelanggan yang lapar,4,04/03/2024 07:19:06,ChIJd5epNzV1hzIR7jGY6aTIc7c
AW EATERY Manado,,Yeanny Rombe,masakan nya enak semua b,5,02/29/2024 07:33:53,ChIJd5epNzV1hzIR7jGY6aTIc7c
AW EATERY Manado,,Handoyo Go,restoran nyaman makanan enak dan harga bersahabat,5,12/07/2023 08:10:21,ChIJd5epNzV1hzIR7jGY6aTIc7c
AW EATERY Manado,,O D,makanan dan sandwich yang sangat lezat,5,10/22/2023 02:43:38,ChIJd5epNzV1hzIR7jGY6aTIc7c
AW EATERY Manado,,James Alfred,makanan cina yang sangat terjangkau dengan rasa yang enak daging babi panggang yang disediakan di beberapa menu sungguh nikmat mienya enak,5,09/29/2023 02:55:05,ChIJd5epNzV1hzIR7jGY6aTIc7c
AW EATERY Manado,,Alexander Gerungan,mie awnya enak nasi campurnya enak,5,09/09/2023 06:22:18,ChIJd5epNzV1hzIR7jGY6aTIc7c
AW EATERY Manado,,Sisri,sangat direkomendasikan bak mie buatan rumah iga bbq dan rum horn menu favoritku tempatnya sangat bersih dan harganya masuk akal saya datang ke sini secara teratur setiap kali saya di manado,5,08/29/2023 18:35:07,ChIJd5epNzV1hzIR7jGY6aTIc7c
AW EATERY Manado,,Leo L,jika anda mencari restoran cina yang layak anda mungkin ingin mencoba tempat ini makanannya enak banget mulai dari udang segar mie bakar dan sate non halal anda juga harus mencoba bakmie mereka menurut saya ini adalah satu hidangan terlaris,4,08/23/2023 23:31:30,ChIJd5epNzV1hzIR7jGY6aTIc7c
AW EATERY Manado,,kevin vicenza,makanannya enak tempat recommeded,5,04/22/2023 06:21:11,ChIJd5epNzV1hzIR7jGY6aTIc7c
AW EATERY Manado,,Cecilia Naritha,suka mienya,5,03/28/2023 07:55:11,ChIJd5epNzV1hzIR7jGY6aTIc7c
AW EATERY Manado,,Steven Carlo,makannya cepat dihidangkan anak anak sangat suka dengan mie dan sapo tahu mie nya daging nya berlimpah best of all is the coconut mango juice pesan akhirnya nasi gorengnya cukup enak porsinya gede next will try the empek empek tempat bersih parkir cukup utk empat mobil recommended and will come back again,5,02/19/2023 11:25:28,ChIJd5epNzV1hzIR7jGY6aTIc7c
AW EATERY Manado,,Irene Hartanto,banyak variasi menunya tempatnya bersih dan terang makanannya enak ada halal dan nonhalal service cepat pork ribsnya agak terlalu kering tp tetap enak,5,02/12/2023 14:37:01,ChIJd5epNzV1hzIR7jGY6aTIc7c
AW EATERY Manado,,Yoko Lv,rasa makanan cina yang nyaman nasi goreng dan pempeknya enak restorannya bersih dan luas stafnya sangat ramah entah kenapa selalu tidak ada sinyal untuk ponsel tidak ada ac jadi agak panas di dalam tapi secara keseluruhan enak makan di sini,4,01/29/2023 10:17:34,ChIJd5epNzV1hzIR7jGY6aTIc7c
AW EATERY Manado,,Harold Tambajong,makanan enak suasana menyenangkan harga ok,5,01/16/2023 09:09:15,ChIJd5epNzV1hzIR7jGY6aTIc7c
Secret 7,,j budianto surya,makanan enak dan tempat bersihharga merakyat,3,01/14/2026 05:13:18,ChIJheQjhm9rhzIR6NqReb5mRW4
Secret 7,,Randy Willnes,secret seven satu tempat terbaik di tomohon kelebihan makanan enak harga murah menu banyak tempat cozy bersih dan nyaman pelayanan baik ada wifi dan yg paling kami suka secretseven itu satu rm yg dedikasi ato niat banget dlm bisnis kuliner konsistensi mereka the best upgrade terus tempatmenu dan pelayanan mereka bahkan terakhir kami makan distu tmptnya didekor sesuai musim wktu itu musim natal dibandingkan rm lain disulut rasa makanan tidak konsisten tidak upgrade menu pelayanan waitres buruk sering kosong menu sering tutup tpi secretseven tidak pernah kmi makan dstu lalu pilihan kami ada yg kosong kekurangan tempat parkir kecil tpi ada indoornya tidak besar outdoornya meja kursinya tidak senyaman indoor lokasinya tidak di tengah kota tomohon jadi kalau kita ada kesibukan di tgh kota dan mau cari rm yg dekat secret seven sering kami skip krn tomohon adlh kota yg paling menjengkelkan macetnya makanya sering malas klo mau jalan jauh dri kesibukan smpe skarang secret seven tidak pernah mengecewakan kami,5,11/19/2025 11:36:42,ChIJheQjhm9rhzIR6NqReb5mRW4
Secret 7,,Audie Rudolf,rasa masakannya enak terutama ubi gorengnya mantap suasananya nyaman sayang kurang asri,5,11/08/2025 08:17:11,ChIJheQjhm9rhzIR6NqReb5mRW4
Secret 7,,Ernest Laoh,ba mampir untuk makan,5,09/24/2025 05:39:08,ChIJheQjhm9rhzIR6NqReb5mRW4
Secret 7,,Keluh Kesah,layanan take away sangat lama padahal antrian sedkit mereka utamakan yang makan di tempat dulu hadeh,1,07/23/2025 03:36:15,ChIJheQjhm9rhzIR6NqReb5mRW4
Secret 7,,Audie Rudolf,suasana resto di dalam nyaman tempat duduk untuk suasana agak kurang makanannya enak ayam lalapannya,5,04/06/2025 05:11:44,ChIJheQjhm9rhzIR6NqReb5mRW4
Secret 7,,Wahyuning Murstyani,pemesananya lamaaaa sekaleee le,1,03/15/2025 08:48:53,ChIJheQjhm9rhzIR6NqReb5mRW4
Secret 7,,Yonanta Asa dilaga,pelayanan jelek lama,1,12/28/2024 03:48:28,ChIJheQjhm9rhzIR6NqReb5mRW4
Secret 7,,Nesya Grifith,saya tidak tau kenapa setiap kali pesan take away selalu dibuat lama untuk pesanan bisa menunggu jam bahkan lebih padahal yang nongkrong disitu tidak banyak seringkali pesanan dari customer yang baru datang sudah selesai tapi pesanan saya belum juga selesai ini adalah kali ke saya pesan take away dan selalu lama kesabaran saya cukup untuk yang mau take away mohon di pertimbangkan untuk order makanan di secret tomohon not recommended,1,12/19/2024 10:53:26,ChIJheQjhm9rhzIR6NqReb5mRW4
Secret 7,,kiky palit,kudacuki sudah lama sekali aku tidak membungkusnya,1,12/19/2024 10:43:53,ChIJheQjhm9rhzIR6NqReb5mRW4
Secret 7,,Bravo Vermeulen,terjangkau enak tapi terkadang terlalu berisik,5,09/07/2024 03:08:45,ChIJheQjhm9rhzIR6NqReb5mRW4
Secret 7,,lenny denny,makanannya enak pelayan dan kasirnya ramah tempatnya nyaman cocok utk kongkow ownernya baik hati,5,08/17/2024 15:39:56,ChIJheQjhm9rhzIR6NqReb5mRW4
Secret 7,,Pingkan Melati Parengkuan,makanan enak tidak pake lama,5,08/16/2024 08:14:08,ChIJheQjhm9rhzIR6NqReb5mRW4
Secret 7,,levi kolonio,tempatnya asik makanan enak layanan nya cepat dak sabar mau kembali ulang,5,08/16/2024 02:11:04,ChIJheQjhm9rhzIR6NqReb5mRW4
Secret 7,,Berty Melcky,satu alternatif jika ingin santai makan bersama keluarga,4,04/21/2024 00:31:53,ChIJheQjhm9rhzIR6NqReb5mRW4
Secret 7,,Gladdy Tuwo,nyaman terletak di jalan utama kota tomohon,4,03/04/2024 05:57:44,ChIJheQjhm9rhzIR6NqReb5mRW4
Secret 7,,Lilis Pranoto,santai dan adem,4,12/04/2023 05:39:49,ChIJheQjhm9rhzIR6NqReb5mRW4
Secret 7,,Villy Setiono,makanan enak dengan porsi besar tapi harga terjangkau,5,08/16/2023 03:19:34,ChIJheQjhm9rhzIR6NqReb5mRW4
Secret 7,,Agustom Abraham,bersih dan enak,5,07/11/2023 08:55:19,ChIJheQjhm9rhzIR6NqReb5mRW4
Secret 7,,pcy bbh,semua makanan yg dipesan onframe pisang sepatu goreng offframe smua enak mantulitaaa cuma capcaynya terlalu berkuah untuk saya pribadi buat kalian yg lagi cari makanan dan berakhir di resto ini karna ratingnya yg terjamin memang dijamin tidak akan zonk cuma untuk layanan saya kasi bintang krn ada mba yg mukanya tidak bersahabat sambil melayani padahal cuma minta tolong sekali banyakan ke mba yg satu lagi tapi dia senyum aja mungkin bos atau manajernya bisa tolong edukasikan supaya customer bisa makan dengan tenang itu aja sih makasih,4,05/27/2023 12:56:23,ChIJheQjhm9rhzIR6NqReb5mRW4
Secret 7,,tisma liani,paling sering malam minggu,5,05/22/2023 04:57:59,ChIJheQjhm9rhzIR6NqReb5mRW4
Monobox coffe shop,,Malomboris Padang,tempat nongki mantap daerah bitung,5,01/07/2026 07:50:01,ChIJUWjEzNYBhzIRDdwlqts3xvY
Monobox coffe shop,,Deny Anyer,cafe ini tempat nya strategis di tengah kota bitung cocok untuk bersantai meeting bersama teman kerja rasa makanan dan minuman nya standar,4,11/21/2025 17:48:38,ChIJUWjEzNYBhzIRDdwlqts3xvY
Monobox coffe shop,,Rina Malumbot,good ambience hospitality makin bagus makanan minuman juga enak dan affordable can be really crowded but overall really good place very recommend stop,5,10/22/2025 15:45:29,ChIJUWjEzNYBhzIRDdwlqts3xvY
Monobox coffe shop,,Nadim Glauser,kami pergi ke kedai kopi ini secara kebetulan karena kami sangat menyukai muralnya kami disambut dan dilayani dengan sangat ramah oleh orangorang dan staf secara kebetulan kami bermain catur dengan pemiliknya dan dapat menghabiskan waktu yang sangat menyenangkan di sana dan memainkan beberapa permainan,5,10/15/2025 16:33:42,ChIJUWjEzNYBhzIRDdwlqts3xvY
Monobox coffe shop,,Paulina Walansendow,tuna goreng tepung udang goreng tepung enak juga syg banyak menu yg tidak ada,5,03/19/2025 05:49:16,ChIJUWjEzNYBhzIRDdwlqts3xvY
Monobox coffe shop,,Rivaldi Mulia Rachman,cafe tempat ngopi,5,02/24/2025 16:42:15,ChIJUWjEzNYBhzIRDdwlqts3xvY
Monobox coffe shop,,Meidy Watulingas,halalbiapong nya enakkkkkk,4,12/10/2024 01:25:48,ChIJUWjEzNYBhzIRDdwlqts3xvY
Monobox coffe shop,,Faisal Eyato,sangat lama sekali apalwng nya bayarnnti sudah tatigo baru mau ada,1,09/28/2024 14:14:40,ChIJUWjEzNYBhzIRDdwlqts3xvY
Monobox coffe shop,,Geraldi Tomuka,pelayanan buruk makanan tidak enak tawar,1,06/08/2024 14:44:13,ChIJUWjEzNYBhzIRDdwlqts3xvY
Monobox coffe shop,,Prayshe Rumbayan,untuk rasa minuman khasnya tidak sesuai dengan harganya,1,06/05/2024 14:54:29,ChIJUWjEzNYBhzIRDdwlqts3xvY
Monobox coffe shop,,Geo Kangkanu,kopinya mengecewakan untuk harga yang lumayan kyknya msti ada perubahan untuk signaturenya udh harganya lumayan tapi rasanya tawar banget,1,06/05/2024 14:51:40,ChIJUWjEzNYBhzIRDdwlqts3xvY
Monobox coffe shop,,Rahmat Phulu,makanannya enakenak pelayanannya ramah suasananya cukup nyaman untuk nongkrong,4,05/22/2024 07:13:35,ChIJUWjEzNYBhzIRDdwlqts3xvY
Monobox coffe shop,,Ky•,tempat bersantai di bintang paling stabil,5,05/21/2024 15:38:24,ChIJUWjEzNYBhzIRDdwlqts3xvY
Monobox coffe shop,,yayan kurniawan,luar biasa mantap bagus rekomendasi pokok nya,5,05/13/2024 08:51:58,ChIJUWjEzNYBhzIRDdwlqts3xvY
Monobox coffe shop,,noob neww,da mkn dengan minum di luar lalu tiba hujan jdi kami pindah ka tmpa berteduh pas pndh di dlm bknnya mereka tawarkan kursi mereka se biar ba diri amper jam tidak ad sma sekali mereka tawarkan kursi nya karyawan mlah badiam cuma angka kaki bknnya beri pada costumer itu tempat dudu malah cuma da taruh nya tas dengan nya kaki kadera dia pake for nya kaki denk tas baru nya karyawan laki sibuk sndiri dudu bknnya iseng tawarkan kursi mlh cuma da bingung yaki pdhal tidak ba layani spapun wlaupun self service tapi itu kadera blh to mau bwa nya karna hujan lalu lap masa kami mau pergi ambil itu kadera basah lalu lap sndiri playann buruk ad le costumer bru da datang bukan mereka tawarkan mereka ksiang cuma da badiri trus sma dengan org bingung kira cuma kami dpa bkeng bgtu nntau ternyata ad le itu lain mereka bkeng bgtu,1,04/27/2024 16:50:32,ChIJUWjEzNYBhzIRDdwlqts3xvY
Monobox coffe shop,,Linda Minoz,pelayanan tidak bagus jam lebih berdiri menunggu hujan reda bukannya di tawarkan kursi sama para karyawan mala cuek dengan cs padahal kita baru memesan makana dan minuman dan langsung hujan deras,1,04/27/2024 16:50:07,ChIJUWjEzNYBhzIRDdwlqts3xvY
Monobox coffe shop,,Jan Gimon,tempat yang keren buat nongkrong makanan recommended semua,5,03/09/2024 06:45:11,ChIJUWjEzNYBhzIRDdwlqts3xvY
Monobox coffe shop,,Rian Botax,pelayananya tidak memuaskankita pesan indomie kuah nunggunya jam lebihkecewa dgn pelayananya,1,02/22/2024 13:47:13,ChIJUWjEzNYBhzIRDdwlqts3xvY
Monobox coffe shop,,Denz The Great,enak buat nongkrong bersama kawan,4,10/11/2023 05:50:39,ChIJUWjEzNYBhzIRDdwlqts3xvY
Monobox coffe shop,,xXx Cuz,tempat ngopi pusat kota yg cukup recomended banget,5,08/13/2023 15:54:04,ChIJUWjEzNYBhzIRDdwlqts3xvY
Monobox coffe shop,,Adriaan Pitoy,bisa pilih lesehanoutdoormusikdibawa pohon menu goroho stick kopi vitnam etc,2,07/17/2023 10:04:37,ChIJUWjEzNYBhzIRDdwlqts3xvY
Monobox coffe shop,,Wahyuddin Ansar,layanannya bagus makanan standar dan suasana asyik,4,07/06/2023 14:14:00,ChIJUWjEzNYBhzIRDdwlqts3xvY
Monobox coffe shop,,Joy Gimon,enak untuk nongkrong,5,04/24/2023 13:25:28,ChIJUWjEzNYBhzIRDdwlqts3xvY
Monobox coffe shop,,Setyo Nugroho,tempat asik untuk nongkrong dan ngopi,5,03/12/2023 07:37:17,ChIJUWjEzNYBhzIRDdwlqts3xvY
Monobox coffe shop,,Y3S Story,konsep outdoor satu coffee shop yg keren di bitung cocok untuk anak anak muda buat nongkrong ada wifi menu kopi dan non kopi panas dan dingin di ahri tertentu ada yg perform stand up comedy keren aich tempatnya,5,02/28/2023 13:24:18,ChIJUWjEzNYBhzIRDdwlqts3xvY
Pepper Lunch Manado Town Square,,Lutviana Novriza B,makanan enak pelayanannya juga baik,5,01/31/2026 10:40:35,ChIJb9GfgOJ0hzIRbijlCvwSjns
Pepper Lunch Manado Town Square,,Patricia Maweikere,tempatnya bagus dan cepat saji,5,01/25/2026 05:33:45,ChIJb9GfgOJ0hzIRbijlCvwSjns
Pepper Lunch Manado Town Square,,ismurtyanto t. nugroho,langganan sejak di jakarta,5,01/19/2026 11:59:14,ChIJb9GfgOJ0hzIRbijlCvwSjns
Pepper Lunch Manado Town Square,,rahma mokodompis,tempat makan nyaman dan enak recomended,5,01/17/2026 08:12:30,ChIJb9GfgOJ0hzIRbijlCvwSjns
Pepper Lunch Manado Town Square,,Arianta Kaban,makanan nya enakpelayanan ramahjosss banget,5,01/16/2026 08:52:48,ChIJb9GfgOJ0hzIRbijlCvwSjns
Pepper Lunch Manado Town Square,,D Korn,mendapatkan pengalaman bersantap baru makanan disajikan dalam piring panas di mana makanan terus digoreng artinya anda bisa memasak daging sesuka anda porsinya cukup besar,4,01/13/2026 17:03:46,ChIJb9GfgOJ0hzIRbijlCvwSjns
Pepper Lunch Manado Town Square,,santi husain,playananx baik makanan enak,5,01/10/2026 04:22:57,ChIJb9GfgOJ0hzIRbijlCvwSjns
Pepper Lunch Manado Town Square,,Rikha Sinampu,enak dan worth it lebih murah pakai voucher tiktok,5,01/09/2026 05:27:41,ChIJb9GfgOJ0hzIRbijlCvwSjns
Pepper Lunch Manado Town Square,,Chervi,wowww makanya emang enak bangett apalagi cheese pullnyaa emang harus coba ya guyss,5,01/08/2026 09:58:45,ChIJb9GfgOJ0hzIRbijlCvwSjns
Pepper Lunch Manado Town Square,,DSRM,jika anda ingin makan cepat dan mudah namun lezat inilah tempatnya hidangan selalu lezat di menu dan anda akan merasa nyaman dan kenyang selalu layak untuk mengulangi tempat ini,5,01/04/2026 16:03:09,ChIJb9GfgOJ0hzIRbijlCvwSjns
Pepper Lunch Manado Town Square,,Sella Theresia Theresia,tempat yang bagus terima kasih banyak,5,01/04/2026 11:43:39,ChIJb9GfgOJ0hzIRbijlCvwSjns
Pepper Lunch Manado Town Square,,Avilasdar,makanan enak layanan baik suasana kurang dingin ac nya mesti ditambah sedikit selalu puas makan disini meskipun harganya lumayan untuk kamu mendang mending,5,01/01/2026 11:11:27,ChIJb9GfgOJ0hzIRbijlCvwSjns
Pepper Lunch Manado Town Square,,J.R. Tacazily,terima kasih atas pelayanannya,5,12/30/2025 09:05:17,ChIJb9GfgOJ0hzIRbijlCvwSjns
Pepper Lunch Manado Town Square,,Kurnia Angriani,makanannya enak kakak pegawai disini baik dan ramah,5,12/25/2025 07:03:03,ChIJb9GfgOJ0hzIRbijlCvwSjns
Pepper Lunch Manado Town Square,,budy Karmoy,makanannya enak dan rasa bikin tambah selera mantap,5,12/22/2025 13:09:17,ChIJb9GfgOJ0hzIRbijlCvwSjns
Pepper Lunch Manado Town Square,,Cerita Celia,tempat makan enak,5,12/14/2025 10:21:49,ChIJb9GfgOJ0hzIRbijlCvwSjns
Pepper Lunch Manado Town Square,,Willie lalujan,temapt bagus makanan enak,5,12/13/2025 13:09:31,ChIJb9GfgOJ0hzIRbijlCvwSjns
Kelapa 17 Tomohon,,DOSHIN PARK,kelihatannya seperti restoran khusus daging babi tapi kuah pedas yang disajikan dengan ikan dan nasi enak dan layak untuk disantap iga babi panggang juga enak menurut saya restoran ini terkenal dengan kepala babi gorengnya semua orang di daerah setempat memakan kepala babi,4,11/20/2025 02:55:44,ChIJ_f4shr5thzIRXnOmevKoFj4
Kelapa 17 Tomohon,,CJ,kami berhenti di sini secara kebetulan dan itu cukup bagus sup ikan dengan nasi dan sayuran dan bagi saya bebek bumbu rw hatihati pedasnya wow pelayanan sempurna dan tempat bersih krp,5,10/19/2025 05:28:30,ChIJ_f4shr5thzIRXnOmevKoFj4
Kelapa 17 Tomohon,,Denny Moningka,harga terjangkau dan enak menu dari makanan banyak pilihan suasana dan tempat sangat mendukung nyaman dan luas,5,09/12/2025 13:37:35,ChIJ_f4shr5thzIRXnOmevKoFj4
Kelapa 17 Tomohon,,Yeski Ezequiel de Yong,tempat bagus rasa biasa harga agak mahal mudah di jangkau dekat dengan pusat kota tempat yang sejuk suasana romantis soto rusuk c babi bakar c ragey b kangkung a sambal b tinoransak c pelayan kurang informatif,3,09/07/2025 14:20:20,ChIJ_f4shr5thzIRXnOmevKoFj4
Kelapa 17 Tomohon,,Bo Grabowski,kualitas bagus jauh dari standar di manado itu buruk musik keras dan layanan yang tidak mempertimbangkan pelanggan,1,08/24/2025 05:01:17,ChIJ_f4shr5thzIRXnOmevKoFj4
Kelapa 17 Tomohon,,Alfin Mario,oink oink oink menu daging babi pork hunter yummy,5,08/23/2025 23:57:41,ChIJ_f4shr5thzIRXnOmevKoFj4
Kelapa 17 Tomohon,,Sani Saliwardaya,suasananya amat nyaman walau pun banyak pengunjung rasa makanannya standar tidak terlalu istimewa,4,07/28/2025 14:53:01,ChIJ_f4shr5thzIRXnOmevKoFj4
Kelapa 17 Tomohon,,Sipliana Betti,the bestapalagi babi torenya pakai daging lapis,5,07/17/2025 03:36:34,ChIJ_f4shr5thzIRXnOmevKoFj4
Kelapa 17 Tomohon,,Drew,lokasi strategis tempatnya outdoor nyaman dan sejuk pelayanan baik harga cukup terjangkau dan sesuai dengan porsi yang diberikan saya pesan nasi babi tore,5,05/29/2025 04:30:46,ChIJ_f4shr5thzIRXnOmevKoFj4
Kelapa 17 Tomohon,,Mike S,tempat ini terkenal dengan kepala babi madunya jadi itulah yang kami dapatkan kulitnya renyah dan manis dagingnya empuk dan gurih pisaunya disediakan restoran langsung meresap ke dalamnya mereka juga menawarkan sate ragey dengan tusuk sate yang panjang tapi sejujurnya itu hanya pertengahan ada kemarahan yang jauh lebih baik di luar sana jika anda di sini pilihlah kepala babi ini adalah item terbaik di menu atapnya terbuat dari lembaran baja dan paling parah jika hujan para pelayannya agak lambat tapi sejujurnya semua orang di sini hidup dengan lambat jadi tidak bisa banyak mengeluh,5,05/25/2025 00:01:24,ChIJ_f4shr5thzIRXnOmevKoFj4
Kelapa 17 Tomohon,,Exsel Mamahit,om om jaga parkir tidak sopan dan tidak tau hadat tidak apa ada tukang parkir tapi lebih baik tukang parkir yg sekarang diganti saja,4,05/07/2025 14:52:35,ChIJ_f4shr5thzIRXnOmevKoFj4
Kelapa 17 Tomohon,,Jackson Pendong,tempatnya bagus di tomohon tapi harganya sudah mahal untuk orang biasa,5,03/05/2025 23:25:08,ChIJ_f4shr5thzIRXnOmevKoFj4
Kelapa 17 Tomohon,,reyni wantania,makanan enak tempat bersih,5,01/06/2025 02:39:14,ChIJ_f4shr5thzIRXnOmevKoFj4
Kelapa 17 Tomohon,,Kevin T,pelayanannya kurang bagus ada pesan ikan tuna tapi lama diantar pengunjung lain baru datang karena pesan ikan babi malah di dahulukan pokonya pelayanan rm kelapa tomohon pelayananya tidak baguslebih baik di uji lagi para pelayannya supaya lebih efektif dalam pekerjaanagar tidak memilih pesanan mana yang harus di dahulukan harus sesuai siapa lebih dulu yang memesan makanan,1,12/24/2024 09:05:05,ChIJ_f4shr5thzIRXnOmevKoFj4
Kelapa 17 Tomohon,,silvia tumundo,makanannya enak pelayanan nya bagus n cepat,5,10/19/2024 08:26:17,ChIJ_f4shr5thzIRXnOmevKoFj4
Kelapa 17 Tomohon,,Jessica Claresta,sorry to say tapi babi torehnya keras bgt kayak batu seperti overcooked gosong cukup mengecewakan awalnya mau pesan panggang tapi habis tidak tau emg gini rasanya sm yg di manado atau lagi apes aja,3,10/16/2024 12:57:27,ChIJ_f4shr5thzIRXnOmevKoFj4
Kelapa 17 Tomohon,,Jhony Rian Setiawan Saragih,bagi pecinta babi silahkan dicoba,5,10/08/2024 08:44:54,ChIJ_f4shr5thzIRXnOmevKoFj4
Kelapa 17 Tomohon,,Sébastien A,tunanya enak sayuran bisa menjadi lebih baik agak mahal untuk apa yang anda dapatkan tapi layanannya bagus,4,09/17/2024 02:59:58,ChIJ_f4shr5thzIRXnOmevKoFj4
Kelapa 17 Tomohon,,Denny,bagi pencinta masakan babi hrs mampir disini sayur pangi nya jg enak semua makanan nya enak gurih menggugah selera puas makannya mantap,5,08/26/2024 01:02:58,ChIJ_f4shr5thzIRXnOmevKoFj4
Kelapa 17 Tomohon,,rivo tentero,makanannya enak suasana nyaman tempatnya bersih terawat pelayanannya baik tempatnya bagus untuk kumpul bersama keluarga atau bersama temanteman parkirnya luas,5,07/03/2024 00:15:33,ChIJ_f4shr5thzIRXnOmevKoFj4
Kelapa 17 Tomohon,,Brain Langelo,tempat ok menu banyak yg kosong satu lagi note ada tikus jln di kabel lantai takutnya lg makan trus tikusnya jatuh kebawah,3,06/19/2024 01:04:13,ChIJ_f4shr5thzIRXnOmevKoFj4
Kelapa 17 Tomohon,,Susan Oroh,semua menu hampir habispesanannya hampir jam nunggudatangnya satusayur sama sup di cancell karna sudah selesai makan blom ready mohon diperhatikan lagi sukses selalu,1,06/18/2024 05:40:18,ChIJ_f4shr5thzIRXnOmevKoFj4
Kelapa 17 Tomohon,,Eting,nuansa restorannya bagus luas namun sayang makanan yg di sajikan kurang enak kepala b rusuk b terlalu kering rica dabu seperti br keluar dr kulkas rica bakarnya jg rasanya tidak seperti rica masakan manado pd umumnya yg rasanya enak mohon lebih diperhatikan lg krn bnyk mobil travel wisatawan yg datang,3,05/31/2024 00:32:49,ChIJ_f4shr5thzIRXnOmevKoFj4
Kelapa 17 Tomohon,,CAESAR THE PITBULL,kepala babi panggang madu still the best,4,05/29/2024 02:52:00,ChIJ_f4shr5thzIRXnOmevKoFj4
Kelapa 17 Tomohon,,Cindy Lanovia,dunia babi tapi tenang ada ikan dan ayam juga ready buat kalian yg tidak bisa makan babi harga relatif mahal untuk porsi yg biasa aja dan rasa yg biasa aja,3,05/15/2024 13:58:01,ChIJ_f4shr5thzIRXnOmevKoFj4
Rm.Sup Bete Ba CI Merry,,Wisely Tan,layak untuk mie k hampir seperti udon dengan sup babi pemiliknya sangat rendah hati,4,03/20/2024 08:00:55,ChIJ8yjscNABhzIRXkiOyQ4UWFg
Rm.Sup Bete Ba CI Merry,,Rosdiana Yulin,makanan nya enak pelayanan ramah tapi klo bisa harganya rb rata,4,03/20/2023 07:51:42,ChIJ8yjscNABhzIRXkiOyQ4UWFg
Rameshan Megamall Manado,,M Store,pelayanan yang sangat baik,5,01/28/2026 08:44:00,ChIJhWyTFwB1hzIRuXfkyWDXL_Y
Rameshan Megamall Manado,,Tiska Ayu,makanan nya enak tempat nya nyaman buat santai,5,01/25/2026 11:54:09,ChIJhWyTFwB1hzIRuXfkyWDXL_Y
Rameshan Megamall Manado,,Frely Pianaung,dekorasinya cantik bangetmakanannya enak,5,01/24/2026 06:17:46,ChIJhWyTFwB1hzIRuXfkyWDXL_Y
Rameshan Megamall Manado,,Riezka,desain interior yang lucu variasi menunya juga banyak es teh pandan adalah minuman favoritku,4,12/03/2025 13:55:27,ChIJhWyTFwB1hzIRuXfkyWDXL_Y
Rameshan Megamall Manado,,Rasya Andit,rumah makan terbaik yang pernah ada dan saya sangat senang karena rumah makan disini begitu terbaik dan sangat menyenang kan dan saya juga sering memakan makanan di sini bersama dengan keluarga teman anak anak dan juga dengan suami saya,5,11/14/2025 16:44:23,ChIJhWyTFwB1hzIRuXfkyWDXL_Y
Rameshan Megamall Manado,,Dear,tempatnya bagus pelayanannya baik makananya enak peyajian juga cepat terus lumayan murah harganya,5,10/22/2025 02:47:06,ChIJhWyTFwB1hzIRuXfkyWDXL_Y
Rameshan Megamall Manado,,Yeski Ezequiel de Yong,selalu antrian panjang konter banyak pelayan sedikit,2,09/21/2025 05:49:52,ChIJhWyTFwB1hzIRuXfkyWDXL_Y
Rameshan Megamall Manado,,Rany Tasiam,favorite udang ceria sambal dan telurnya enaak,5,09/14/2025 04:56:57,ChIJhWyTFwB1hzIRuXfkyWDXL_Y
Rameshan Megamall Manado,,Rany,makanannya enak pelayannya ramah langganan selalu kesini,5,09/14/2025 04:56:12,ChIJhWyTFwB1hzIRuXfkyWDXL_Y
Rameshan Megamall Manado,,natalia kolondam,makanannya enak pelayannanya ramah,5,09/13/2025 09:29:57,ChIJhWyTFwB1hzIRuXfkyWDXL_Y
Rameshan Megamall Manado,,Lidya Sundami,makanannya enak pelayanan ramah tempat nyaman dan aesthetic,5,09/10/2025 12:54:33,ChIJhWyTFwB1hzIRuXfkyWDXL_Y
Rameshan Megamall Manado,,Waras Nuryanti,tempat nyaman pelayanannya ramah,5,09/10/2025 12:54:18,ChIJhWyTFwB1hzIRuXfkyWDXL_Y
Rameshan Megamall Manado,,gresilia assa (kim niki),pelayanan nya bagus,5,09/09/2025 08:44:24,ChIJhWyTFwB1hzIRuXfkyWDXL_Y
Rameshan Megamall Manado,,Sara Tando,tempatnya bersih dan rapi makanannya enak harga terjangkau,5,09/07/2025 03:28:19,ChIJhWyTFwB1hzIRuXfkyWDXL_Y
Rameshan Megamall Manado,,Kezia Lumenta,makanan nya enak pelayanannya cepat tempatnya nyaman kekinian rekomended bersama keluarga,5,09/07/2025 03:26:10,ChIJhWyTFwB1hzIRuXfkyWDXL_Y
Rameshan Megamall Manado,,Allan Q,yummy cuma dsni rekomend pake bangetttt,5,09/06/2025 09:39:18,ChIJhWyTFwB1hzIRuXfkyWDXL_Y
Rameshan Megamall Manado,,ampriv qxx1t,enak banget rekomend bgt untuk keluarga,5,09/06/2025 09:37:59,ChIJhWyTFwB1hzIRuXfkyWDXL_Y
Rameshan Megamall Manado,,Colces Nia,nyaman harga terjangkau,5,09/05/2025 12:32:52,ChIJhWyTFwB1hzIRuXfkyWDXL_Y
Rameshan Megamall Manado,,Indot tt,pelayanannya baik makanannya enak,5,09/05/2025 11:55:11,ChIJhWyTFwB1hzIRuXfkyWDXL_Y
Rameshan Megamall Manado,,Alfanny Tawera,makanannya enak pelayanannya bagus,5,09/05/2025 11:54:57,ChIJhWyTFwB1hzIRuXfkyWDXL_Y
SLIEV Coffee & Eatery,,Knud Holgerson,suka tempat ini makanan enak staf ramah,5,01/19/2026 03:28:12,ChIJM1cxvTtthzIRCsb6s-ku2pw
SLIEV Coffee & Eatery,,Sohn,ini adalah kafe tercantik yang bisa anda kunjungi di pusat kota tomohon bangunan kafenya sendiri cantik tapi bagian dalam lantai satu dan pemandangan dari lantai tiga sungguh indah minumannya keluar menit setelah dipesan dan makanannya keluar menit kemudian jadi tidak perlu menunggu tenang banyak kursi dan ada colokan listrik serta wifi di setiap lantai jadi cocok untuk pekerjaan pribadi interiornya bersih makanannya enak dan kopinya sangat nikmat sehingga saya tidak bisa menahan diri dan memesan secangkir lagi sangat direkomendasikan,5,01/17/2026 04:43:47,ChIJM1cxvTtthzIRCsb6s-ku2pw
SLIEV Coffee & Eatery,,Rivo F. A. Kakunsi,kopi enak makanan enak pelayanan bagus lanjutkan kerja baikmu,5,01/16/2026 04:07:52,ChIJM1cxvTtthzIRCsb6s-ku2pw
SLIEV Coffee & Eatery,,Mr.Glowing Upkan,pertama kali saya datang ke cafe sebagus ini tapi menunggu pesanannya hampir jam terus ketika ditanya selalu pelayannya bilang sementara sementara tempat parkirnya juga susah parkir jauh pesanan lambat sangat tidak direkomendasikan,1,01/11/2026 14:12:19,ChIJM1cxvTtthzIRCsb6s-ku2pw
SLIEV Coffee & Eatery,,keshya 123frisca,ngak sengaja nemu tempat ngopi yg dekat dari sate roy tempatnya oke modern suasana nyaman dan bersih pesan americanocappucino cake coklat banana krispi rekomen buat ngopi didaerah tomohon,4,01/08/2026 09:13:40,ChIJM1cxvTtthzIRCsb6s-ku2pw
SLIEV Coffee & Eatery,,WILLIAM JOSHUA,mohon pastikan kesiapan orang yang bertanggung jawab di kitchen dan koordinasi antara waiters kitchen saat rush hour untuk kualitas makanan harga dan pelayanan tidak worth it menunggu hampir dua jam dengan segala miskomunikasi yang terjadi antar staf,2,01/02/2026 19:14:24,ChIJM1cxvTtthzIRCsb6s-ku2pw
SLIEV Coffee & Eatery,,Indah Sucia humairo,tempat yang nyaman untuk penyembuhan dan suasananya begitu santai dan makanannya enak,5,12/27/2025 01:41:54,ChIJM1cxvTtthzIRCsb6s-ku2pw
SLIEV Coffee & Eatery,,Gladdy Tuwo,kopi terbaik,5,12/26/2025 22:52:57,ChIJM1cxvTtthzIRCsb6s-ku2pw
SLIEV Coffee & Eatery,,Gijoe roc,baru bs kasih review mochaccino ice tp kok dominan choconya ya,3,12/20/2025 16:51:43,ChIJM1cxvTtthzIRCsb6s-ku2pw
SLIEV Coffee & Eatery,,Eggy Kandou,tempatnya bagus dan nyaman pelayanannya baik dan juga ramah,5,12/08/2025 10:19:10,ChIJM1cxvTtthzIRCsb6s-ku2pw
SLIEV Coffee & Eatery,,손경은,ini adalah restoran dengan pemandangan terbaik di tomohon cara mengelola pinjaman yang dapat diperoleh dengan baik bgm,5,11/19/2025 14:10:44,ChIJM1cxvTtthzIRCsb6s-ku2pw
SLIEV Coffee & Eatery,,Aufa MF,kafe yang nyaman untuk nongkrong atau bekerja,5,11/17/2025 15:45:11,ChIJM1cxvTtthzIRCsb6s-ku2pw
SLIEV Coffee & Eatery,,A nonim,tempat bagus bersih bisa sambil kerja kursi nyaman toilet bersih beragam pilihan menu okinawa milk tea tidak recommended,4,11/16/2025 15:40:12,ChIJM1cxvTtthzIRCsb6s-ku2pw
SLIEV Coffee & Eatery,,Yosephine Debbie Damayanti,cafe yang sangat oke untuk belajarbekerja karna nuansanya yang nyaman view estetik harga super oke pelayanan juga sangat oke ada pelayan yang stand by jadi jika ingin tambah pesanan bisa langsung gercep cuma mungkin jangan yang terlalu terkesan mengawasi entah pada saat makanmembayar bagi introver ini satu aspek yang penting,5,11/08/2025 14:16:30,ChIJM1cxvTtthzIRCsb6s-ku2pw
SLIEV Coffee & Eatery,,Fl MA,kafe modern dengan kopi enak sayangnya kopi disajikan dalam gelas plastik sama sekali tidak diperlukan saat dikonsumsi di tempat dan di manamana di alam plastik berserakan,4,11/07/2025 06:20:01,ChIJM1cxvTtthzIRCsb6s-ku2pw
SLIEV Coffee & Eatery,,Cristoper Sendu,pengalaman yang sangat bagus,5,10/29/2025 00:58:49,ChIJM1cxvTtthzIRCsb6s-ku2pw
SLIEV Coffee & Eatery,,Feri Cristian umar,makanan sangat enak minuman juga sangat enak pelayanan juga sangat ramah suasana juga sangat indah apalagi di lantai yg berlatar belakang gunung lokon sangat indah menurutku ini adalah coffe terbaik dari coffe lain semoga sukses selalu,5,10/23/2025 02:43:02,ChIJM1cxvTtthzIRCsb6s-ku2pw
SLIEV Coffee & Eatery,,Ribcha Lumangkun,tempatnya sangat aesthetic kopinya enakk makanan sama snacksnya jg okee untuk segi harga worth it bgt bgtaaaann sih makan dengan view secantik ini,5,10/17/2025 23:36:16,ChIJM1cxvTtthzIRCsb6s-ku2pw
SLIEV Coffee & Eatery,,Лиза Белявская,kami mengunjungi kafe yang sangat bagus ini dua kali kedua kali kami memesan kopi yang sangat enak saya kebanyakan makan hidangan dari menu eropa dan pacar saya memesan makanan lokal dan saya akan kembali jika kita memiliki lebih banyak waktu di sini menunya banyak jadi kamu pasti akan menemukannya sendiri terima kasih banyak kepada pemilik kafe ini karena ini luar biasa,5,09/15/2025 05:19:03,ChIJM1cxvTtthzIRCsb6s-ku2pw
SLIEV Coffee & Eatery,,Simon Romann,hargakinerja terlampaui untuk harga di lokasi seperti itu dan makanannya juga sangat enak kopi juga,5,09/14/2025 06:09:02,ChIJM1cxvTtthzIRCsb6s-ku2pw
SLIEV Coffee & Eatery,,Marco Untu,chill cafe super luas good food and beverages parkir kurang gede tidak floor agak engap dikit hehe idk why a lil bit lama nunggu makan but not that long,4,08/30/2025 00:51:03,ChIJM1cxvTtthzIRCsb6s-ku2pw
SLIEV Coffee & Eatery,,Promptus Data,makanan enak staf yang ramah capuchino yang sangat enak band inklusif gaya barat,5,08/25/2025 03:47:19,ChIJM1cxvTtthzIRCsb6s-ku2pw
SLIEV Coffee & Eatery,,icha melisa (Melisa cloudia),nyaman makanannya enak tempatnya luas suasananya menyenangkan ada beberapa pilihan tempat duduk ada suasana alam bisa di rooftop ada view gunung lokon di lt cocok buat work from cafe pelayanannya bagus,5,08/23/2025 13:44:56,ChIJM1cxvTtthzIRCsb6s-ku2pw
SLIEV Coffee & Eatery,,Navadila Susanto,tempatnya cozy dn nyaman,5,08/12/2025 01:24:29,ChIJM1cxvTtthzIRCsb6s-ku2pw
SLIEV Coffee & Eatery,,ismurtyanto t. nugroho,rica cakalang asap banana americano gohu dingin panorama gunung lokon di lantai very recommended,5,07/26/2025 09:47:58,ChIJM1cxvTtthzIRCsb6s-ku2pw
"Rumah Makan Ikan Bakar ""Om Mando",,Zainal Ahmadi,ikan bakarnya mantapp,5,12/31/2025 01:49:37,ChIJHVIGHsIBhzIRWLuk9zCfRGo
"Rumah Makan Ikan Bakar ""Om Mando",,Traveller,ini adalah tempat yang sangat bagus jika anda suka ikan segar ini dia akan ada sedikit nasi dan sedikit sayuran tapi bagaimanapun ikannya adalah bintangnya ia dipanggang dengan sempurna mereka melakukannya setiap hari dan hanya itu yang mereka lakukan anda dapat memilih bertanya tentang harga dan menikmati anda juga dapat memesan jenis yang lebih mahal seperti lobster dll untuk hari lain karena mereka tidak memiliki semua stok sehingga terlalu mahal untuk toko lokal sangat direkomendasikan jika anda menyukai ikan bakar,5,10/31/2025 17:04:48,ChIJHVIGHsIBhzIRWLuk9zCfRGo
"Rumah Makan Ikan Bakar ""Om Mando",,Ahmad Zunanto efendi,untuk parkiranya agak susah,5,12/28/2024 21:05:17,ChIJHVIGHsIBhzIRWLuk9zCfRGo
"Rumah Makan Ikan Bakar ""Om Mando",,mahfudzh hidayatullah,hidden gem tempat makan ikan laut di kota bitung,5,12/09/2024 06:24:29,ChIJHVIGHsIBhzIRWLuk9zCfRGo
"Rumah Makan Ikan Bakar ""Om Mando",,Maliki Rusimin,ikan bakar terr ter terr weeeenaaaak,5,01/13/2024 11:27:38,ChIJHVIGHsIBhzIRWLuk9zCfRGo
"Rumah Makan Ikan Bakar ""Om Mando",,Hanz Budi Setiawan Dandel,warung ikan bakar yang enak di bitung,5,09/22/2023 08:07:04,ChIJHVIGHsIBhzIRWLuk9zCfRGo
Elmonts Coffee & Roastery,,Carmen Sprus,kopi barista terbaik di indonesia stafnya luar biasa sangat berpengetahuan tentang kopi dan bahkan menawarkan tur di belakang kafe untuk menjelajahi perkebunan mereka,5,01/19/2026 15:10:45,ChIJeW2XkINshzIR_ZdmogCH7UE
Elmonts Coffee & Roastery,,Knud Holgerson,kopinya enak pemiliknya sangat ramah kopinya dihasilkan sendiri,5,01/17/2026 01:28:04,ChIJeW2XkINshzIR_ZdmogCH7UE
Elmonts Coffee & Roastery,,kat,kopi yang benarbenar enak kami mencicipi espresso coklat pemilik yang ramah percakapan kami cukup menyenangkan staf menunjukkan kepada kami beberapa pohon kopi di halaman belakang berhenti informatif pergi kesana col banyak nongkrong,5,01/07/2026 03:07:44,ChIJeW2XkINshzIR_ZdmogCH7UE
Elmonts Coffee & Roastery,,rico fransisco,mau slow bar yang asik plus liat perkebunan kopi ini slow bar pertama yang gua dpt di manado tepatnya ada d kolongan bs liat d google untuk lokasi tepatnya langsung ktmu ngbrol sama ownernyaa yang humble bgt slow bar yang bs jd tmpat kerja oke buat nongki oke juga cobain langsung vnyaa yang di buat dari biji kopi hasil perkebunan sendiri rekomen dr si baristnya mantaab banget deh pokoknyaa cus langsung main k tmpatnya ajaa sukses selalu buat elmont coffee roastery,5,12/15/2025 14:35:01,ChIJeW2XkINshzIR_ZdmogCH7UE
Elmonts Coffee & Roastery,,Nicholas Pope,jika anda seorang pecinta kopi anda harus pergi ke sini pemiliknya sangat berpengetahuan tentang kopi dan mereka menghasilkan kopi spesial yang luar biasa sekarang orangorang sering kali memuji tentang kopi yang enak dan ini memiliki arti yang berbeda bagi orang yang berbeda jadi izinkan saya menjelaskan lebih lanjut saya penggemar berat kopi spesial yang saya maksud dengan spesialisasi adalah kopi yang memiliki skor cupping dari specialty coffee association umumnya disangrai ringan dengan rasa yang menarik untuk konteksnya saya suka membuat kopi dengan hario v saya memesan cangkir kopi semuanya ditanam dan diproduksi secara lokal dicuci sepenuhnya alami proses madu dan satu fermentasi anaerobik semuanya luar biasa kopi proses alami ringan dan berbuah serta tidak memiliki rasa berumput seperti yang dimiliki beberapa kopi alami bintang pertunjukannya adalah kopi fermentasi anaerobik saya sudah banyak minum kopi spesial termasuk mencicipi langsung dari pertanian di kolombia panama kosta rika dll tapi saya belum pernah mencicipi kopi seperti ini rasanya seperti kue coklat secara harfiah dengan rasa vanilla yang sangat kuat dan mungkin sedikit aroma hazelnut dan tidak pahit sama sekali dan tidak ada rasa funky yang terkadang muncul akibat fermentasi anerobik saya tidak akan bisa mengatakan bahwa itu diproses dengan cara ini dari rasanya rasanya begitu kuat dan bersih saya mengira ada tambahan sirup vanilla ternyata tidak aku tidak menyangka kopi bisa terasa seperti ini selain itu semuanya dibuat dengan hatihati kopi yang berbeda disediakan dalam cangkir yang berbeda dipasangkan dengan mereka untuk memamerkan cita rasa terbaiknya kopi fermentasi anerobik hadir dalam cangkir tembikar buatan tangan di jepang akhirnya pemiliknya sangat berpengetahuan dan bersemangat tentang kopi saya mengobrol dengannya selama beberapa jam dan belajar banyak tentang varietas lokal dan metode pengolahannya dia juga menunjukkan kepada saya laboratorium pertanian kecilnya di belakang tempat dia menguji penanaman berbagai varietas dan metode alami untuk perlindungan hama dan pengayaan tanah jika anda pecinta kopi spesial dan sedang berada di tomohon anda wajib datang ke sini,5,12/15/2025 07:56:03,ChIJeW2XkINshzIR_ZdmogCH7UE
Elmonts Coffee & Roastery,,Ferdi K.,elmont adalah pria yang baik dan kopinya benarbenar nikmat saya juga belajar banyak tentang produksi dan pembuatan kopi dia bahkan menunjukkan tanaman di belakang rumah,5,12/05/2025 12:00:47,ChIJeW2XkINshzIR_ZdmogCH7UE
Elmonts Coffee & Roastery,,Claire Stephens,bisakah saya memberi mereka bintang mengunjungi perkebunan kopi adalah prioritas utama saya di tomohon jadi kami sangat gembira ketika kami mampir ke kedai kopi ini dan mereka menawarkan untuk memberi kami tur tentang perkebunan dan proses budidaya mereka kopinya sangat fenomenal dan kami senang mencoba kopi yang ditanam di lereng gunung mahawu di tomohon merupakan pengalaman yang menyenangkan untuk mempelajari prosesnya dan mengetahui secara pasti dari mana kopi yang kami minum berasal kami sangat merekomendasikan untuk menikmati minuman dengan campuran rumah mereka yang menyajikan biji kopi robusta dan arabika mereka sendiri saya juga menyukai kopi susu mereka pemiliknya adalah orangorang cantik dan baik hati kami sangat merekomendasikan mengunjungi mereka,5,12/03/2025 06:26:42,ChIJeW2XkINshzIR_ZdmogCH7UE
Elmonts Coffee & Roastery,,achel pioh,saya akui kopi di sini enak tapi secara pribadi pemiliknya sangat baik pada awalnya namun setelah sekian lama menjadi pelanggan ada beberapa hal yang dirasa tidak nyaman seperti terlalu tergilagila dengan urusan pribadi seseorang yang tidak masalah sekali dua kali namun jika berulang kali membuat saya ingin mencari toko lain meskipun kualitasnya sedikit lebih rendah,5,11/03/2025 06:44:18,ChIJeW2XkINshzIR_ZdmogCH7UE
Elmonts Coffee & Roastery,,Maud Lempérière,kami mampir suatu pagi untuk minum kopi kopi mereka enak kami bisa mencium semua kafe dan melihat peternakan di belakangnya terima kasih sebesarbesarnya kepada jason robert dan elise karena telah menyambut kami dengan sangat baik kami akan menyimpan kenangan indah tentangnya,5,11/03/2025 00:11:31,ChIJeW2XkINshzIR_ZdmogCH7UE
Elmonts Coffee & Roastery,,Jan,tempat kopi yang sangat bagus pemiliknya sangat ramah menjelaskan banyak hal dan membimbing kami melalui proses pembuatan kopi termasuk perkebunan kecil mereka di belakang toko kami dapat mencium aroma kacang yang berbeda dan sangat senang dengan pilihan kami setelahnya saya memilih campuran rumahan khusus dan harga yang lebih tinggi pasti sepadan mungkin secangkir kopi terbaik yang pernah saya miliki rekomendasi,5,10/29/2025 05:58:06,ChIJeW2XkINshzIR_ZdmogCH7UE
Elmonts Coffee & Roastery,,Eline Jongsma,tempat ini luar biasa mereka menanam biji kopi mereka sendiri dan dengan senang hati menunjukkan perkebunan mereka kepada anda staf yang sangat ramah sangat jelas mereka sangat menyukai kafe mereka mereka membiarkan anda mencium semua biji kopi yang berbeda sehingga anda dapat memilih mana yang ingin anda coba untuk kopi anda membeli beberapa kacang untuk dibawa pulang benarbenar direkomendasikan,5,10/27/2025 04:01:02,ChIJeW2XkINshzIR_ZdmogCH7UE
Elmonts Coffee & Roastery,,Imran realreview,kopi dan orangorangnya sangat enak dan enak direkomendasikan,5,10/11/2025 03:51:47,ChIJeW2XkINshzIR_ZdmogCH7UE
Elmonts Coffee & Roastery,,Georg Brandstetter,kopi super nikmat dengan tur berpemandu,5,09/25/2025 12:53:34,ChIJeW2XkINshzIR_ZdmogCH7UE
Elmonts Coffee & Roastery,,halimah tus sadiyah,klo lagi jalan ke tomohon mandatory banget mampir kesini kopinya sumpah seenak itu ditanam dan diproses sendiri sama ownernya yg humble banget dan certifies internasional dan mereka bahkan punya kebun kopi dan workshop buat baristai love them,5,09/12/2025 17:18:25,ChIJeW2XkINshzIR_ZdmogCH7UE
Elmonts Coffee & Roastery,,Sarah -,kopi yang sangat enak disiapkan dengan banyak cinta,5,09/01/2025 03:27:42,ChIJeW2XkINshzIR_ZdmogCH7UE
Elmonts Coffee & Roastery,,Randy Glover,kopi di sini luar biasa dan pemilik serta perhatian yang mereka berikan menjadikannya istimewa ini adalah permata di tomohon mereka terlibat dalam setiap langkah proses memasukkan biji kopi dari tanaman ke dalam cangkir anda saya berharap setiap kedai kopi bisa seperti ini tanaman lokal kacang lokal pengolahan tangan lokal dan penyajian cangkir,5,08/17/2025 10:08:43,ChIJeW2XkINshzIR_ZdmogCH7UE
Elmonts Coffee & Roastery,,Patrick Bontekoe,tempat yang sangat bagus untuk minum kopi yang enak pemiliknya menyambut orangorang dengan hasrat nyata terhadap kopi mereka menanam kacang mereka sendiri dengan cara yang berkelanjutan dan mereka bangga akan hal itu ajukan saja pertanyaan dan pemiliknya akan mulai bercerita tentang kopi dia memiliki pengetahuan yang luar biasa kami juga menikmati orang tua bermain piano dan bernyanyi sedikit,5,08/11/2025 14:36:24,ChIJeW2XkINshzIR_ZdmogCH7UE
Elmonts Coffee & Roastery,,Stefanie Kainz,kami menyukainya di sana pemiliknya sangat baik dan kami dapat melihat tanaman kopi mereka dan mencicipi kopi mereka yang berbeda mereka menunjukkan kepada kami teknik mereka sangat mempesona,5,08/09/2025 07:12:42,ChIJeW2XkINshzIR_ZdmogCH7UE
Elmonts Coffee & Roastery,,April Zhou,kedai kopi kecil yang indah dengan semua yang anda butuhkan untuk menyegarkan pagi hari kopi produk lokal rasanya enak dan kue musiman merupakan perpaduan yang sempurna staf yang ramah menawarkan rincian varietas biji kopi mereka yang bagus layak untuk menginap,5,08/08/2025 06:36:44,ChIJeW2XkINshzIR_ZdmogCH7UE
Elmonts Coffee & Roastery,,Adrien G,kopi yang luar biasa pemilik yang sangat baik mereka akan mengajari anda semua tentang proses dan varietas kopi beberapa tumbuh di kebun mereka beberapa di pegunungan kami bersenangsenang di sana dan sangat merekomendasikan,5,08/04/2025 09:22:57,ChIJeW2XkINshzIR_ZdmogCH7UE
Elmonts Coffee & Roastery,,JA travellers,surga dan surga bagi pecinta kopi biji kopi lokal dengan kualitas terbaik banyak metode pembuatan bir dan yang paling penting tuan rumah dengan pengetahuan luar biasa yang bersedia membaginya dengan suasana paling ramah terima kasih banyak atas waktumu,5,07/22/2025 10:41:33,ChIJeW2XkINshzIR_ZdmogCH7UE
Elmonts Coffee & Roastery,,Lucas BRICHE,saya menyukai waktu saya di elmonts coffee saya menikmati kopi saring yang enak dari tomohon sendiri saya sangat merekomendasikan mampir ke roaster ini pemiliknya menggemaskan penuh perhatian dan penuh gairah kami bahkan mengadakan tur kecil ke pohon kopi di kaki kedai kopi saya juga mengambil kesempatan untuk membeli biji kopi dan saya menyukainya terima kasih banyak,5,07/15/2025 07:39:35,ChIJeW2XkINshzIR_ZdmogCH7UE
Elmonts Coffee & Roastery,,Jan Kiefte,tempat yang bagus untuk minum kopi dan kue kopi yang diseduh di rumah,4,06/29/2025 06:21:47,ChIJeW2XkINshzIR_ZdmogCH7UE
Elmonts Coffee & Roastery,,gaby bullet,kopi yang sangat enak,4,04/27/2025 07:18:28,ChIJeW2XkINshzIR_ZdmogCH7UE
Elmonts Coffee & Roastery,,Chris Brummitt,sangat menyukai tempat ini banyak jenis kacang yang berbeda termasuk beberapa dari perkebunan tepat di belakang kafe v pengetahuan dan pemilik yang ramah juga anda harus mengunjunginya jika di tomohon,5,04/24/2025 06:51:08,ChIJeW2XkINshzIR_ZdmogCH7UE
Elmonts Coffee & Roastery,,Nikos Fournarakis,tidak hanya kopinya yang luar biasa pastikan anda bertanya tentang campuran spesialnya jika anda cukup beruntung dan kopi tersedia pastikan anda mencobanya kami juga menikmati banyak waktu berkumpul dengan monchi dia membawa kami ke perkebunan kopi di gunung dan mengajak kami berkeliling ke perkebunan kecilnya di belakang kedai kopi tempat ini tidak boleh dilewatkan baik karena kualitas kopinya maupun orang yang menjalankannya terima kasih untuk hari yang menyenangkan monchi dan louise saya berharap dapat bertemu anda lagi dalam waktu dekat,5,04/22/2025 12:38:34,ChIJeW2XkINshzIR_ZdmogCH7UE
Elmonts Coffee & Roastery,,Adrian Stenly,tempat nyaman untuk sharing kopi,5,04/09/2025 11:33:05,ChIJeW2XkINshzIR_ZdmogCH7UE
Elmonts Coffee & Roastery,,Luigi Dosso,perhentian wajib bagi siapa pun yang melewati tomohon kami langsung merasa betah pasangan ini mengelola bar dan memiliki perkebunan kopi di kawasan tersebut dan tanamannya diproduksi secara organik dan memperhatikan lingkungan pilihan jenis kopi yang berbeda dengan aroma yang berbeda kami berasal dari swiss italia dan kami tidak memiliki kedai kopi di mana kami dapat menguji perbedaan minuman yang diminum di seluruh dunia benarbenar direkomendasikan salam untuk keluarga dan terima kasih atas sambutannya,5,04/07/2025 08:17:27,ChIJeW2XkINshzIR_ZdmogCH7UE
RM Rahang Tuna Bitung,,Deny Anyer,soal rasa lain dari pada yg lain terutama rahang tuna nya lomboknya bikin nendang,4,08/08/2025 01:49:11,ChIJkzBowJ0BhzIRl5spauKDit0
RM Rahang Tuna Bitung,,Dewi Angela,makanannya enakk dan nikmat dan ricaanya behh mantaap,5,06/29/2025 09:58:18,ChIJkzBowJ0BhzIRl5spauKDit0
RM Rahang Tuna Bitung,,Danny Mare,enak dan gurih,4,10/06/2023 09:08:11,ChIJkzBowJ0BhzIRl5spauKDit0
RM Rahang Tuna Bitung,,Glendy Kaunang,opo ada suruh rating,5,09/28/2023 09:34:22,ChIJkzBowJ0BhzIRl5spauKDit0
RM TERASA Chinese Food Kakaskasen ll,,Allan Mapaliey,ekspetasi saya untuk rasa nasi gorengnya cukup tinggi tetapi ternyata mediocre ayam mentega rasanya not bad lah fuyunghai enak kita coba lagi di kunjungan berikutnya,4,12/11/2025 01:47:06,ChIJlyFeWnhthzIR8SrVwBimtng
RM TERASA Chinese Food Kakaskasen ll,,CHANDRA VITA,makanan nya enak bersih dah terjangkau paling paling cocok kalo datang makan dengan tmng kampus,5,09/27/2025 05:30:36,ChIJlyFeWnhthzIR8SrVwBimtng
RM TERASA Chinese Food Kakaskasen ll,,Jeroen,makanannya oke jumlah daging yang digunakan sangat sedikit karena banyak dimakan di restoran indonesia menambahkan uang ekstra pada akhirnya layanan buruk staf tidak ramah,1,08/19/2025 11:24:32,ChIJlyFeWnhthzIR8SrVwBimtng
RM TERASA Chinese Food Kakaskasen ll,,Bobby Kamagi,mantap dan cepat,5,02/23/2025 01:44:57,ChIJlyFeWnhthzIR8SrVwBimtng
RM TERASA Chinese Food Kakaskasen ll,,David Star,nya menu ccok sekali dmulu tidak pernah makan situ lalu tidak kenyang ato tidak puasselalu terbaikk sudah coba baron tmhon tapi mmang cuma dsitu itu mantapp,5,08/05/2024 00:48:23,ChIJlyFeWnhthzIR8SrVwBimtng
RM TERASA Chinese Food Kakaskasen ll,,Gérard Schaefer,harga menu yang ditampilkan di google tidak sama dengan di restoran,1,06/08/2024 10:58:28,ChIJlyFeWnhthzIR8SrVwBimtng
RM TERASA Chinese Food Kakaskasen ll,,Marchelline Fratama,makanan enak terutama nasgor nya smoky gitu cuma tempat parkir mobil aja yg susah krn dekat pertigaan rata resto di pinggiran situ tidak ada tempat parkir semua sih sekian,5,06/01/2024 10:34:27,ChIJlyFeWnhthzIR8SrVwBimtng
RM TERASA Chinese Food Kakaskasen ll,,Eting,lokasinya di jalan utama kota tomohon makanan enak porsinya banyak harganya murah meriah,5,05/31/2024 00:05:07,ChIJlyFeWnhthzIR8SrVwBimtng
RM TERASA Chinese Food Kakaskasen ll,,Delon Eduward Pakaya,beberapa menu kosongpdhl mau coba,3,04/08/2024 14:55:05,ChIJlyFeWnhthzIR8SrVwBimtng
RM TERASA Chinese Food Kakaskasen ll,,Donald Alinabur,kurang dalam pelayanan dan kurang ramah khususnya terhadap drifer online,4,03/10/2024 09:29:04,ChIJlyFeWnhthzIR8SrVwBimtng
RM TERASA Chinese Food Kakaskasen ll,,Berny Berny,waktu tunggu yg smpe jam,1,03/03/2024 06:28:25,ChIJlyFeWnhthzIR8SrVwBimtng
RM TERASA Chinese Food Kakaskasen ll,,Ferdinand Assa,makanan non halal mie ba cocok untuk udara yang dingin dan menyejukkan,4,01/15/2024 13:19:43,ChIJlyFeWnhthzIR8SrVwBimtng
RM TERASA Chinese Food Kakaskasen ll,,Harrol Tumanduk,satu chinesse food terbaik di kota tomohon,4,12/22/2023 14:35:45,ChIJlyFeWnhthzIR8SrVwBimtng
RM TERASA Chinese Food Kakaskasen ll,,Michael Victor,porsi banyak harga terjangkau parkiran dibadan jalan,5,11/24/2023 23:31:39,ChIJlyFeWnhthzIR8SrVwBimtng
RM TERASA Chinese Food Kakaskasen ll,,LediV Reivax,makanan enak,5,08/18/2023 19:08:24,ChIJlyFeWnhthzIR8SrVwBimtng
RM TERASA Chinese Food Kakaskasen ll,,Prisillia Manangka,tempat mkang langganan kalo mengidap di tomohon,5,08/17/2023 15:04:21,ChIJlyFeWnhthzIR8SrVwBimtng
RM TERASA Chinese Food Kakaskasen ll,,Franny Leonardo,buka sampe jam malam kalo boleh porsi makanan di tambah,4,08/04/2023 12:16:54,ChIJlyFeWnhthzIR8SrVwBimtng
RM TERASA Chinese Food Kakaskasen ll,,Susan Jkt,rumah makan disini makanan nya enak enak kass kalimantan barat bnyk menu dan pastinya tempat bersih dan higienis,5,05/26/2023 03:57:10,ChIJlyFeWnhthzIR8SrVwBimtng
RM TERASA Chinese Food Kakaskasen ll,,Davide Pusceddu,excellent kwetiau siram telur,4,05/21/2023 05:40:02,ChIJlyFeWnhthzIR8SrVwBimtng
Triple Sari Resto & Cafe,,ku aing,tempat yang nyaman dan wajib dikunjungi saat di kota bitung nyaman bersih ambience dan fasilitasnya terutama gazebo playground dll dan terutama rasa makananmakanannya enak sekali coba dada tuna es brenebon mantap akan datang lagi kalau ke kota bitung,5,01/06/2026 12:10:13,ChIJ7z-BbDMBhzIRdAwmBVpp8ag
Triple Sari Resto & Cafe,,Deny Anyer,suasana tempat cocok untuk makan ramerame rekomendasi buat ngbrol santai meeting kecil kecilan bukan sekala besar kalo bisa usul di ruang utama kasih pendinginac biar sejuk dikit untuk rasa masakannya enak bgt terutama rahang tuna bakar rica woku tuna disini jg tersedia minuman beer tapi klo bisa di percepat penyajian pesanan nya ya,4,11/25/2025 07:03:49,ChIJ7z-BbDMBhzIRdAwmBVpp8ag
Triple Sari Resto & Cafe,,Surya Pradaningrat,makanan enak porsi pas pelayanan cukup baik tapi bisa dipercepat penyajiannya,4,11/19/2025 07:35:46,ChIJ7z-BbDMBhzIRdAwmBVpp8ag
Triple Sari Resto & Cafe,,queenie Melhkisedekh,keramahan terbaik makanan enak suasana nyaman pemandangan alam yang indah,5,11/07/2025 08:07:46,ChIJ7z-BbDMBhzIRdAwmBVpp8ag
Triple Sari Resto & Cafe,,Meryawati Durikase,tempatnya bagus makanannya enak pelayanannya bagus stafnya baik dalam melayani tamu,5,10/25/2025 12:08:10,ChIJ7z-BbDMBhzIRdAwmBVpp8ag
Triple Sari Resto & Cafe,,Grahame Gavin,ruang minum teh di atas kolam ikan,5,10/23/2025 05:20:13,ChIJ7z-BbDMBhzIRdAwmBVpp8ag
Triple Sari Resto & Cafe,,Radiah Puspita,makanan enaakkk tempat nyaman suasana hangattt,5,09/21/2025 06:42:54,ChIJ7z-BbDMBhzIRdAwmBVpp8ag
Triple Sari Resto & Cafe,,Inriani Mawuntu,makanan enak yg paling recommended menurut saya itu perkedel jagung,5,09/07/2025 12:26:59,ChIJ7z-BbDMBhzIRdAwmBVpp8ag
Triple Sari Resto & Cafe,,Zwingly Otniel Poluan,tempat makan yang nyaman makanannya enak,5,09/06/2025 01:41:07,ChIJ7z-BbDMBhzIRdAwmBVpp8ag
Triple Sari Resto & Cafe,,ansye kalesaran,makan mujair dan rahang hambar kayak sambal nya pedes ok tapi hambar minum es palubutung kayak es diserut dikasih sirup merah sebagai penghias hambar pisnagnya bisa dihitung jari dan palubutungnya syukuran sendok doang pesan ukuran yg medium tapi datang nya yg large tanpa konfirmasi kalo emang habis yg medium,2,08/21/2025 07:18:56,ChIJ7z-BbDMBhzIRdAwmBVpp8ag
Triple Sari Resto & Cafe,,Hasrul Habib,oke selamatkan aku,4,06/02/2025 11:28:27,ChIJ7z-BbDMBhzIRdAwmBVpp8ag
Triple Sari Resto & Cafe,,Bimbo8088,ikan fresh dan pelayanan baik tidak sangka dgn harga terjangkau pelayanan sebaik ini topp,5,04/25/2025 08:25:35,ChIJ7z-BbDMBhzIRdAwmBVpp8ag
Triple Sari Resto & Cafe,,MDR88,makananya enak dan fresh,5,01/14/2025 06:48:39,ChIJ7z-BbDMBhzIRdAwmBVpp8ag
Triple Sari Resto & Cafe,,Ifo Fox,suasana yg tenang,5,01/14/2025 04:56:31,ChIJ7z-BbDMBhzIRdAwmBVpp8ag
Triple Sari Resto & Cafe,,Fitraini Hadju,bagus bgt pkoknya,5,12/10/2024 04:08:49,ChIJ7z-BbDMBhzIRdAwmBVpp8ag
Triple Sari Resto & Cafe,,Hiero_81,tempat makan yg suasananya nyaman dan pelayanannya cepat,5,11/09/2024 14:32:45,ChIJ7z-BbDMBhzIRdAwmBVpp8ag
Triple Sari Resto & Cafe,,Dewa Purnama Sidi Putra (DEWAP060),smokol dan makan disini menikmati olahan ikan kota cakalang dan tuna tempatnya bersih dan nyaman menu hanya ada beberapa yaitu olahan ikan,5,09/18/2024 05:02:09,ChIJ7z-BbDMBhzIRdAwmBVpp8ag
Triple Sari Resto & Cafe,,Henra Sigarlaki,lumayan adem untuk kota bitung yg panas,5,07/26/2024 15:24:48,ChIJ7z-BbDMBhzIRdAwmBVpp8ag
Triple Sari Resto & Cafe,,-さんKocai,tempatnya cocok banget untuk yg mau bikin mini gathering atau kumpul santai atau formal dibagi ke dalam beberapa saung yg cocok bgt untuk private occasion surprise ayam lalapannya enak dan lembut banget sambelnya jg sangat friendly untuk yg gk bisa pedes rekomendasi pesen ayam lalapan daging sama klapertaartnya,5,07/20/2024 07:08:31,ChIJ7z-BbDMBhzIRdAwmBVpp8ag
Triple Sari Resto & Cafe,,Steve Rawung,pertanyaan kapan berdirinya triple sari restocafe,4,05/17/2024 11:34:10,ChIJ7z-BbDMBhzIRdAwmBVpp8ag
Triple Sari Resto & Cafe,,Jennie-Rose Schultz,wah keren sekali tempat ini bukan resto saja tapi tempat menarik dan menyenangkan ada kolam dengan banyak ikan ada jembatan yg sambungkan semua ruang ruang makan ada juga tempat bermain untuk anak anak,5,05/10/2024 09:14:36,ChIJ7z-BbDMBhzIRdAwmBVpp8ag
Triple Sari Resto & Cafe,,A______ Seoul,dingin tapi untuk gubuknya kurang,1,02/15/2024 23:21:11,ChIJ7z-BbDMBhzIRdAwmBVpp8ag
Triple Sari Resto & Cafe,,Iyan CA,tempat luas makanan enak agak lama keluar pesanannya,4,10/08/2023 00:35:47,ChIJ7z-BbDMBhzIRdAwmBVpp8ag
Triple Sari Resto & Cafe,,Yohana Setyoningtyas,makanannya enak jika anda menuju ke bitung anda bisa mampir makan di sini sangat merekomendasikan suka suasananya,5,09/19/2023 13:40:02,ChIJ7z-BbDMBhzIRdAwmBVpp8ag
